Date,Equity,DailyReturn
2015-01-01,100000.000000,0.000000
2015-01-02,100000.000000,0.000000
2015-01-03,100000.000000,0.000000
2015-01-04,100000.000000,0.000000
2015-01-05,100000.000000,0.000000
2015-01-06,100000.000000,0.000000
2015-01-07,100000.000000,0.000000
2015-01-08,100000.000000,0.000000
2015-01-09,100000.000000,0.000000
2015-01-10,100000.000000,0.000000
2015-01-11,100000.000000,0.000000
2015-01-12,100000.000000,0.000000
2015-01-13,100000.000000,0.000000
2015-01-14,100000.000000,0.000000
2015-01-15,100000.000000,0.000000
2015-01-16,100000.000000,0.000000
2015-01-17,100000.000000,0.000000
2015-01-18,100000.000000,0.000000
2015-01-19,100000.000000,0.000000
2015-01-20,100000.000000,0.000000
2015-01-21,100000.000000,0.000000
2015-01-22,100000.000000,0.000000
2015-01-23,100000.000000,0.000000
2015-01-24,100000.000000,0.000000
2015-01-25,100000.000000,0.000000
2015-01-26,100000.000000,0.000000
2015-01-27,100000.000000,0.000000
2015-01-28,100000.000000,0.000000
2015-01-29,100000.000000,0.000000
2015-01-30,100000.000000,0.000000
2015-01-31,100000.000000,0.000000
2015-02-01,100000.000000,0.000000
2015-02-02,100000.000000,0.000000
2015-02-03,100000.000000,0.000000
2015-02-04,100000.000000,0.000000
2015-02-05,100000.000000,0.000000
2015-02-06,100000.000000,0.000000
2015-02-07,100000.000000,0.000000
2015-02-08,100000.000000,0.000000
2015-02-09,100000.000000,0.000000
2015-02-10,100000.000000,0.000000
2015-02-11,100000.000000,0.000000
2015-02-12,100000.000000,0.000000
2015-02-13,100000.000000,0.000000
2015-02-14,100000.000000,0.000000
2015-02-15,100000.000000,0.000000
2015-02-16,100000.000000,0.000000
2015-02-17,100000.000000,0.000000
2015-02-18,100000.000000,0.000000
2015-02-19,100000.000000,0.000000
2015-02-20,100000.000000,0.000000
2015-02-21,100000.000000,0.000000
2015-02-22,100000.000000,0.000000
2015-02-23,100000.000000,0.000000
2015-02-24,100000.000000,0.000000
2015-02-25,100000.000000,0.000000
2015-02-26,100000.000000,0.000000
2015-02-27,100000.000000,0.000000
2015-02-28,100000.000000,0.000000
2015-03-01,100000.000000,0.000000
2015-03-02,100000.000000,0.000000
2015-03-03,100000.000000,0.000000
2015-03-04,100000.000000,0.000000
2015-03-05,100000.000000,0.000000
2015-03-06,100000.000000,0.000000
2015-03-07,100000.000000,0.000000
2015-03-08,100000.000000,0.000000
2015-03-09,100000.000000,0.000000
2015-03-10,100000.000000,0.000000
2015-03-11,100000.000000,0.000000
2015-03-12,100000.000000,0.000000
2015-03-13,100000.000000,0.000000
2015-03-14,100000.000000,0.000000
2015-03-15,100000.000000,0.000000
2015-03-16,100000.000000,0.000000
2015-03-17,100000.000000,0.000000
2015-03-18,100000.000000,0.000000
2015-03-19,100000.000000,0.000000
2015-03-20,100000.000000,0.000000
2015-03-21,100000.000000,0.000000
2015-03-22,100000.000000,0.000000
2015-03-23,100000.000000,0.000000
2015-03-24,100000.000000,0.000000
2015-03-25,100000.000000,0.000000
2015-03-26,100000.000000,0.000000
2015-03-27,100000.000000,0.000000
2015-03-28,100000.000000,0.000000
2015-03-29,100000.000000,0.000000
2015-03-30,100000.000000,0.000000
2015-03-31,100000.000000,0.000000
2015-04-01,100000.000000,0.000000
2015-04-02,100000.000000,0.000000
2015-04-03,100000.000000,0.000000
2015-04-04,100000.000000,0.000000
2015-04-05,100000.000000,0.000000
2015-04-06,100000.000000,0.000000
2015-04-07,100000.000000,0.000000
2015-04-08,100000.000000,0.000000
2015-04-09,100000.000000,0.000000
2015-04-10,100000.000000,0.000000
2015-04-11,100000.000000,0.000000
2015-04-12,100000.000000,0.000000
2015-04-13,100000.000000,0.000000
2015-04-14,100000.000000,0.000000
2015-04-15,100000.000000,0.000000
2015-04-16,100000.000000,0.000000
2015-04-17,100000.000000,0.000000
2015-04-18,100000.000000,0.000000
2015-04-19,100000.000000,0.000000
2015-04-20,100000.000000,0.000000
2015-04-21,100000.000000,0.000000
2015-04-22,100000.000000,0.000000
2015-04-23,100000.000000,0.000000
2015-04-24,100000.000000,0.000000
2015-04-25,100000.000000,0.000000
2015-04-26,100000.000000,0.000000
2015-04-27,100000.000000,0.000000
2015-04-28,100000.000000,0.000000
2015-04-29,100000.000000,0.000000
2015-04-30,100000.000000,0.000000
2015-05-01,100000.000000,0.000000
2015-05-02,100000.000000,0.000000
2015-05-03,100000.000000,0.000000
2015-05-04,100000.000000,0.000000
2015-05-05,100000.000000,0.000000
2015-05-06,100000.000000,0.000000
2015-05-07,100000.000000,0.000000
2015-05-08,100000.000000,0.000000
2015-05-09,100000.000000,0.000000
2015-05-10,100000.000000,0.000000
2015-05-11,100000.000000,0.000000
2015-05-12,100000.000000,0.000000
2015-05-13,100000.000000,0.000000
2015-05-14,100000.000000,0.000000
2015-05-15,100000.000000,0.000000
2015-05-16,100000.000000,0.000000
2015-05-17,100000.000000,0.000000
2015-05-18,100000.000000,0.000000
2015-05-19,100000.000000,0.000000
2015-05-20,100000.000000,0.000000
2015-05-21,100000.000000,0.000000
2015-05-22,100000.000000,0.000000
2015-05-23,100000.000000,0.000000
2015-05-24,100000.000000,0.000000
2015-05-25,100000.000000,0.000000
2015-05-26,100000.000000,0.000000
2015-05-27,100000.000000,0.000000
2015-05-28,100000.000000,0.000000
2015-05-29,100000.000000,0.000000
2015-05-30,100000.000000,0.000000
2015-05-31,100000.000000,0.000000
2015-06-01,100000.000000,0.000000
2015-06-02,100000.000000,0.000000
2015-06-03,100000.000000,0.000000
2015-06-04,100000.000000,0.000000
2015-06-05,100000.000000,0.000000
2015-06-06,100000.000000,0.000000
2015-06-07,100000.000000,0.000000
2015-06-08,100000.000000,0.000000
2015-06-09,100000.000000,0.000000
2015-06-10,100000.000000,0.000000
2015-06-11,100000.000000,0.000000
2015-06-12,100000.000000,0.000000
2015-06-13,100000.000000,0.000000
2015-06-14,100000.000000,0.000000
2015-06-15,100000.000000,0.000000
2015-06-16,100000.000000,0.000000
2015-06-17,100000.000000,0.000000
2015-06-18,100000.000000,0.000000
2015-06-19,100000.000000,0.000000
2015-06-20,100000.000000,0.000000
2015-06-21,100000.000000,0.000000
2015-06-22,100000.000000,0.000000
2015-06-23,100000.000000,0.000000
2015-06-24,100000.000000,0.000000
2015-06-25,100000.000000,0.000000
2015-06-26,100000.000000,0.000000
2015-06-27,100000.000000,0.000000
2015-06-28,100000.000000,0.000000
2015-06-29,100000.000000,0.000000
2015-06-30,100000.000000,0.000000
2015-07-01,100000.000000,0.000000
2015-07-02,100000.000000,0.000000
2015-07-03,100000.000000,0.000000
2015-07-04,100000.000000,0.000000
2015-07-05,100000.000000,0.000000
2015-07-06,100000.000000,0.000000
2015-07-07,100000.000000,0.000000
2015-07-08,100000.000000,0.000000
2015-07-09,100000.000000,0.000000
2015-07-10,100000.000000,0.000000
2015-07-11,100000.000000,0.000000
2015-07-12,100000.000000,0.000000
2015-07-13,100000.000000,0.000000
2015-07-14,100000.000000,0.000000
2015-07-15,100000.000000,0.000000
2015-07-16,100000.000000,0.000000
2015-07-17,100000.000000,0.000000
2015-07-18,100000.000000,0.000000
2015-07-19,99900.000000,-0.001000
2015-07-20,101861.412791,0.019634
2015-07-21,100712.022616,-0.011284
2015-07-22,101219.165287,0.005036
2015-07-23,100790.889687,-0.004231
2015-07-24,105255.938042,0.044300
2015-07-25,105408.914307,0.001453
2015-07-26,106865.381169,0.013817
2015-07-27,107207.859024,0.003205
2015-07-28,107501.053318,0.002735
2015-07-29,105734.968023,-0.016429
2015-07-30,105052.920521,-0.006451
2015-07-31,103931.276574,-0.010677
2015-08-01,102818.034120,-0.010711
2015-08-02,103187.900398,0.003597
2015-08-03,102681.470852,-0.004908
2015-08-04,104138.661980,0.014191
2015-08-05,102920.623709,-0.011696
2015-08-06,101713.906283,-0.011725
2015-08-07,102081.945181,0.003618
2015-08-08,95295.109565,-0.066484
2015-08-09,96786.987496,0.015655
2015-08-10,96563.166807,-0.002313
2015-08-11,98723.208605,0.022369
2015-08-12,97259.086802,-0.014831
2015-08-13,96420.764836,-0.008619
2015-08-14,97004.958338,0.006059
2015-08-15,95497.380535,-0.015541
2015-08-16,94385.954319,-0.011638
2015-08-17,94192.084843,-0.002054
2015-08-18,77069.066758,-0.181788
2015-08-19,82766.761287,0.073930
2015-08-20,85930.887407,0.038229
2015-08-21,84915.487810,-0.011816
2015-08-22,84119.892007,-0.009369
2015-08-23,83308.964036,-0.009640
2015-08-24,76855.837077,-0.077460
2015-08-25,80913.775133,0.052799
2015-08-26,82455.309902,0.019052
2015-08-27,82067.554236,-0.004703
2015-08-28,84487.201067,0.029484
2015-08-29,83897.168861,-0.006984
2015-08-30,83525.113069,-0.004435
2015-08-31,83997.942213,0.005661
2015-09-01,83291.436782,-0.008411
2015-09-02,83716.068764,0.005098
2015-09-03,82948.953355,-0.009163
2015-09-04,84086.302747,0.013711
2015-09-05,85810.029584,0.020499
2015-09-06,87570.270604,0.020513
2015-09-07,87572.827822,0.000029
2015-09-08,88945.675310,0.015677
2015-09-09,86959.791792,-0.022327
2015-09-10,87072.615827,0.001297
2015-09-11,87667.756899,0.006835
2015-09-12,85886.707140,-0.020316
2015-09-13,84164.434408,-0.020053
2015-09-14,84128.418938,-0.000428
2015-09-15,84128.418938,0.000000
2015-09-16,84128.418938,0.000000
2015-09-17,84128.418938,0.000000
2015-09-18,84128.418938,0.000000
2015-09-19,84128.418938,0.000000
2015-09-20,84128.418938,0.000000
2015-09-21,84128.418938,0.000000
2015-09-22,84128.418938,0.000000
2015-09-23,84128.418938,0.000000
2015-09-24,84128.418938,0.000000
2015-09-25,84128.418938,0.000000
2015-09-26,84128.418938,0.000000
2015-09-27,84128.418938,0.000000
2015-09-28,84128.418938,0.000000
2015-09-29,84128.418938,0.000000
2015-09-30,84128.418938,0.000000
2015-10-01,84128.418938,0.000000
2015-10-02,84128.418938,0.000000
2015-10-03,84128.418938,0.000000
2015-10-04,84128.418938,0.000000
2015-10-05,84128.418938,0.000000
2015-10-06,84128.418938,0.000000
2015-10-07,84128.418938,0.000000
2015-10-08,84128.418938,0.000000
2015-10-09,84128.418938,0.000000
2015-10-10,84128.418938,0.000000
2015-10-11,84128.418938,0.000000
2015-10-12,84128.418938,0.000000
2015-10-13,84128.418938,0.000000
2015-10-14,84128.418938,0.000000
2015-10-15,84128.418938,0.000000
2015-10-16,84128.418938,0.000000
2015-10-17,84128.418938,0.000000
2015-10-18,84128.418938,0.000000
2015-10-19,84128.418938,0.000000
2015-10-20,84128.418938,0.000000
2015-10-21,84128.418938,0.000000
2015-10-22,84128.418938,0.000000
2015-10-23,84128.418938,0.000000
2015-10-24,84128.418938,0.000000
2015-10-25,84128.418938,0.000000
2015-10-26,84128.418938,0.000000
2015-10-27,84128.418938,0.000000
2015-10-28,84044.290519,-0.001000
2015-10-29,86595.251094,0.030353
2015-10-30,90502.119535,0.045116
2015-10-31,86681.055034,-0.042221
2015-11-01,89789.167946,0.035857
2015-11-02,99655.101662,0.109879
2015-11-03,111306.163491,0.116914
2015-11-04,113553.712777,0.020192
2015-11-05,106598.340568,-0.061252
2015-11-06,103319.443616,-0.030759
2015-11-07,106633.654292,0.032077
2015-11-08,103015.395316,-0.033932
2015-11-09,104916.122407,0.018451
2015-11-10,92931.213692,-0.114233
2015-11-11,85830.713360,-0.076406
2015-11-12,93299.001833,0.087012
2015-11-13,92913.001106,-0.004137
2015-11-14,91851.585413,-0.011424
2015-11-15,88336.505830,-0.038269
2015-11-16,91257.003006,0.033061
2015-11-17,92455.269904,0.013131
2015-11-18,92316.212643,-0.001504
2015-11-19,89987.266654,-0.025228
2015-11-20,88848.596928,-0.012654
2015-11-21,90201.927617,0.015232
2015-11-22,89542.232900,-0.007314
2015-11-23,89131.123560,-0.004591
2015-11-24,88303.398162,-0.009287
2015-11-25,90554.812255,0.025496
2015-11-26,97308.498811,0.074581
2015-11-27,98786.816844,0.015192
2015-11-28,98604.446804,-0.001846
2015-11-29,102443.159743,0.038930
2015-11-30,104106.062290,0.016232
2015-12-01,100013.509858,-0.039311
2015-12-02,99102.737426,-0.009106
2015-12-03,99615.645270,0.005176
2015-12-04,100205.268263,0.005919
2015-12-05,107314.323374,0.070945
2015-12-06,107268.518257,-0.000427
2015-12-07,109131.733989,0.017370
2015-12-08,114657.346641,0.050633
2015-12-09,115209.163573,0.004813
2015-12-10,114634.174641,-0.004991
2015-12-11,124693.517094,0.087752
2015-12-12,120019.357563,-0.037485
2015-12-13,119676.678036,-0.002855
2015-12-14,122553.576150,0.024039
2015-12-15,128386.007302,0.047591
2015-12-16,125520.139464,-0.022322
2015-12-17,125835.782185,0.002515
2015-12-18,127915.578652,0.016528
2015-12-19,127558.551346,-0.002791
2015-12-20,122140.538617,-0.042475
2015-12-21,121024.215725,-0.009140
2015-12-22,120453.908345,-0.004712
2015-12-23,122062.181556,0.013352
2015-12-24,125534.209381,0.028445
2015-12-25,125718.524455,0.001468
2015-12-26,115129.425623,-0.084229
2015-12-27,116660.444799,0.013298
2015-12-28,116510.348842,-0.001287
2015-12-29,119463.675825,0.025348
2015-12-30,117708.068436,-0.014696
2015-12-31,118797.076660,0.009252
2016-01-01,119836.431800,0.008749
2016-01-02,119589.210472,-0.002063
2016-01-03,118643.671620,-0.007907
2016-01-04,119493.474411,0.007163
2016-01-05,119181.418635,-0.002611
2016-01-06,118393.705353,-0.006609
2016-01-07,126379.322200,0.067450
2016-01-08,125049.997096,-0.010519
2016-01-09,123499.662306,-0.012398
2016-01-10,123604.508871,0.000849
2016-01-11,123725.084104,0.000975
2016-01-12,120210.560244,-0.028406
2016-01-13,119294.819978,-0.007618
2016-01-14,118725.068322,-0.004776
2016-01-15,100522.005591,-0.153321
2016-01-16,106924.466261,0.063692
2016-01-17,105479.533759,-0.013514
2016-01-18,106822.928779,0.012736
2016-01-19,104886.323821,-0.018129
2016-01-20,115945.017717,0.105435
2016-01-21,113194.757277,-0.023720
2016-01-22,105532.782207,-0.067688
2016-01-23,106912.046675,0.013070
2016-01-24,111183.112760,0.039949
2016-01-25,108080.523407,-0.027905
2016-01-26,108198.336861,0.001090
2016-01-27,108976.114474,0.007188
2016-01-28,104924.955048,-0.037175
2016-01-29,104700.088974,-0.002143
2016-01-30,104363.758171,-0.003212
2016-01-31,101745.936826,-0.025084
2016-02-01,102929.308641,0.011631
2016-02-02,103313.372754,0.003731
2016-02-03,102072.062519,-0.012015
2016-02-04,107492.281303,0.053102
2016-02-05,106652.144739,-0.007816
2016-02-06,103885.608328,-0.025940
2016-02-07,103912.645134,0.000260
2016-02-08,103037.186426,-0.008425
2016-02-09,103749.582288,0.006914
2016-02-10,105300.186520,0.014946
2016-02-11,104749.750477,-0.005227
2016-02-12,106021.415022,0.012140
2016-02-13,108117.487462,0.019770
2016-02-14,112358.207658,0.039223
2016-02-15,110414.428810,-0.017300
2016-02-16,112429.390830,0.018249
2016-02-17,114866.761908,0.021679
2016-02-18,116536.282621,0.014534
2016-02-19,116098.144895,-0.003760
2016-02-20,120617.249054,0.038925
2016-02-21,121068.084228,0.003738
2016-02-22,120778.375287,-0.002393
2016-02-23,116084.622281,-0.038863
2016-02-24,117248.678483,0.010028
2016-02-25,117135.285560,-0.000967
2016-02-26,119234.397641,0.017920
2016-02-27,119335.657260,0.000849
2016-02-28,119607.423058,0.002277
2016-02-29,120764.305370,0.009672
2016-03-01,120054.115564,-0.005881
2016-03-02,116982.158382,-0.025588
2016-03-03,116337.080885,-0.005514
2016-03-04,113381.547848,-0.025405
2016-03-05,110520.656264,-0.025232
2016-03-06,112489.813167,0.017817
2016-03-07,114314.675534,0.016222
2016-03-08,114218.375329,-0.000842
2016-03-09,114463.382181,0.002145
2016-03-10,115089.977650,0.005474
2016-03-11,116347.841720,0.010929
2016-03-12,113570.544473,-0.023871
2016-03-13,114244.039666,0.005930
2016-03-14,114898.766549,0.005731
2016-03-15,115006.922196,0.000941
2016-03-16,115056.861561,0.000434
2016-03-17,116052.895502,0.008657
2016-03-18,112997.761597,-0.026325
2016-03-19,113244.974504,0.002188
2016-03-20,114158.508715,0.008067
2016-03-21,114034.902261,-0.001083
2016-03-22,115354.291696,0.011570
2016-03-23,115341.046945,-0.000115
2016-03-24,114886.633245,-0.003940
2016-03-25,115102.666678,0.001880
2016-03-26,115314.565862,0.001841
2016-03-27,117748.080553,0.021103
2016-03-28,117048.921023,-0.005938
2016-03-29,114920.288218,-0.018186
2016-03-30,114451.248878,-0.004081
2016-03-31,114979.060224,0.004612
2016-04-01,115318.700110,0.002954
2016-04-02,116122.419922,0.006970
2016-04-03,116130.974702,0.000074
2016-04-04,116279.967631,0.001283
2016-04-05,116993.466520,0.006136
2016-04-06,116823.229784,-0.001455
2016-04-07,116638.923131,-0.001578
2016-04-08,115977.847524,-0.005668
2016-04-09,115719.048616,-0.002231
2016-04-10,116313.075300,0.005133
2016-04-11,116566.636931,0.002180
2016-04-12,117313.521351,0.006407
2016-04-13,116911.800376,-0.003424
2016-04-14,117062.999360,0.001293
2016-04-15,118561.458172,0.012800
2016-04-16,118798.457549,0.001999
2016-04-17,117922.998841,-0.007369
2016-04-18,118251.886313,0.002789
2016-04-19,120160.620879,0.016141
2016-04-20,121782.964007,0.013501
2016-04-21,124000.158984,0.018206
2016-04-22,122982.611794,-0.008206
2016-04-23,124236.619477,0.010197
2016-04-24,126519.204626,0.018373
2016-04-25,127311.338438,0.006261
2016-04-26,128597.898066,0.010106
2016-04-27,122692.911273,-0.045918
2016-04-28,123885.932475,0.009724
2016-04-29,125565.110995,0.013554
2016-04-30,123694.729794,-0.014896
2016-05-01,124676.138094,0.007934
2016-05-02,122687.943439,-0.015947
2016-05-03,124242.681919,0.012672
2016-05-04,123254.377592,-0.007955
2016-05-05,123600.374622,0.002807
2016-05-06,126808.357844,0.025954
2016-05-07,126513.967350,-0.002322
2016-05-08,126517.276433,0.000026
2016-05-09,127051.158641,0.004220
2016-05-10,124405.744766,-0.020822
2016-05-11,124911.487139,0.004065
2016-05-12,125473.787044,0.004502
2016-05-13,125723.214427,0.001988
2016-05-14,125723.483869,0.000002
2016-05-15,126246.883105,0.004163
2016-05-16,125307.415115,-0.007442
2016-05-17,125202.568550,-0.000837
2016-05-18,125433.227624,0.001842
2016-05-19,121045.181670,-0.034983
2016-05-20,122138.054700,0.009029
2016-05-21,122279.318016,0.001157
2016-05-22,121212.934489,-0.008721
2016-05-23,122546.124399,0.010999
2016-05-24,123049.930159,0.004111
2016-05-25,124048.170155,0.008112
2016-05-26,125092.484710,0.008419
2016-05-27,130632.723003,0.044289
2016-05-28,146242.517280,0.119494
2016-05-29,145192.131863,-0.007182
2016-05-30,147297.601088,0.014501
2016-05-31,146613.892365,-0.004642
2016-06-01,148140.768873,0.010414
2016-06-02,148431.025118,0.001959
2016-06-03,157045.435069,0.058036
2016-06-04,158020.225203,0.006207
2016-06-05,158641.019251,0.003929
2016-06-06,161554.611979,0.018366
2016-06-07,159087.989619,-0.015268
2016-06-08,160480.785121,0.008755
2016-06-09,158545.283190,-0.012061
2016-06-10,159328.853803,0.004942
2016-06-11,167401.113048,0.050664
2016-06-12,185626.800476,0.108874
2016-06-13,194343.295212,0.046957
2016-06-14,189151.537866,-0.026714
2016-06-15,191609.874888,0.012997
2016-06-16,211430.860217,0.103444
2016-06-17,206630.332454,-0.022705
2016-06-18,208649.428722,0.009772
2016-06-19,210733.645720,0.009989
2016-06-20,203406.898425,-0.034768
2016-06-21,183934.924508,-0.095729
2016-06-22,164473.458823,-0.105806
2016-06-23,172160.534088,0.046737
2016-06-24,183561.629649,0.066224
2016-06-25,183513.062754,-0.000265
2016-06-26,173647.684761,-0.053758
2016-06-27,180795.926823,0.041165
2016-06-28,178513.046972,-0.012627
2016-06-29,176551.072379,-0.010991
2016-06-30,185779.371930,0.052270
2016-07-01,186595.797610,0.004395
2016-07-02,194157.346647,0.040524
2016-07-03,181730.974283,-0.064002
2016-07-04,188628.130210,0.037953
2016-07-05,185031.670765,-0.019066
2016-07-06,186881.355463,0.009997
2016-07-07,176736.482059,-0.054285
2016-07-08,183899.341342,0.040528
2016-07-09,179605.381118,-0.023350
2016-07-10,179163.917469,-0.002458
2016-07-11,178694.600267,-0.002619
2016-07-12,183355.254023,0.026082
2016-07-13,180573.266805,-0.015173
2016-07-14,181569.292326,0.005516
2016-07-15,182997.670993,0.007867
2016-07-16,182311.217331,-0.003751
2016-07-17,187468.486119,0.028288
2016-07-18,185715.648930,-0.009350
2016-07-19,185648.877868,-0.000360
2016-07-20,183668.126545,-0.010669
2016-07-21,183482.447422,-0.001011
2016-07-22,179511.295388,-0.021643
2016-07-23,180873.458719,0.007588
2016-07-24,182454.122558,0.008739
2016-07-25,180470.895738,-0.010870
2016-07-26,179832.722689,-0.003536
2016-07-27,180541.253744,0.003940
2016-07-28,180729.694645,0.001044
2016-07-29,181269.656136,0.002988
2016-07-30,180733.012148,-0.002960
2016-07-31,172354.784830,-0.046357
2016-08-01,167275.569981,-0.029470
2016-08-02,151050.235772,-0.096998
2016-08-03,156262.133898,0.034504
2016-08-04,159554.831324,0.021072
2016-08-05,158659.240257,-0.005613
2016-08-06,162172.930531,0.022146
2016-08-07,163528.189413,0.008357
2016-08-08,163076.806935,-0.002760
2016-08-09,162179.279255,-0.005504
2016-08-10,163366.238014,0.007319
2016-08-11,162543.194169,-0.005038
2016-08-12,162112.508193,-0.002650
2016-08-13,161568.690317,-0.003355
2016-08-14,157398.336547,-0.025812
2016-08-15,156506.315584,-0.005667
2016-08-16,159320.315864,0.017980
2016-08-17,158155.148215,-0.007313
2016-08-18,158459.196515,0.001922
2016-08-19,158821.191656,0.002284
2016-08-20,160495.132900,0.010540
2016-08-21,160387.793999,-0.000669
2016-08-22,161890.117617,0.009367
2016-08-23,160969.131655,-0.005689
2016-08-24,160077.127532,-0.005541
2016-08-25,159409.147478,-0.004173
2016-08-26,159930.618520,0.003271
2016-08-27,157253.208424,-0.016741
2016-08-28,158347.176062,0.006957
2016-08-29,158400.980233,0.000340
2016-08-30,159337.964306,0.005915
2016-08-31,158777.592595,-0.003517
2016-09-01,157903.236915,-0.005507
2016-09-02,158795.527319,0.005651
2016-09-03,165051.748418,0.039398
2016-09-04,167927.265643,0.017422
2016-09-05,167363.323827,-0.003358
2016-09-06,168424.453238,0.006340
2016-09-07,169557.894108,0.006730
2016-09-08,172805.881026,0.019156
2016-09-09,171852.629401,-0.005516
2016-09-10,172031.404076,0.001040
2016-09-11,167398.906993,-0.026928
2016-09-12,167819.387858,0.002512
2016-09-13,168094.757440,0.001641
2016-09-14,168492.891471,0.002369
2016-09-15,167519.212784,-0.005779
2016-09-16,167468.995557,-0.000300
2016-09-17,167196.118312,-0.001629
2016-09-18,168269.406287,0.006419
2016-09-19,168090.884213,-0.001061
2016-09-20,167838.434029,-0.001502
2016-09-21,164758.460952,-0.018351
2016-09-22,164523.659210,-0.001425
2016-09-23,166329.205963,0.010974
2016-09-24,166269.339350,-0.000360
2016-09-25,165772.976921,-0.002985
2016-09-26,167764.219637,0.012012
2016-09-27,167246.335539,-0.003087
2016-09-28,166849.582398,-0.002372
2016-09-29,167115.824637,0.001596
2016-09-30,168231.044502,0.006673
2016-10-01,169403.099759,0.006967
2016-10-02,168550.282587,-0.005034
2016-10-03,168892.675832,0.002031
2016-10-04,168360.443956,-0.003151
2016-10-05,168996.966673,0.003781
2016-10-06,169137.682685,0.000833
2016-10-07,170268.900660,0.006688
2016-10-08,170817.130647,0.003220
2016-10-09,170167.102156,-0.003805
2016-10-10,170785.690150,0.003635
2016-10-11,176877.198071,0.035668
2016-10-12,175530.763410,-0.007612
2016-10-13,175694.651422,0.000934
2016-10-14,176685.709109,0.005641
2016-10-15,176207.837127,-0.002705
2016-10-16,177031.419857,0.004674
2016-10-17,176358.758250,-0.003800
2016-10-18,176018.571060,-0.001929
2016-10-19,173965.811399,-0.011662
2016-10-20,174058.785681,0.000534
2016-10-21,174602.603558,0.003124
2016-10-22,181352.981031,0.038661
2016-10-23,181291.447246,-0.000339
2016-10-24,180378.190897,-0.005038
2016-10-25,181434.099872,0.005854
2016-10-26,187149.820597,0.031503
2016-10-27,189911.380755,0.014756
2016-10-28,190280.549785,0.001944
2016-10-29,197130.805988,0.036001
2016-10-30,193650.223384,-0.017656
2016-10-31,193404.105083,-0.001271
2016-11-01,201356.075378,0.041116
2016-11-02,204400.987333,0.015122
2016-11-03,190018.163933,-0.070366
2016-11-04,194028.486077,0.021105
2016-11-05,194078.989586,0.000260
2016-11-06,196314.936032,0.011521
2016-11-07,193999.790519,-0.011793
2016-11-08,195853.079002,0.009553
2016-11-09,199557.146790,0.018912
2016-11-10,197421.887399,-0.010700
2016-11-11,197663.863031,0.001226
2016-11-12,194530.372064,-0.015853
2016-11-13,193696.297942,-0.004288
2016-11-14,194521.261561,0.004259
2016-11-15,196341.711817,0.009359
2016-11-16,205330.528074,0.045781
2016-11-17,204441.824615,-0.004328
2016-11-18,207368.670514,0.014316
2016-11-19,207377.225293,0.000041
2016-11-20,201696.262568,-0.027394
2016-11-21,203964.777799,0.011247
2016-11-22,207302.994060,0.016367
2016-11-23,205439.786749,-0.008988
2016-11-24,204252.002823,-0.005782
2016-11-25,204627.234296,0.001837
2016-11-26,202898.124830,-0.008450
2016-11-27,201974.646531,-0.004551
2016-11-28,203017.032892,0.005161
2016-11-29,202959.372334,-0.000284
2016-11-30,205742.454160,0.013713
2016-12-01,208800.349845,0.014863
2016-12-02,214641.327355,0.027974
2016-12-03,212768.201215,-0.008727
2016-12-04,213517.838994,0.003523
2016-12-05,209331.756556,-0.019605
2016-12-06,210855.871285,0.007281
2016-12-07,211934.127093,0.005114
2016-12-08,212673.004038,0.003486
2016-12-09,213220.408859,0.002574
2016-12-10,213732.499957,0.002402
2016-12-11,212375.304461,-0.006350
2016-12-12,215232.600680,0.013454
2016-12-13,215362.016974,0.000601
2016-12-14,215617.228937,0.001185
2016-12-15,214681.070030,-0.004342
2016-12-16,216562.481507,0.008764
2016-12-17,218196.410635,0.007545
2016-12-18,218113.927745,-0.000378
2016-12-19,218716.500788,0.002763
2016-12-20,220968.462185,0.010296
2016-12-21,230185.192576,0.041711
2016-12-22,238533.899171,0.036270
2016-12-23,254383.193582,0.066445
2016-12-24,247992.605194,-0.025122
2016-12-25,247264.472244,-0.002936
2016-12-26,250417.278825,0.012751
2016-12-27,257477.228156,0.028193
2016-12-28,269264.871748,0.045781
2016-12-29,268596.066528,-0.002484
2016-12-30,265213.695482,-0.012593
2016-12-31,265904.847537,0.002606
2017-01-01,275446.322731,0.035883
2017-01-02,281909.475180,0.023464
2017-01-03,288004.283765,0.021620
2017-01-04,318599.777606,0.106233
2017-01-05,279600.122667,-0.122410
2017-01-06,248924.890875,-0.109711
2017-01-07,250686.299683,0.007076
2017-01-08,251407.511345,0.002877
2017-01-09,249097.889390,-0.009187
2017-01-10,250436.324996,0.005373
2017-01-11,214589.746079,-0.143136
2017-01-12,222060.510049,0.034814
2017-01-13,227344.163910,0.023794
2017-01-14,225806.796009,-0.006762
2017-01-15,226741.018303,0.004137
2017-01-16,229427.269460,0.011847
2017-01-17,250507.777610,0.091883
2017-01-18,244625.407093,-0.023482
2017-01-19,248061.851753,0.014048
2017-01-20,246945.250999,-0.004501
2017-01-21,254329.389410,0.029902
2017-01-22,255125.101747,0.003129
2017-01-23,254115.014729,-0.003959
2017-01-24,246299.904061,-0.030754
2017-01-25,248743.068139,0.009919
2017-01-26,253169.745319,0.017796
2017-01-27,253766.811644,0.002358
2017-01-28,254274.490631,0.002001
2017-01-29,253696.723080,-0.002272
2017-01-30,253941.191049,0.000964
2017-01-31,267742.407351,0.054348
2017-02-01,272879.821641,0.019188
2017-02-02,279164.182575,0.023030
2017-02-03,284160.897694,0.017899
2017-02-04,287744.945973,0.012613
2017-02-05,283451.794075,-0.014920
2017-02-06,286434.380760,0.010522
2017-02-07,292835.443700,0.022347
2017-02-08,293309.998178,0.001621
2017-02-09,274358.686978,-0.064612
2017-02-10,272783.529856,-0.005741
2017-02-11,277136.262086,0.015957
2017-02-12,275682.505363,-0.005246
2017-02-13,273326.522567,-0.008546
2017-02-14,277163.846196,0.014039
2017-02-15,277972.255981,0.002917
2017-02-16,283479.378186,0.019812
2017-02-17,288658.185482,0.018269
2017-02-18,290923.416891,0.007847
2017-02-19,289116.202966,-0.006212
2017-02-20,297975.619769,0.030643
2017-02-21,307720.725651,0.032704
2017-02-22,308311.140130,0.001919
2017-02-23,321907.917420,0.044101
2017-02-24,323828.263246,0.005966
2017-02-25,315595.130369,-0.025424
2017-02-26,321488.531162,0.018674
2017-02-27,325563.704595,0.012676
2017-02-28,325563.704595,0.000000
2017-03-01,337298.099739,0.036043
2017-03-02,345164.252800,0.023321
2017-03-03,351780.532427,0.019168
2017-03-04,346306.517891,-0.015561
2017-03-05,349609.134146,0.009537
2017-03-06,351184.560710,0.004506
2017-03-07,337585.055321,-0.038725
2017-03-08,317294.735951,-0.060104
2017-03-09,327914.450114,0.033470
2017-03-10,308112.494117,-0.060388
2017-03-11,324421.439504,0.052932
2017-03-12,336989.083604,0.038739
2017-03-13,339897.169614,0.008630
2017-03-14,342126.497895,0.006559
2017-03-15,344777.974212,0.007750
2017-03-16,327726.851218,-0.049455
2017-03-17,303562.766207,-0.073732
2017-03-18,268684.628700,-0.114896
2017-03-19,286045.340392,0.064614
2017-03-20,290870.976769,0.016870
2017-03-21,309166.483319,0.062899
2017-03-22,289466.612107,-0.063719
2017-03-23,286555.764318,-0.010056
2017-03-24,258669.710474,-0.097315
2017-03-25,268397.959400,0.037609
2017-03-26,266727.605100,-0.006223
2017-03-27,288536.801924,0.081766
2017-03-28,288917.556954,0.001320
2017-03-29,286936.519349,-0.006857
2017-03-30,283200.741621,-0.013020
2017-03-31,295715.945599,0.044192
2017-04-01,298119.097561,0.008127
2017-04-02,304098.046145,0.020056
2017-04-03,315586.878712,0.037780
2017-04-04,312673.269144,-0.009232
2017-04-05,310336.332520,-0.007474
2017-04-06,326311.439440,0.051477
2017-04-07,324716.680423,-0.004887
2017-04-08,324454.547172,-0.000807
2017-04-09,327743.388212,0.010137
2017-04-10,327539.218642,-0.000623
2017-04-11,332472.463362,0.015062
2017-04-12,331192.244038,-0.003851
2017-04-13,322614.259259,-0.025900
2017-04-14,322134.181223,-0.001488
2017-04-15,323508.199995,0.004265
2017-04-16,326383.144656,0.008887
2017-04-17,329409.886125,0.009274
2017-04-18,334310.023176,0.014876
2017-04-19,333929.268146,-0.001139
2017-04-20,339113.565320,0.015525
2017-04-21,337173.954401,-0.005720
2017-04-22,339839.205933,0.007905
2017-04-23,333079.448515,-0.019891
2017-04-24,344926.975561,0.035570
2017-04-25,349159.402000,0.012270
2017-04-26,353460.805555,0.012319
2017-04-27,363572.857571,0.028609
2017-04-28,363227.971989,-0.000949
2017-04-29,364693.062110,0.004034
2017-04-30,371894.266338,0.019746
2017-05-01,392231.468592,0.054685
2017-05-02,400845.322819,0.021961
2017-05-03,411128.436737,0.025654
2017-05-04,424256.183107,0.031931
2017-05-05,429161.810036,0.011563
2017-05-06,435604.299662,0.015012
2017-05-07,440545.796039,0.011344
2017-05-08,475486.848221,0.079313
2017-05-09,484318.680913,0.018574
2017-05-10,493084.298268,0.018099
2017-05-11,510036.098256,0.034379
2017-05-12,475732.410797,-0.067257
2017-05-13,497989.958878,0.046786
2017-05-14,499093.592742,0.002216
2017-05-15,479647.569444,-0.038963
2017-05-16,478549.425458,-0.002289
2017-05-17,507420.491386,0.060330
2017-05-18,521094.531130,0.026948
2017-05-19,548426.006263,0.052450
2017-05-20,575194.651027,0.048810
2017-05-21,563184.347417,-0.020880
2017-05-22,599659.433156,0.064766
2017-05-23,640223.501222,0.067645
2017-05-24,674220.934325,0.053102
2017-05-25,635963.490673,-0.056743
2017-05-26,607666.302229,-0.044495
2017-05-27,562541.492816,-0.074259
2017-05-28,594803.484570,0.057350
2017-05-29,622341.924732,0.046298
2017-05-30,600230.582541,-0.035529
2017-05-31,630839.851598,0.050996
2017-06-01,664354.444885,0.053127
2017-06-02,686612.026646,0.033503
2017-06-03,694006.387008,0.010769
2017-06-04,693029.660261,-0.001407
2017-06-05,741313.641818,0.069671
2017-06-06,789981.106505,0.065650
2017-06-07,753826.050337,-0.045767
2017-06-08,774094.342835,0.026887
2017-06-09,779113.101666,0.006483
2017-06-10,813298.133665,0.043877
2017-06-11,816167.622128,0.003528
2017-06-12,733814.401212,-0.100902
2017-06-13,749648.825800,0.021578
2017-06-14,691528.734372,-0.077530
2017-06-15,679998.508798,-0.016674
2017-06-16,694892.042406,0.021902
2017-06-17,732779.744464,0.054523
2017-06-18,703094.795713,-0.040510
2017-06-19,714492.590612,0.016211
2017-06-20,750964.914572,0.051046
2017-06-21,741945.482983,-0.012010
2017-06-22,746445.498870,0.006065
2017-06-23,757343.883279,0.014600
2017-06-24,719767.925455,-0.049615
2017-06-25,714440.116809,-0.007402
2017-06-26,683825.324195,-0.042851
2017-06-27,704242.550682,0.029857
2017-06-28,710406.370063,0.008752
2017-06-29,700619.904856,-0.013776
2017-06-30,684484.783150,-0.023030
2017-07-01,671712.969480,-0.018659
2017-07-02,691556.284802,0.029541
2017-07-03,707445.877611,0.022977
2017-07-04,717814.471960,0.014656
2017-07-05,717911.066867,0.000135
2017-07-06,719723.804350,0.002525
2017-07-07,694919.592837,-0.034464
2017-07-08,709454.499327,0.020916
2017-07-09,694858.901057,-0.020573
2017-07-10,654609.406364,-0.057925
2017-07-11,645016.063611,-0.014655
2017-07-12,661860.288935,0.026114
2017-07-13,650564.545141,-0.017067
2017-07-14,616197.437804,-0.052827
2017-07-15,551502.392395,-0.104991
2017-07-16,532453.661122,-0.034540
2017-07-17,614837.160567,0.154724
2017-07-18,639798.591407,0.040598
2017-07-19,627258.565097,-0.019600
2017-07-20,777399.720870,0.239361
2017-07-21,736057.572068,-0.053180
2017-07-22,775335.930933,0.053363
2017-07-23,753340.448742,-0.028369
2017-07-24,760089.226405,0.008958
2017-07-25,710872.639204,-0.064751
2017-07-26,697896.655963,-0.018254
2017-07-27,737166.729490,0.056269
2017-07-28,775029.642897,0.051363
2017-07-29,752250.623774,-0.029391
2017-07-30,760729.285546,0.011271
2017-07-31,793330.673005,0.042855
2017-08-01,749990.949603,-0.054630
2017-08-02,747896.780096,-0.002792
2017-08-03,773848.746579,0.034700
2017-08-04,799000.538094,0.032502
2017-08-05,897505.384029,0.123285
2017-08-06,886753.239191,-0.011980
2017-08-07,932278.136088,0.051339
2017-08-08,943590.383196,0.012134
2017-08-09,922215.762415,-0.022652
2017-08-10,932923.786149,0.011611
2017-08-11,1007236.996643,0.079656
2017-08-12,1071824.366348,0.064123
2017-08-13,1123846.921093,0.048536
2017-08-14,1193339.951408,0.061835
2017-08-15,1153829.939903,-0.033109
2017-08-16,1207549.237409,0.046557
2017-08-17,1195149.927112,-0.010268
2017-08-18,1147950.314325,-0.039493
2017-08-19,1157077.387937,0.007951
2017-08-20,1127819.976060,-0.025286
2017-08-21,1104113.942213,-0.021019
2017-08-22,1131368.188572,0.024684
2017-08-23,1145439.520340,0.012437
2017-08-24,1195974.958091,0.044119
2017-08-25,1206161.477102,0.008517
2017-08-26,1200863.980666,-0.004392
2017-08-27,1209273.665322,0.007003
2017-08-28,1209213.040903,-0.000050
2017-08-29,1263390.389574,0.044804
2017-08-30,1259604.866142,-0.002996
2017-08-31,1297705.157829,0.030248
2017-09-01,1349746.910306,0.040103
2017-09-02,1263321.412457,-0.064031
2017-09-03,1264477.452763,0.000915
2017-09-04,1168833.809953,-0.075639
2017-09-05,1207521.619618,0.033099
2017-09-06,1268384.359753,0.050403
2017-09-07,1269145.802453,0.000600
2017-09-08,1166747.925784,-0.080683
2017-09-09,1166005.748176,-0.000636
2017-09-10,1137554.034825,-0.024401
2017-09-11,1148129.627884,0.009297
2017-09-12,1139725.466786,-0.007320
2017-09-13,1071239.475428,-0.060090
2017-09-14,870477.401473,-0.187411
2017-09-15,1003622.568793,0.152956
2017-09-16,1000179.236526,-0.003431
2017-09-17,988546.892487,-0.011630
2017-09-18,1121623.082690,0.134618
2017-09-19,1082932.443885,-0.034495
2017-09-20,1077684.659472,-0.004846
2017-09-21,1001834.687322,-0.070382
2017-09-22,1001740.854194,-0.000094
2017-09-23,1046355.239681,0.044537
2017-09-24,1016126.759335,-0.028889
2017-09-25,1083235.970142,0.066044
2017-09-26,1073932.344751,-0.008589
2017-09-27,1159000.394502,0.079212
2017-09-28,1151843.345059,-0.006175
2017-09-29,1148626.209234,-0.002793
2017-09-30,1197086.809932,0.042190
2017-10-01,1215029.212923,0.014988
2017-10-02,1216568.668998,0.001267
2017-10-03,1191229.278587,-0.020829
2017-10-04,1166916.192226,-0.020410
2017-10-05,1194245.006620,0.023420
2017-10-06,1205943.498636,0.009796
2017-10-07,1221416.466967,0.012831
2017-10-08,1272070.459138,0.041472
2017-10-09,1316640.723520,0.035038
2017-10-10,1319391.590204,0.002089
2017-10-11,1331666.687803,0.009304
2017-10-12,1502848.625890,0.128547
2017-10-13,1558113.037751,0.036773
2017-10-14,1609040.243968,0.032685
2017-10-15,1566660.676640,-0.026338
2017-10-16,1579738.710986,0.008348
2017-10-17,1546607.600828,-0.020973
2017-10-18,1542518.685861,-0.002644
2017-10-19,1575029.001970,0.021076
2017-10-20,1658610.002089,0.053066
2017-10-21,1664169.530735,0.003352
2017-10-22,1657773.923993,-0.003843
2017-10-23,1636225.445851,-0.012998
2017-10-24,1524846.802499,-0.068070
2017-10-25,1586694.352637,0.040560
2017-10-26,1629192.609106,0.026784
2017-10-27,1594999.224410,-0.020988
2017-10-28,1587326.193802,-0.004811
2017-10-29,1697899.340709,0.069660
2017-10-30,1691465.069060,-0.003790
2017-10-31,1784686.294815,0.055113
2017-11-01,1867158.137511,0.046211
2017-11-02,1953018.076892,0.045984
2017-11-03,1988681.940547,0.018261
2017-11-04,2036190.737870,0.023890
2017-11-05,2043767.173570,0.003721
2017-11-06,1937638.874329,-0.051928
2017-11-07,1971194.894302,0.017318
2017-11-08,2058191.608897,0.044134
2017-11-09,1970974.221418,-0.042376
2017-11-10,1826000.893186,-0.073554
2017-11-11,1754115.690666,-0.039368
2017-11-12,1641674.638055,-0.064101
2017-11-13,1809818.888597,0.102422
2017-11-14,1830859.603551,0.011626
2017-11-15,2018419.430461,0.102444
2017-11-16,2171865.896907,0.076023
2017-11-17,2126975.670315,-0.020669
2017-11-18,2149368.309809,0.010528
2017-11-19,2217335.692944,0.031622
2017-11-20,2262625.905980,0.020426
2017-11-21,2226928.900976,-0.015777
2017-11-22,2277224.266029,0.022585
2017-11-23,2217964.704969,-0.026023
2017-11-24,2277263.065657,0.026735
2017-11-25,2425489.230760,0.065090
2017-11-26,2574377.683959,0.061385
2017-11-27,2708965.779806,0.052280
2017-11-28,2775308.024355,0.024490
2017-11-29,2728351.313406,-0.016919
2017-11-30,2823536.770331,0.034888
2017-12-01,3028260.852136,0.072506
2017-12-02,3055575.790274,0.009020
2017-12-03,3124166.796598,0.022448
2017-12-04,3216320.224257,0.029497
2017-12-05,3287918.471195,0.022261
2017-12-06,3943145.842468,0.199283
2017-12-07,4938678.554094,0.252472
2017-12-08,4571637.845046,-0.074320
2017-12-09,4187793.933197,-0.083962
2017-12-10,4264275.813873,0.018263
2017-12-11,4673006.723248,0.095850
2017-12-12,4805056.407319,0.028258
2017-12-13,4527161.076990,-0.057834
2017-12-14,4570147.831553,0.009495
2017-12-15,4885483.725171,0.068999
2017-12-16,5379497.833623,0.101119
2017-12-17,5281108.982409,-0.018290
2017-12-18,5273769.386105,-0.001390
2017-12-19,4904741.812771,-0.069974
2017-12-20,4586867.776818,-0.064810
2017-12-21,4360154.005824,-0.049427
2017-12-22,3816310.666739,-0.124730
2017-12-23,4055633.777962,0.062711
2017-12-24,3842246.062547,-0.052615
2017-12-25,3870057.582036,0.007238
2017-12-26,4442071.067727,0.147805
2017-12-27,4369976.239438,-0.016230
2017-12-28,4030057.009272,-0.077785
2017-12-29,4043769.713923,0.003403
2017-12-30,3573621.687784,-0.116265
2017-12-31,3905870.716482,0.092973
2018-01-01,3768137.156345,-0.035263
2018-01-02,4133688.121341,0.097011
2018-01-03,4194084.592335,0.014611
2018-01-04,4303951.397402,0.026196
2018-01-05,4808946.608914,0.117333
2018-01-06,4835847.684353,0.005594
2018-01-07,4546309.232310,-0.059873
2018-01-08,4185558.912957,-0.079350
2018-01-09,4026994.533075,-0.037884
2018-01-10,4131260.180728,0.025892
2018-01-11,3698773.660204,-0.104686
2018-01-12,3857365.792598,0.042877
2018-01-13,3962100.807973,0.027152
2018-01-14,3799811.394358,-0.040960
2018-01-15,3812999.765147,0.003471
2018-01-16,3170326.229079,-0.168548
2018-01-17,3087029.355403,-0.026274
2018-01-18,3166022.164785,0.025589
2018-01-19,3202580.036536,0.011547
2018-01-20,3558998.539083,0.111291
2018-01-21,3200565.689180,-0.100712
2018-01-22,3016065.913490,-0.057646
2018-01-23,2998683.680129,-0.005763
2018-01-24,3134154.736957,0.045177
2018-01-25,3106563.890353,-0.008803
2018-01-26,3082283.945341,-0.007816
2018-01-27,3156586.041358,0.024106
2018-01-28,3251939.899446,0.030208
2018-01-29,3116772.503596,-0.041565
2018-01-30,2788413.676492,-0.105352
2018-01-31,2820087.914506,0.011359
2018-02-01,2530229.634973,-0.102783
2018-02-02,2436478.686518,-0.037052
2018-02-03,2531435.387302,0.038973
2018-02-04,2283697.067865,-0.097865
2018-02-05,1919017.882011,-0.159688
2018-02-06,2139394.245705,0.114838
2018-02-07,2102781.138373,-0.017114
2018-02-08,2280546.214738,0.084538
2018-02-09,2410606.878989,0.057030
2018-02-10,2378855.311162,-0.013172
2018-02-11,2243127.610961,-0.057056
2018-02-12,2462916.321956,0.097983
2018-02-13,2372346.404116,-0.036773
2018-02-14,2619648.766622,0.104244
2018-02-15,2804995.936967,0.070753
2018-02-16,2823619.758424,0.006640
2018-02-17,3066088.064496,0.085871
2018-02-18,2911330.898115,-0.050474
2018-02-19,3097155.249995,0.063828
2018-02-20,3146377.428114,0.015893
2018-02-21,2949571.973174,-0.062550
2018-02-22,2760464.202770,-0.064114
2018-02-23,2842160.591789,0.029595
2018-02-24,2707509.177104,-0.047376
2018-02-25,2666580.958362,-0.015117
2018-02-26,2860260.348827,0.072632
2018-02-27,2959283.735625,0.034620
2018-02-28,2868868.746856,-0.030553
2018-03-01,3021473.611648,0.053193
2018-03-02,3058831.725727,0.012364
2018-03-03,3170105.556194,0.036378
2018-03-04,3176423.698401,0.001993
2018-03-05,3193171.396179,0.005273
2018-03-06,2974265.780885,-0.068554
2018-03-07,2749585.218176,-0.075542
2018-03-08,2592162.732902,-0.057253
2018-03-09,2576309.043221,-0.006116
2018-03-10,2446204.459946,-0.050500
2018-03-11,2642825.077770,0.080378
2018-03-12,2539770.571284,-0.038994
2018-03-13,2536936.851228,-0.001116
2018-03-14,2281710.473021,-0.100604
2018-03-15,2290277.646445,0.003755
2018-03-16,2300621.250061,0.004516
2018-03-17,2184334.184321,-0.050546
2018-03-18,2268982.847815,0.038753
2018-03-19,2381269.510239,0.049488
2018-03-20,2459301.759386,0.032769
2018-03-21,2463664.023121,0.001774
2018-03-22,2408258.693167,-0.022489
2018-03-23,2449962.365587,0.017317
2018-03-24,2391607.725018,-0.023819
2018-03-25,2344057.703091,-0.019882
2018-03-26,2265043.068918,-0.033708
2018-03-27,2161202.061639,-0.045845
2018-03-28,2194708.369589,0.015504
2018-03-29,1977077.349020,-0.099162
2018-03-30,1899251.656026,-0.039364
2018-03-31,1899251.656026,0.000000
2018-04-01,1899251.656026,0.000000
2018-04-02,1899251.656026,0.000000
2018-04-03,1899251.656026,0.000000
2018-04-04,1899251.656026,0.000000
2018-04-05,1899251.656026,0.000000
2018-04-06,1899251.656026,0.000000
2018-04-07,1899251.656026,0.000000
2018-04-08,1899251.656026,0.000000
2018-04-09,1899251.656026,0.000000
2018-04-10,1899251.656026,0.000000
2018-04-11,1899251.656026,0.000000
2018-04-12,1899251.656026,0.000000
2018-04-13,1899251.656026,0.000000
2018-04-14,1899251.656026,0.000000
2018-04-15,1899251.656026,0.000000
2018-04-16,1899251.656026,0.000000
2018-04-17,1899251.656026,0.000000
2018-04-18,1899251.656026,0.000000
2018-04-19,1899251.656026,0.000000
2018-04-20,1899251.656026,0.000000
2018-04-21,1899251.656026,0.000000
2018-04-22,1899251.656026,0.000000
2018-04-23,1899251.656026,0.000000
2018-04-24,1899251.656026,0.000000
2018-04-25,1899251.656026,0.000000
2018-04-26,1899251.656026,0.000000
2018-04-27,1899251.656026,0.000000
2018-04-28,1899251.656026,0.000000
2018-04-29,1899251.656026,0.000000
2018-04-30,1899251.656026,0.000000
2018-05-01,1899251.656026,0.000000
2018-05-02,1899251.656026,0.000000
2018-05-03,1899251.656026,0.000000
2018-05-04,1899251.656026,0.000000
2018-05-05,1899251.656026,0.000000
2018-05-06,1899251.656026,0.000000
2018-05-07,1899251.656026,0.000000
2018-05-08,1899251.656026,0.000000
2018-05-09,1899251.656026,0.000000
2018-05-10,1899251.656026,0.000000
2018-05-11,1899251.656026,0.000000
2018-05-12,1899251.656026,0.000000
2018-05-13,1899251.656026,0.000000
2018-05-14,1899251.656026,0.000000
2018-05-15,1899251.656026,0.000000
2018-05-16,1899251.656026,0.000000
2018-05-17,1899251.656026,0.000000
2018-05-18,1899251.656026,0.000000
2018-05-19,1899251.656026,0.000000
2018-05-20,1899251.656026,0.000000
2018-05-21,1899251.656026,0.000000
2018-05-22,1899251.656026,0.000000
2018-05-23,1899251.656026,0.000000
2018-05-24,1899251.656026,0.000000
2018-05-25,1899251.656026,0.000000
2018-05-26,1899251.656026,0.000000
2018-05-27,1899251.656026,0.000000
2018-05-28,1899251.656026,0.000000
2018-05-29,1899251.656026,0.000000
2018-05-30,1899251.656026,0.000000
2018-05-31,1899251.656026,0.000000
2018-06-01,1899251.656026,0.000000
2018-06-02,1899251.656026,0.000000
2018-06-03,1899251.656026,0.000000
2018-06-04,1899251.656026,0.000000
2018-06-05,1899251.656026,0.000000
2018-06-06,1899251.656026,0.000000
2018-06-07,1899251.656026,0.000000
2018-06-08,1899251.656026,0.000000
2018-06-09,1899251.656026,0.000000
2018-06-10,1899251.656026,0.000000
2018-06-11,1899251.656026,0.000000
2018-06-12,1899251.656026,0.000000
2018-06-13,1899251.656026,0.000000
2018-06-14,1899251.656026,0.000000
2018-06-15,1899251.656026,0.000000
2018-06-16,1899251.656026,0.000000
2018-06-17,1899251.656026,0.000000
2018-06-18,1899251.656026,0.000000
2018-06-19,1899251.656026,0.000000
2018-06-20,1899251.656026,0.000000
2018-06-21,1899251.656026,0.000000
2018-06-22,1899251.656026,0.000000
2018-06-23,1899251.656026,0.000000
2018-06-24,1899251.656026,0.000000
2018-06-25,1899251.656026,0.000000
2018-06-26,1899251.656026,0.000000
2018-06-27,1899251.656026,0.000000
2018-06-28,1899251.656026,0.000000
2018-06-29,1899251.656026,0.000000
2018-06-30,1899251.656026,0.000000
2018-07-01,1899251.656026,0.000000
2018-07-02,1899251.656026,0.000000
2018-07-03,1899251.656026,0.000000
2018-07-04,1899251.656026,0.000000
2018-07-05,1899251.656026,0.000000
2018-07-06,1899251.656026,0.000000
2018-07-07,1899251.656026,0.000000
2018-07-08,1899251.656026,0.000000
2018-07-09,1899251.656026,0.000000
2018-07-10,1899251.656026,0.000000
2018-07-11,1899251.656026,0.000000
2018-07-12,1899251.656026,0.000000
2018-07-13,1899251.656026,0.000000
2018-07-14,1899251.656026,0.000000
2018-07-15,1899251.656026,0.000000
2018-07-16,1899251.656026,0.000000
2018-07-17,1899251.656026,0.000000
2018-07-18,1899251.656026,0.000000
2018-07-19,1899251.656026,0.000000
2018-07-20,1899251.656026,0.000000
2018-07-21,1899251.656026,0.000000
2018-07-22,1899251.656026,0.000000
2018-07-23,1899251.656026,0.000000
2018-07-24,1899251.656026,0.000000
2018-07-25,1899251.656026,0.000000
2018-07-26,1899251.656026,0.000000
2018-07-27,1899251.656026,0.000000
2018-07-28,1899251.656026,0.000000
2018-07-29,1899251.656026,0.000000
2018-07-30,1899251.656026,0.000000
2018-07-31,1899251.656026,0.000000
2018-08-01,1899251.656026,0.000000
2018-08-02,1899251.656026,0.000000
2018-08-03,1899251.656026,0.000000
2018-08-04,1899251.656026,0.000000
2018-08-05,1899251.656026,0.000000
2018-08-06,1899251.656026,0.000000
2018-08-07,1899251.656026,0.000000
2018-08-08,1899251.656026,0.000000
2018-08-09,1899251.656026,0.000000
2018-08-10,1899251.656026,0.000000
2018-08-11,1899251.656026,0.000000
2018-08-12,1899251.656026,0.000000
2018-08-13,1899251.656026,0.000000
2018-08-14,1899251.656026,0.000000
2018-08-15,1899251.656026,0.000000
2018-08-16,1899251.656026,0.000000
2018-08-17,1899251.656026,0.000000
2018-08-18,1899251.656026,0.000000
2018-08-19,1899251.656026,0.000000
2018-08-20,1899251.656026,0.000000
2018-08-21,1899251.656026,0.000000
2018-08-22,1899251.656026,0.000000
2018-08-23,1899251.656026,0.000000
2018-08-24,1899251.656026,0.000000
2018-08-25,1899251.656026,0.000000
2018-08-26,1899251.656026,0.000000
2018-08-27,1899251.656026,0.000000
2018-08-28,1899251.656026,0.000000
2018-08-29,1899251.656026,0.000000
2018-08-30,1899251.656026,0.000000
2018-08-31,1899251.656026,0.000000
2018-09-01,1899251.656026,0.000000
2018-09-02,1899251.656026,0.000000
2018-09-03,1899251.656026,0.000000
2018-09-04,1899251.656026,0.000000
2018-09-05,1899251.656026,0.000000
2018-09-06,1899251.656026,0.000000
2018-09-07,1899251.656026,0.000000
2018-09-08,1899251.656026,0.000000
2018-09-09,1899251.656026,0.000000
2018-09-10,1899251.656026,0.000000
2018-09-11,1899251.656026,0.000000
2018-09-12,1899251.656026,0.000000
2018-09-13,1899251.656026,0.000000
2018-09-14,1899251.656026,0.000000
2018-09-15,1899251.656026,0.000000
2018-09-16,1899251.656026,0.000000
2018-09-17,1899251.656026,0.000000
2018-09-18,1899251.656026,0.000000
2018-09-19,1899251.656026,0.000000
2018-09-20,1899251.656026,0.000000
2018-09-21,1899251.656026,0.000000
2018-09-22,1899251.656026,0.000000
2018-09-23,1899251.656026,0.000000
2018-09-24,1899251.656026,0.000000
2018-09-25,1899251.656026,0.000000
2018-09-26,1899251.656026,0.000000
2018-09-27,1899251.656026,0.000000
2018-09-28,1899251.656026,0.000000
2018-09-29,1899251.656026,0.000000
2018-09-30,1899251.656026,0.000000
2018-10-01,1899251.656026,0.000000
2018-10-02,1899251.656026,0.000000
2018-10-03,1899251.656026,0.000000
2018-10-04,1899251.656026,0.000000
2018-10-05,1899251.656026,0.000000
2018-10-06,1899251.656026,0.000000
2018-10-07,1899251.656026,0.000000
2018-10-08,1899251.656026,0.000000
2018-10-09,1899251.656026,0.000000
2018-10-10,1899251.656026,0.000000
2018-10-11,1899251.656026,0.000000
2018-10-12,1899251.656026,0.000000
2018-10-13,1899251.656026,0.000000
2018-10-14,1899251.656026,0.000000
2018-10-15,1899251.656026,0.000000
2018-10-16,1899251.656026,0.000000
2018-10-17,1899251.656026,0.000000
2018-10-18,1899251.656026,0.000000
2018-10-19,1899251.656026,0.000000
2018-10-20,1899251.656026,0.000000
2018-10-21,1899251.656026,0.000000
2018-10-22,1899251.656026,0.000000
2018-10-23,1899251.656026,0.000000
2018-10-24,1899251.656026,0.000000
2018-10-25,1899251.656026,0.000000
2018-10-26,1899251.656026,0.000000
2018-10-27,1899251.656026,0.000000
2018-10-28,1899251.656026,0.000000
2018-10-29,1899251.656026,0.000000
2018-10-30,1899251.656026,0.000000
2018-10-31,1899251.656026,0.000000
2018-11-01,1899251.656026,0.000000
2018-11-02,1899251.656026,0.000000
2018-11-03,1899251.656026,0.000000
2018-11-04,1899251.656026,0.000000
2018-11-05,1899251.656026,0.000000
2018-11-06,1899251.656026,0.000000
2018-11-07,1899251.656026,0.000000
2018-11-08,1899251.656026,0.000000
2018-11-09,1899251.656026,0.000000
2018-11-10,1899251.656026,0.000000
2018-11-11,1899251.656026,0.000000
2018-11-12,1899251.656026,0.000000
2018-11-13,1899251.656026,0.000000
2018-11-14,1899251.656026,0.000000
2018-11-15,1899251.656026,0.000000
2018-11-16,1899251.656026,0.000000
2018-11-17,1899251.656026,0.000000
2018-11-18,1899251.656026,0.000000
2018-11-19,1899251.656026,0.000000
2018-11-20,1899251.656026,0.000000
2018-11-21,1899251.656026,0.000000
2018-11-22,1899251.656026,0.000000
2018-11-23,1899251.656026,0.000000
2018-11-24,1899251.656026,0.000000
2018-11-25,1899251.656026,0.000000
2018-11-26,1899251.656026,0.000000
2018-11-27,1899251.656026,0.000000
2018-11-28,1899251.656026,0.000000
2018-11-29,1899251.656026,0.000000
2018-11-30,1899251.656026,0.000000
2018-12-01,1899251.656026,0.000000
2018-12-02,1899251.656026,0.000000
2018-12-03,1899251.656026,0.000000
2018-12-04,1899251.656026,0.000000
2018-12-05,1899251.656026,0.000000
2018-12-06,1899251.656026,0.000000
2018-12-07,1899251.656026,0.000000
2018-12-08,1899251.656026,0.000000
2018-12-09,1899251.656026,0.000000
2018-12-10,1899251.656026,0.000000
2018-12-11,1899251.656026,0.000000
2018-12-12,1899251.656026,0.000000
2018-12-13,1899251.656026,0.000000
2018-12-14,1899251.656026,0.000000
2018-12-15,1899251.656026,0.000000
2018-12-16,1899251.656026,0.000000
2018-12-17,1899251.656026,0.000000
2018-12-18,1899251.656026,0.000000
2018-12-19,1899251.656026,0.000000
2018-12-20,1899251.656026,0.000000
2018-12-21,1899251.656026,0.000000
2018-12-22,1899251.656026,0.000000
2018-12-23,1899251.656026,0.000000
2018-12-24,1899251.656026,0.000000
2018-12-25,1899251.656026,0.000000
2018-12-26,1899251.656026,0.000000
2018-12-27,1899251.656026,0.000000
2018-12-28,1899251.656026,0.000000
2018-12-29,1899251.656026,0.000000
2018-12-30,1899251.656026,0.000000
2018-12-31,1899251.656026,0.000000
2019-01-01,1899251.656026,0.000000
2019-01-02,1899251.656026,0.000000
2019-01-03,1899251.656026,0.000000
2019-01-04,1899251.656026,0.000000
2019-01-05,1899251.656026,0.000000
2019-01-06,1899251.656026,0.000000
2019-01-07,1899251.656026,0.000000
2019-01-08,1899251.656026,0.000000
2019-01-09,1899251.656026,0.000000
2019-01-10,1899251.656026,0.000000
2019-01-11,1899251.656026,0.000000
2019-01-12,1899251.656026,0.000000
2019-01-13,1899251.656026,0.000000
2019-01-14,1899251.656026,0.000000
2019-01-15,1899251.656026,0.000000
2019-01-16,1899251.656026,0.000000
2019-01-17,1899251.656026,0.000000
2019-01-18,1899251.656026,0.000000
2019-01-19,1899251.656026,0.000000
2019-01-20,1899251.656026,0.000000
2019-01-21,1899251.656026,0.000000
2019-01-22,1899251.656026,0.000000
2019-01-23,1899251.656026,0.000000
2019-01-24,1899251.656026,0.000000
2019-01-25,1899251.656026,0.000000
2019-01-26,1899251.656026,0.000000
2019-01-27,1899251.656026,0.000000
2019-01-28,1899251.656026,0.000000
2019-01-29,1899251.656026,0.000000
2019-01-30,1899251.656026,0.000000
2019-01-31,1899251.656026,0.000000
2019-02-01,1899251.656026,0.000000
2019-02-02,1899251.656026,0.000000
2019-02-03,1899251.656026,0.000000
2019-02-04,1899251.656026,0.000000
2019-02-05,1899251.656026,0.000000
2019-02-06,1899251.656026,0.000000
2019-02-07,1899251.656026,0.000000
2019-02-08,1899251.656026,0.000000
2019-02-09,1899251.656026,0.000000
2019-02-10,1899251.656026,0.000000
2019-02-11,1899251.656026,0.000000
2019-02-12,1899251.656026,0.000000
2019-02-13,1899251.656026,0.000000
2019-02-14,1899251.656026,0.000000
2019-02-15,1899251.656026,0.000000
2019-02-16,1899251.656026,0.000000
2019-02-17,1899251.656026,0.000000
2019-02-18,1899251.656026,0.000000
2019-02-19,1899251.656026,0.000000
2019-02-20,1899251.656026,0.000000
2019-02-21,1899251.656026,0.000000
2019-02-22,1899251.656026,0.000000
2019-02-23,1899251.656026,0.000000
2019-02-24,1899251.656026,0.000000
2019-02-25,1899251.656026,0.000000
2019-02-26,1899251.656026,0.000000
2019-02-27,1899251.656026,0.000000
2019-02-28,1899251.656026,0.000000
2019-03-01,1899251.656026,0.000000
2019-03-02,1899251.656026,0.000000
2019-03-03,1899251.656026,0.000000
2019-03-04,1899251.656026,0.000000
2019-03-05,1899251.656026,0.000000
2019-03-06,1899251.656026,0.000000
2019-03-07,1899251.656026,0.000000
2019-03-08,1899251.656026,0.000000
2019-03-09,1899251.656026,0.000000
2019-03-10,1899251.656026,0.000000
2019-03-11,1899251.656026,0.000000
2019-03-12,1899251.656026,0.000000
2019-03-13,1899251.656026,0.000000
2019-03-14,1899251.656026,0.000000
2019-03-15,1899251.656026,0.000000
2019-03-16,1899251.656026,0.000000
2019-03-17,1899251.656026,0.000000
2019-03-18,1899251.656026,0.000000
2019-03-19,1899251.656026,0.000000
2019-03-20,1899251.656026,0.000000
2019-03-21,1899251.656026,0.000000
2019-03-22,1899251.656026,0.000000
2019-03-23,1899251.656026,0.000000
2019-03-24,1899251.656026,0.000000
2019-03-25,1899251.656026,0.000000
2019-03-26,1899251.656026,0.000000
2019-03-27,1899251.656026,0.000000
2019-03-28,1899251.656026,0.000000
2019-03-29,1899251.656026,0.000000
2019-03-30,1899251.656026,0.000000
2019-03-31,1899251.656026,0.000000
2019-04-01,1899251.656026,0.000000
2019-04-02,1899251.656026,0.000000
2019-04-03,1899251.656026,0.000000
2019-04-04,1899251.656026,0.000000
2019-04-05,1899251.656026,0.000000
2019-04-06,1899251.656026,0.000000
2019-04-07,1899251.656026,0.000000
2019-04-08,1899251.656026,0.000000
2019-04-09,1899251.656026,0.000000
2019-04-10,1899251.656026,0.000000
2019-04-11,1899251.656026,0.000000
2019-04-12,1899251.656026,0.000000
2019-04-13,1899251.656026,0.000000
2019-04-14,1899251.656026,0.000000
2019-04-15,1899251.656026,0.000000
2019-04-16,1899251.656026,0.000000
2019-04-17,1899251.656026,0.000000
2019-04-18,1899251.656026,0.000000
2019-04-19,1899251.656026,0.000000
2019-04-20,1899251.656026,0.000000
2019-04-21,1899251.656026,0.000000
2019-04-22,1899251.656026,0.000000
2019-04-23,1899251.656026,0.000000
2019-04-24,1897352.404370,-0.001000
2019-04-25,1808953.710555,-0.046591
2019-04-26,1832850.570561,0.013210
2019-04-27,1829011.826742,-0.002094
2019-04-28,1834861.058593,0.003198
2019-04-29,1821742.539387,-0.007150
2019-04-30,1857631.276528,0.019700
2019-05-01,1875674.135280,0.009713
2019-05-02,1911289.439268,0.018988
2019-05-03,2002598.143717,0.047773
2019-05-04,2024427.704138,0.010901
2019-05-05,2012117.279070,-0.006081
2019-05-06,1995140.012881,-0.008438
2019-05-07,2023849.307411,0.014390
2019-05-08,2076951.619368,0.026238
2019-05-09,2143633.710056,0.032106
2019-05-10,2214568.338933,0.033091
2019-05-11,2501306.821285,0.129478
2019-05-12,2420623.698682,-0.032256
2019-05-13,2713132.586837,0.120840
2019-05-14,2775450.596239,0.022969
2019-05-15,2848618.121274,0.026362
2019-05-16,2737432.708191,-0.039031
2019-05-17,2549607.016452,-0.068614
2019-05-18,2524371.831691,-0.009898
2019-05-19,2846021.777699,0.127418
2019-05-20,2769858.693296,-0.026761
2019-05-21,2764657.530229,-0.001878
2019-05-22,2666316.694643,-0.035571
2019-05-23,2736369.488884,0.026273
2019-05-24,2773004.954509,0.013388
2019-05-25,2795631.081817,0.008159
2019-05-26,3011112.002771,0.077078
2019-05-27,3057134.209890,0.015284
2019-05-28,3027341.014811,-0.009745
2019-05-29,3006345.823878,-0.006935
2019-05-30,2888301.696966,-0.039265
2019-05-31,2976841.149090,0.030655
2019-06-01,2973200.911305,-0.001223
2019-06-02,3035324.652639,0.020895
2019-06-03,2849946.806370,-0.061073
2019-06-04,2675934.998250,-0.061058
2019-06-05,2716366.997610,0.015109
2019-06-06,2715600.435476,-0.000282
2019-06-07,2792647.897290,0.028372
2019-06-08,2761463.634350,-0.011167
2019-06-09,2669097.813256,-0.033448
2019-06-10,2777503.633391,0.040615
2019-06-11,2752293.537351,-0.009077
2019-06-12,2828027.062169,0.027517
2019-06-13,2857559.877009,0.010443
2019-06-14,3018269.747030,0.056240
2019-06-15,3068450.918190,0.016626
2019-06-16,3122649.336020,0.017663
2019-06-17,3235780.820155,0.036229
2019-06-18,3152948.712994,-0.025599
2019-06-19,3219522.311916,0.021115
2019-06-20,3307578.975681,0.027351
2019-06-21,3521922.767313,0.064804
2019-06-22,3715345.278028,0.054920
2019-06-23,3768698.816231,0.014360
2019-06-24,3822764.670685,0.014346
2019-06-25,4093495.701526,0.070821
2019-06-26,4518892.593914,0.103920
2019-06-27,3882375.810527,-0.140857
2019-06-28,4307498.761206,0.109501
2019-06-29,4151978.527002,-0.036105
2019-06-30,3755431.290365,-0.095508
2019-07-01,3674185.536245,-0.021634
2019-07-02,3750057.896619,0.020650
2019-07-03,4152637.614480,0.107353
2019-07-04,3893704.385113,-0.062354
2019-07-05,3811432.027657,-0.021130
2019-07-06,3891313.497821,0.020958
2019-07-07,3975432.249518,0.021617
2019-07-08,4265360.898345,0.072930
2019-07-09,4365296.393372,0.023430
2019-07-10,4220420.896592,-0.033188
2019-07-11,3943428.195671,-0.065632
2019-07-12,4102199.114413,0.040262
2019-07-13,3955133.779145,-0.035850
2019-07-14,3560633.307480,-0.099744
2019-07-15,3782488.119684,0.062308
2019-07-16,3290387.438255,-0.130100
2019-07-17,3365432.887951,0.022807
2019-07-18,3703121.646372,0.100340
2019-07-19,3655992.823241,-0.012727
2019-07-20,3738067.183224,0.022449
2019-07-21,3679730.143559,-0.015606
2019-07-22,3590854.027924,-0.024153
2019-07-23,3437285.628397,-0.042767
2019-07-24,3406442.097409,-0.008973
2019-07-25,3441130.305353,0.010183
2019-07-26,3426709.376400,-0.004191
2019-07-27,3290399.982615,-0.039779
2019-07-28,3316501.406321,0.007933
2019-07-29,3304796.500921,-0.003529
2019-07-30,3335444.407693,0.009274
2019-07-31,3501464.271585,0.049774
2019-08-01,3610491.037562,0.031137
2019-08-02,3651633.149433,0.011395
2019-08-03,3757018.321479,0.028860
2019-08-04,3808559.030080,0.013719
2019-08-05,4098611.766364,0.076158
2019-08-06,3984917.820230,-0.027740
2019-08-07,4145936.891785,0.040407
2019-08-08,4154421.286919,0.002046
2019-08-09,4118498.985138,-0.008647
2019-08-10,3941818.110057,-0.042899
2019-08-11,4000683.029971,0.014933
2019-08-12,3951744.428569,-0.012233
2019-08-13,3782745.109555,-0.042766
2019-08-14,3489686.812317,-0.077472
2019-08-15,3579897.037636,0.025851
2019-08-16,3601697.101858,0.006090
2019-08-17,3552191.970015,-0.013745
2019-08-18,3591792.820736,0.011148
2019-08-19,3789766.221996,0.055118
2019-08-20,3736710.697112,-0.014000
2019-08-21,3519663.765324,-0.058085
2019-08-22,3517235.583987,-0.000690
2019-08-23,3613371.154911,0.027333
2019-08-24,3527270.733301,-0.023828
2019-08-25,3519826.163936,-0.002111
2019-08-26,3600475.552380,0.022913
2019-08-27,3536137.222874,-0.017869
2019-08-28,3386478.595362,-0.042323
2019-08-29,3301690.924121,-0.025037
2019-08-30,3332233.051421,0.009250
2019-08-31,3343512.804713,0.003385
2019-09-01,3387710.315943,0.013219
2019-09-02,3592122.703512,0.060339
2019-09-03,3688213.182546,0.026750
2019-09-04,3678128.872900,-0.002734
2019-09-05,3671546.474038,-0.001790
2019-09-06,3594393.910825,-0.021014
2019-09-07,3651313.776797,0.015836
2019-09-08,3624936.038126,-0.007224
2019-09-09,3588030.868752,-0.010181
2019-09-10,3512000.178206,-0.021190
2019-09-11,3533662.593500,0.006168
2019-09-12,3614121.782317,0.022769
2019-09-13,3596908.885575,-0.004763
2019-09-14,3596041.629520,-0.000241
2019-09-15,3592453.264361,-0.000998
2019-09-16,3567832.075188,-0.006854
2019-09-17,3555499.951766,-0.003456
2019-09-18,3540563.008852,-0.004201
2019-09-19,3564228.792411,0.006684
2019-09-20,3534797.688601,-0.008257
2019-09-21,3478581.662961,-0.015904
2019-09-22,3496174.958958,0.005058
2019-09-23,3377765.011372,-0.033868
2019-09-24,2992833.513465,-0.113960
2019-09-25,2946460.403291,-0.015495
2019-09-26,2818691.684745,-0.043363
2019-09-27,2864823.400740,0.016366
2019-09-28,2862764.430444,-0.000719
2019-09-29,2813559.685178,-0.017188
2019-09-30,2879412.491930,0.023406
2019-10-01,2896565.718201,0.005957
2019-10-02,2913843.031930,0.005965
2019-10-03,2867651.645463,-0.015852
2019-10-04,2848885.960321,-0.006544
2019-10-05,2829986.186136,-0.006634
2019-10-06,2773277.201034,-0.020039
2019-10-07,2862663.058450,0.032231
2019-10-08,2856816.708412,-0.002042
2019-10-09,2984214.520733,0.044594
2019-10-10,2980997.400836,-0.001078
2019-10-11,2889094.703968,-0.030830
2019-10-12,2894232.467160,0.001778
2019-10-13,2888833.984693,-0.001865
2019-10-14,2907470.496827,0.006451
2019-10-15,2848687.962848,-0.020218
2019-10-16,2793889.280418,-0.019236
2019-10-17,2813464.415846,0.007006
2019-10-18,2768087.565217,-0.016128
2019-10-19,2773417.731774,0.001926
2019-10-20,2854488.881959,0.029231
2019-10-21,2862002.614825,0.002632
2019-10-22,2804539.272913,-0.020078
2019-10-23,2608896.071364,-0.069759
2019-10-24,2601541.855297,-0.002819
2019-10-25,3006766.907545,0.155763
2019-10-26,3206401.300111,0.066395
2019-10-27,3206401.300111,0.000000
2019-10-28,3206401.300111,0.000000
2019-10-29,3206401.300111,0.000000
2019-10-30,3206401.300111,0.000000
2019-10-31,3206401.300111,0.000000
2019-11-01,3206401.300111,0.000000
2019-11-02,3206401.300111,0.000000
2019-11-03,3206401.300111,0.000000
2019-11-04,3206401.300111,0.000000
2019-11-05,3206401.300111,0.000000
2019-11-06,3206401.300111,0.000000
2019-11-07,3206401.300111,0.000000
2019-11-08,3206401.300111,0.000000
2019-11-09,3206401.300111,0.000000
2019-11-10,3206401.300111,0.000000
2019-11-11,3206401.300111,0.000000
2019-11-12,3206401.300111,0.000000
2019-11-13,3206401.300111,0.000000
2019-11-14,3206401.300111,0.000000
2019-11-15,3206401.300111,0.000000
2019-11-16,3206401.300111,0.000000
2019-11-17,3206401.300111,0.000000
2019-11-18,3206401.300111,0.000000
2019-11-19,3206401.300111,0.000000
2019-11-20,3206401.300111,0.000000
2019-11-21,3206401.300111,0.000000
2019-11-22,3206401.300111,0.000000
2019-11-23,3206401.300111,0.000000
2019-11-24,3206401.300111,0.000000
2019-11-25,3206401.300111,0.000000
2019-11-26,3206401.300111,0.000000
2019-11-27,3206401.300111,0.000000
2019-11-28,3206401.300111,0.000000
2019-11-29,3206401.300111,0.000000
2019-11-30,3206401.300111,0.000000
2019-12-01,3206401.300111,0.000000
2019-12-02,3206401.300111,0.000000
2019-12-03,3206401.300111,0.000000
2019-12-04,3206401.300111,0.000000
2019-12-05,3206401.300111,0.000000
2019-12-06,3206401.300111,0.000000
2019-12-07,3206401.300111,0.000000
2019-12-08,3206401.300111,0.000000
2019-12-09,3206401.300111,0.000000
2019-12-10,3206401.300111,0.000000
2019-12-11,3206401.300111,0.000000
2019-12-12,3206401.300111,0.000000
2019-12-13,3206401.300111,0.000000
2019-12-14,3206401.300111,0.000000
2019-12-15,3206401.300111,0.000000
2019-12-16,3206401.300111,0.000000
2019-12-17,3206401.300111,0.000000
2019-12-18,3206401.300111,0.000000
2019-12-19,3206401.300111,0.000000
2019-12-20,3206401.300111,0.000000
2019-12-21,3206401.300111,0.000000
2019-12-22,3206401.300111,0.000000
2019-12-23,3206401.300111,0.000000
2019-12-24,3206401.300111,0.000000
2019-12-25,3206401.300111,0.000000
2019-12-26,3206401.300111,0.000000
2019-12-27,3206401.300111,0.000000
2019-12-28,3206401.300111,0.000000
2019-12-29,3206401.300111,0.000000
2019-12-30,3206401.300111,0.000000
2019-12-31,3206401.300111,0.000000
2020-01-01,3206401.300111,0.000000
2020-01-02,3206401.300111,0.000000
2020-01-03,3206401.300111,0.000000
2020-01-04,3206401.300111,0.000000
2020-01-05,3206401.300111,0.000000
2020-01-06,3206401.300111,0.000000
2020-01-07,3206401.300111,0.000000
2020-01-08,3206401.300111,0.000000
2020-01-09,3206401.300111,0.000000
2020-01-10,3206401.300111,0.000000
2020-01-11,3206401.300111,0.000000
2020-01-12,3206401.300111,0.000000
2020-01-13,3206401.300111,0.000000
2020-01-14,3206401.300111,0.000000
2020-01-15,3206401.300111,0.000000
2020-01-16,3206401.300111,0.000000
2020-01-17,3206401.300111,0.000000
2020-01-18,3206401.300111,0.000000
2020-01-19,3206401.300111,0.000000
2020-01-20,3206401.300111,0.000000
2020-01-21,3206401.300111,0.000000
2020-01-22,3206401.300111,0.000000
2020-01-23,3206401.300111,0.000000
2020-01-24,3206401.300111,0.000000
2020-01-25,3206401.300111,0.000000
2020-01-26,3206401.300111,0.000000
2020-01-27,3206401.300111,0.000000
2020-01-28,3206401.300111,0.000000
2020-01-29,3206401.300111,0.000000
2020-01-30,3206401.300111,0.000000
2020-01-31,3206401.300111,0.000000
2020-02-01,3206401.300111,0.000000
2020-02-02,3206401.300111,0.000000
2020-02-03,3206401.300111,0.000000
2020-02-04,3206401.300111,0.000000
2020-02-05,3206401.300111,0.000000
2020-02-06,3206401.300111,0.000000
2020-02-07,3206401.300111,0.000000
2020-02-08,3206401.300111,0.000000
2020-02-09,3206401.300111,0.000000
2020-02-10,3206401.300111,0.000000
2020-02-11,3206401.300111,0.000000
2020-02-12,3206401.300111,0.000000
2020-02-13,3206401.300111,0.000000
2020-02-14,3206401.300111,0.000000
2020-02-15,3206401.300111,0.000000
2020-02-16,3206401.300111,0.000000
2020-02-17,3206401.300111,0.000000
2020-02-18,3206401.300111,0.000000
2020-02-19,3203194.898811,-0.001000
2020-02-20,3194900.206667,-0.002590
2020-02-21,3220824.530706,0.008114
2020-02-22,3213090.459888,-0.002401
2020-02-23,3299986.242589,0.027044
2020-02-24,3208765.575805,-0.027643
2020-02-25,3106196.756089,-0.031965
2020-02-26,2932899.082774,-0.055791
2020-02-27,2920919.358436,-0.004085
2020-02-28,2883665.412868,-0.012754
2020-02-29,2859410.148485,-0.008411
2020-03-01,2847089.148288,-0.004309
2020-03-02,2949241.033462,0.035879
2020-03-03,2922013.973966,-0.009232
2020-03-04,2911194.132948,-0.003703
2020-03-05,3018766.167166,0.036951
2020-03-06,3033324.456298,0.004823
2020-03-07,2962635.867406,-0.023304
2020-03-08,2696017.917691,-0.089993
2020-03-09,2634679.508028,-0.022751
2020-03-10,2630052.638646,-0.001756
2020-03-11,2630618.130472,0.000215
2020-03-12,1652829.510097,-0.371695
2020-03-13,1849980.125445,0.119281
2020-03-14,1729166.198226,-0.065306
2020-03-15,1792990.791160,0.036911
2020-03-16,1667357.438342,-0.070069
2020-03-17,1737566.422625,0.042108
2020-03-18,1741825.551844,0.002451
2020-03-19,2058624.528572,0.181878
2020-03-20,2061146.755249,0.001225
2020-03-21,2056587.426666,-0.002212
2020-03-22,1938609.563534,-0.057366
2020-03-23,2133479.540444,0.100520
2020-03-24,2239379.777552,0.049637
2020-03-25,2219289.017568,-0.008972
2020-03-26,2219289.017568,0.000000
2020-03-27,2219289.017568,0.000000
2020-03-28,2219289.017568,0.000000
2020-03-29,2219289.017568,0.000000
2020-03-30,2219289.017568,0.000000
2020-03-31,2219289.017568,0.000000
2020-04-01,2219289.017568,0.000000
2020-04-02,2219289.017568,0.000000
2020-04-03,2219289.017568,0.000000
2020-04-04,2219289.017568,0.000000
2020-04-05,2219289.017568,0.000000
2020-04-06,2219289.017568,0.000000
2020-04-07,2219289.017568,0.000000
2020-04-08,2219289.017568,0.000000
2020-04-09,2219289.017568,0.000000
2020-04-10,2219289.017568,0.000000
2020-04-11,2219289.017568,0.000000
2020-04-12,2219289.017568,0.000000
2020-04-13,2219289.017568,0.000000
2020-04-14,2219289.017568,0.000000
2020-04-15,2219289.017568,0.000000
2020-04-16,2219289.017568,0.000000
2020-04-17,2219289.017568,0.000000
2020-04-18,2219289.017568,0.000000
2020-04-19,2219289.017568,0.000000
2020-04-20,2219289.017568,0.000000
2020-04-21,2219289.017568,0.000000
2020-04-22,2219289.017568,0.000000
2020-04-23,2219289.017568,0.000000
2020-04-24,2219289.017568,0.000000
2020-04-25,2219289.017568,0.000000
2020-04-26,2219289.017568,0.000000
2020-04-27,2219289.017568,0.000000
2020-04-28,2219289.017568,0.000000
2020-04-29,2219289.017568,0.000000
2020-04-30,2219289.017568,0.000000
2020-05-01,2219289.017568,0.000000
2020-05-02,2219289.017568,0.000000
2020-05-03,2219289.017568,0.000000
2020-05-04,2219289.017568,0.000000
2020-05-05,2219289.017568,0.000000
2020-05-06,2219289.017568,0.000000
2020-05-07,2219289.017568,0.000000
2020-05-08,2219289.017568,0.000000
2020-05-09,2219289.017568,0.000000
2020-05-10,2219289.017568,0.000000
2020-05-11,2219289.017568,0.000000
2020-05-12,2219289.017568,0.000000
2020-05-13,2219289.017568,0.000000
2020-05-14,2219289.017568,0.000000
2020-05-15,2219289.017568,0.000000
2020-05-16,2219289.017568,0.000000
2020-05-17,2219289.017568,0.000000
2020-05-18,2219289.017568,0.000000
2020-05-19,2219289.017568,0.000000
2020-05-20,2219289.017568,0.000000
2020-05-21,2217069.728551,-0.001000
2020-05-22,2241703.541657,0.011111
2020-05-23,2248224.135164,0.002909
2020-05-24,2145955.232773,-0.045489
2020-05-25,2174412.094282,0.013261
2020-05-26,2156863.887074,-0.008070
2020-05-27,2241322.814499,0.039158
2020-05-28,2325481.114411,0.037548
2020-05-29,2304333.244391,-0.009094
2020-05-30,2368120.871500,0.027682
2020-05-31,2309688.037849,-0.024675
2020-06-01,2482092.075180,0.074644
2020-06-02,2326470.491235,-0.062698
2020-06-03,2357453.482101,0.013318
2020-06-04,2392587.802760,0.014904
2020-06-05,2359605.555497,-0.013785
2020-06-06,2356711.807089,-0.001226
2020-06-07,2382387.208499,0.010895
2020-06-08,2385472.156958,0.001295
2020-06-09,2391382.670267,0.002478
2020-06-10,2409544.291105,0.007595
2020-06-11,2275686.851659,-0.055553
2020-06-12,2314518.103985,0.017064
2020-06-13,2313159.200876,-0.000587
2020-06-14,2291556.694326,-0.009339
2020-06-15,2307159.762856,0.006809
2020-06-16,2328477.376562,0.009240
2020-06-17,2314374.346340,-0.006057
2020-06-18,2297672.711929,-0.007216
2020-06-19,2267444.508298,-0.013156
2020-06-20,2278264.714696,0.004772
2020-06-21,2271255.635506,-0.003076
2020-06-22,2355500.476090,0.037092
2020-06-23,2350847.544167,-0.001975
2020-06-24,2273692.124939,-0.032820
2020-06-25,2261779.551165,-0.005239
2020-06-26,2236904.233761,-0.010998
2020-06-27,2208212.782662,-0.012826
2020-06-28,2232183.833490,0.010855
2020-06-29,2243724.258535,0.005170
2020-06-30,2230819.447089,-0.005752
2020-07-01,2252871.822089,0.009885
2020-07-02,2227259.359349,-0.011369
2020-07-03,2218444.846259,-0.003958
2020-07-04,2229475.563436,0.004972
2020-07-05,2215183.001991,-0.006411
2020-07-06,2288794.783359,0.033231
2020-07-07,2258719.158323,-0.013140
2020-07-08,2301698.879594,0.019028
2020-07-09,2264990.853774,-0.015948
2020-07-10,2265195.881260,0.000091
2020-07-11,2255806.575995,-0.004145
2020-07-12,2264632.532480,0.003913
2020-07-13,2256604.275960,-0.003545
2020-07-14,2256506.530298,-0.000043
2020-07-15,2244208.218765,-0.005450
2020-07-16,2229411.909554,-0.006593
2020-07-17,2234090.589115,0.002099
2020-07-18,2235957.531262,0.000836
2020-07-19,2242494.570424,0.002924
2020-07-20,2237224.887213,-0.002350
2020-07-21,2288651.502523,0.022987
2020-07-22,2325386.468001,0.016051
2020-07-23,2338986.465669,0.005848
2020-07-24,2328201.066263,-0.004611
2020-07-25,2362432.550770,0.014703
2020-07-26,2418106.334303,0.023566
2020-07-27,2683155.140658,0.109610
2020-07-28,2664101.173445,-0.007101
2020-07-29,2709910.035625,0.017195
2020-07-30,2712533.433836,0.000968
2020-07-31,2764349.839774,0.019103
2020-08-01,2870819.421490,0.038515
2020-08-02,2698471.885919,-0.060034
2020-08-03,2745523.310029,0.017436
2020-08-04,2735646.945281,-0.003597
2020-08-05,2867750.684506,0.048290
2020-08-06,2875746.041267,0.002788
2020-08-07,2832218.229076,-0.015136
2020-08-08,2869465.286462,0.013151
2020-08-09,2850348.618984,-0.006662
2020-08-10,2899752.852703,0.017333
2020-08-11,2785603.084386,-0.039365
2020-08-12,2828180.856421,0.015285
2020-08-13,2876811.468984,0.017195
2020-08-14,2873084.498407,-0.001296
2020-08-15,2896722.498771,0.008227
2020-08-16,2903339.641696,0.002284
2020-08-17,2991615.179622,0.030405
2020-08-18,2927368.863113,-0.021475
2020-08-19,2870499.721653,-0.019427
2020-08-20,2899816.506585,0.010213
2020-08-21,2830025.150183,-0.024068
2020-08-22,2851834.353048,0.007706
2020-08-23,2847689.698569,-0.001453
2020-08-24,2874482.022972,0.009408
2020-08-25,2774766.189704,-0.034690
2020-08-26,2804605.317919,0.010754
2020-08-27,2764332.913086,-0.014359
2020-08-28,2817821.485060,0.019350
2020-08-29,2809122.121127,-0.003087
2020-08-30,2859080.167464,0.017784
2020-08-31,2851589.035277,-0.002620
2020-09-01,2922302.061752,0.024798
2020-09-02,2786459.670152,-0.046485
2020-09-03,2501140.797504,-0.102395
2020-09-04,2566204.363110,0.026014
2020-09-05,2482653.278324,-0.032558
2020-09-06,2509698.549428,0.010894
2020-09-07,2531477.474979,0.008678
2020-09-08,2473364.102761,-0.022956
2020-09-09,2500420.817261,0.010939
2020-09-10,2529909.014707,0.011793
2020-09-11,2539131.198731,0.003645
2020-09-12,2549202.816399,0.003967
2020-09-13,2520294.656015,-0.011340
2020-09-14,2607467.575191,0.034588
2020-09-15,2635813.817219,0.010871
2020-09-16,2679256.995970,0.016482
2020-09-17,2672930.467588,-0.002361
2020-09-18,2671855.265304,-0.000402
2020-09-19,2708415.719014,0.013684
2020-09-20,2670313.744690,-0.014068
2020-09-21,2554107.026195,-0.043518
2020-09-22,2572709.456129,0.007283
2020-09-23,2501357.983597,-0.027734
2020-09-24,2626809.296097,0.050153
2020-09-25,2610367.522105,-0.006259
2020-09-26,2624528.484512,0.005425
2020-09-27,2630520.770411,0.002283
2020-09-28,2614501.925210,-0.006090
2020-09-29,2647456.040795,0.012604
2020-09-30,2632772.019893,-0.005546
2020-10-01,2592481.734757,-0.015303
2020-10-02,2581867.747866,-0.004094
2020-10-03,2575362.893251,-0.002519
2020-10-04,2604719.968468,0.011399
2020-10-05,2634932.199027,0.011599
2020-10-06,2588808.643496,-0.017505
2020-10-07,2604570.012318,0.006088
2020-10-08,2664799.935728,0.023125
2020-10-09,2701119.124536,0.013629
2020-10-10,2757732.696850,0.020959
2020-10-11,2779171.896623,0.007774
2020-10-12,2820961.743260,0.015037
2020-10-13,2789356.279409,-0.011204
2020-10-14,2790236.943984,0.000316
2020-10-15,2806310.860521,0.005761
2020-10-16,2764021.795796,-0.015069
2020-10-17,2772805.077955,0.003178
2020-10-18,2803383.735546,0.011028
2020-10-19,2866533.631810,0.022526
2020-10-20,2909084.225783,0.014844
2020-10-21,3130592.822937,0.076144
2020-10-22,3165308.029269,0.011089
2020-10-23,3156921.689859,-0.002649
2020-10-24,3200015.606671,0.013651
2020-10-25,3181245.101879,-0.005866
2020-10-26,3192004.753647,0.003382
2020-10-27,3333346.411562,0.044280
2020-10-28,3239862.460267,-0.028045
2020-10-29,3280533.238274,0.012553
2020-10-30,3307054.974076,0.008085
2020-10-31,3364295.787456,0.017309
2020-11-01,3353582.147671,-0.003185
2020-11-02,3308023.371344,-0.013585
2020-11-03,3405627.659905,0.029505
2020-11-04,3450401.848490,0.013147
2020-11-05,3803442.253543,0.102319
2020-11-06,3800032.360357,-0.000897
2020-11-07,3621301.317836,-0.047034
2020-11-08,3778961.018039,0.043537
2020-11-09,3743013.024343,-0.009513
2020-11-10,3732903.023623,-0.002701
2020-11-11,3833101.386696,0.026842
2020-11-12,3973474.647344,0.036621
2020-11-13,3983597.283479,0.002548
2020-11-14,3922646.426210,-0.015300
2020-11-15,3895169.882171,-0.007005
2020-11-16,4080833.237777,0.047665
2020-11-17,4307698.058813,0.055593
2020-11-18,4346416.307617,0.008988
2020-11-19,4349610.445134,0.000735
2020-11-20,4545942.382159,0.045138
2020-11-21,4551048.996997,0.001123
2020-11-22,4484590.529270,-0.014603
2020-11-23,4483154.860057,-0.000320
2020-11-24,4664624.211543,0.040478
2020-11-25,4572993.136557,-0.019644
2020-11-26,4186908.737591,-0.084427
2020-11-27,4176601.576717,-0.002462
2020-11-28,4325277.020144,0.035597
2020-11-29,4437592.030861,0.025967
2020-11-30,4791171.944288,0.079678
2020-12-01,4590296.025992,-0.041926
2020-12-02,4687480.961822,0.021172
2020-12-03,4747122.504027,0.012724
2020-12-04,4565094.333438,-0.038345
2020-12-05,4676040.904884,0.024303
2020-12-06,4722642.222140,0.009966
2020-12-07,4685171.303347,-0.007934
2020-12-08,4472663.174445,-0.045358
2020-12-09,4529488.687963,0.012705
2020-12-10,4458954.941337,-0.015572
2020-12-11,4408643.580192,-0.011283
2020-12-12,4590456.710325,0.041240
2020-12-13,4673148.586900,0.018014
2020-12-14,4698601.557328,0.005447
2020-12-15,4740208.309651,0.008855
2020-12-16,5202465.664738,0.097518
2020-12-17,5567327.334812,0.070132
2020-12-18,5648572.098779,0.014593
2020-12-19,5827240.679438,0.031631
2020-12-20,5731412.262676,-0.016445
2020-12-21,5566819.534176,-0.028718
2020-12-22,5806049.896689,0.042974
2020-12-23,5673810.982366,-0.022776
2020-12-24,5794556.437243,0.021281
2020-12-25,6021310.638798,0.039132
2020-12-26,6453961.548028,0.071853
2020-12-27,6413743.737724,-0.006231
2020-12-28,6612099.248360,0.030927
2020-12-29,6679875.613697,0.010250
2020-12-30,7040819.351546,0.054034
2020-12-31,7080066.857350,0.005574
2021-01-01,7170987.011447,0.012842
2021-01-02,7843093.336617,0.093726
2021-01-03,8002936.102743,0.020380
2021-01-04,7805167.542888,-0.024712
2021-01-05,8298427.437974,0.063197
2021-01-06,8989775.354346,0.083311
2021-01-07,9611485.446528,0.069157
2021-01-08,9959747.042317,0.036234
2021-01-09,9827171.501469,-0.013311
2021-01-10,9363795.077753,-0.047153
2021-01-11,8682736.680353,-0.072733
2021-01-12,8281468.327184,-0.046215
2021-01-13,9109884.270399,0.100032
2021-01-14,9566635.922261,0.050138
2021-01-15,8990020.433714,-0.060274
2021-01-16,8832015.762844,-0.017576
2021-01-17,8737572.473636,-0.010693
2021-01-18,8942344.390983,0.023436
2021-01-19,8805568.170703,-0.015295
2021-01-20,8678121.177867,-0.014473
2021-01-21,7525346.982939,-0.132837
2021-01-22,8057556.378761,0.070722
2021-01-23,7828537.338692,-0.028423
2021-01-24,7882668.886399,0.006915
2021-01-25,7901469.906910,0.002385
2021-01-26,7951139.007533,0.006286
2021-01-27,7429368.371623,-0.065622
2021-01-28,8169936.235381,0.099681
2021-01-29,8377513.691636,0.025407
2021-01-30,8366073.157889,-0.001366
2021-01-31,8084067.863189,-0.033708
2021-02-01,8187288.236052,0.012768
2021-02-02,8668975.998353,0.058834
2021-02-03,9147902.088092,0.055246
2021-02-04,9014603.706153,-0.014571
2021-02-05,9312007.995513,0.032991
2021-02-06,9585844.613705,0.029407
2021-02-07,9497331.863746,-0.009234
2021-02-08,11277746.690103,0.187465
2021-02-09,11347234.796549,0.006162
2021-02-10,10965685.319499,-0.033625
2021-02-11,11695901.679230,0.066591
2021-02-12,11597157.580886,-0.008443
2021-02-13,11499669.395099,-0.008406
2021-02-14,11893144.796549,0.034216
2021-02-15,11704623.453143,-0.015851
2021-02-16,12010955.497520,0.026172
2021-02-17,12730915.714845,0.059942
2021-02-18,12616369.242182,-0.008998
2021-02-19,13643732.414895,0.081431
2021-02-20,13695337.356437,0.003782
2021-02-21,14046982.382561,0.025676
2021-02-22,13233402.800439,-0.057918
2021-02-23,11919299.628512,-0.099302
2021-02-24,12134351.528670,0.018042
2021-02-25,11496821.897077,-0.052539
2021-02-26,11312729.147380,-0.016012
2021-02-27,11275790.823244,-0.003265
2021-02-28,11019291.901479,-0.022748
2021-03-01,12116264.289897,0.099550
2021-03-02,11810556.864141,-0.025231
2021-03-03,12337686.346379,0.044632
2021-03-04,11855031.617234,-0.039120
2021-03-05,11944415.018799,0.007540
2021-03-06,11940772.204853,-0.000305
2021-03-07,12500872.014152,0.046906
2021-03-08,12754721.790067,0.020307
2021-03-09,13383978.800984,0.049335
2021-03-10,13673129.541993,0.021604
2021-03-11,14111718.619401,0.032077
2021-03-12,13996239.510079,-0.008183
2021-03-13,14951014.370027,0.068217
2021-03-14,14477222.549996,-0.031690
2021-03-15,13648387.015646,-0.057251
2021-03-16,13867539.465534,0.016057
2021-03-17,14371901.360609,0.036370
2021-03-18,14124852.775547,-0.017190
2021-03-19,14243920.342692,0.008430
2021-03-20,14235862.285664,-0.000566
2021-03-21,14042948.585967,-0.013551
2021-03-22,13311968.379647,-0.052053
2021-03-23,13363186.153005,0.003847
2021-03-24,12883557.248115,-0.035892
2021-03-25,12622316.946523,-0.020277
2021-03-26,13460437.841970,0.066400
2021-03-27,13664575.604533,0.015166
2021-03-28,13659017.929225,-0.000407
2021-03-29,14098310.775401,0.032161
2021-03-30,14383325.682880,0.020216
2021-03-31,14383604.138815,0.000019
2021-04-01,14426808.675108,0.003004
2021-04-02,14497239.907991,0.004882
2021-04-03,14062593.080021,-0.029981
2021-04-04,14344476.311846,0.020045
2021-04-05,14417549.061648,0.005094
2021-04-06,14206253.455766,-0.014655
2021-04-07,13682988.980053,-0.036833
2021-04-08,14238378.878859,0.040590
2021-04-09,14219105.341512,-0.001354
2021-04-10,14597068.267973,0.026581
2021-04-11,14697582.278014,0.006886
2021-04-12,14621534.245617,-0.005174
2021-04-13,15502829.161638,0.060274
2021-04-14,15406701.786192,-0.006201
2021-04-15,15456580.682383,0.003237
2021-04-16,15031503.393143,-0.027501
2021-04-17,14814483.229115,-0.014438
2021-04-18,13723818.058351,-0.073622
2021-04-19,13603728.214623,-0.008750
2021-04-20,13786521.185418,0.013437
2021-04-21,13159864.685923,-0.045454
2021-04-22,12636503.894972,-0.039769
2021-04-23,12473276.268086,-0.012917
2021-04-24,12218705.558310,-0.020409
2021-04-25,11963200.304643,-0.020911
2021-04-26,13188101.262086,0.102389
2021-04-27,13435001.083018,0.018721
2021-04-28,13384121.843417,-0.003787
2021-04-29,13074181.315277,-0.023157
2021-04-30,14098305.053703,0.078332
2021-05-01,14117316.346590,0.001348
2021-05-02,13825104.497527,-0.020699
2021-05-03,13964064.498942,0.010051
2021-05-04,13020090.296259,-0.067600
2021-05-05,14018679.053263,0.076696
2021-05-06,13767841.750974,-0.017893
2021-05-07,14002174.817408,0.017020
2021-05-08,14355516.326782,0.025235
2021-05-09,14216007.996042,-0.009718
2021-05-10,13636814.882862,-0.040742
2021-05-11,13843046.786636,0.015123
2021-05-12,11998911.324709,-0.133217
2021-05-13,12137002.581751,0.011509
2021-05-14,12177123.123201,0.003306
2021-05-15,11415365.907118,-0.062556
2021-05-16,11341120.209370,-0.006504
2021-05-17,10628627.760635,-0.062824
2021-05-18,10475290.087527,-0.014427
2021-05-19,9033248.810413,-0.137661
2021-05-20,9956116.625382,0.102163
2021-05-21,9107035.818761,-0.085282
2021-05-22,9163658.688833,0.006217
2021-05-23,8488394.463563,-0.073689
2021-05-24,9449126.564015,0.113182
2021-05-25,9374971.459807,-0.007848
2021-05-26,9592725.908322,0.023227
2021-05-27,9383453.876050,-0.021816
2021-05-28,8714704.756770,-0.071269
2021-05-29,8450673.220514,-0.030297
2021-05-30,8709950.026316,0.030681
2021-05-31,9113911.391680,0.046379
2021-06-01,8955735.069891,-0.017355
2021-06-02,9173068.973655,0.024268
2021-06-03,9571869.368056,0.043475
2021-06-04,9006874.646720,-0.059027
2021-06-05,8679148.222531,-0.036386
2021-06-06,8754930.196004,0.008731
2021-06-07,8193032.820138,-0.064181
2021-06-08,8171531.635310,-0.002624
2021-06-09,9116905.746599,0.115691
2021-06-10,8960049.229654,-0.017205
2021-06-11,9114288.070085,0.017214
2021-06-12,8679284.589650,-0.047728
2021-06-13,9544794.296445,0.099721
2021-06-14,9818365.809329,0.028662
2021-06-15,9864210.908925,0.004669
2021-06-16,9361505.445217,-0.050963
2021-06-17,9289840.232950,-0.007655
2021-06-18,8736588.341701,-0.059555
2021-06-19,8686056.539771,-0.005784
2021-06-20,8686056.539771,0.000000
2021-06-21,8686056.539771,0.000000
2021-06-22,8686056.539771,0.000000
2021-06-23,8686056.539771,0.000000
2021-06-24,8686056.539771,0.000000
2021-06-25,8686056.539771,0.000000
2021-06-26,8686056.539771,0.000000
2021-06-27,8686056.539771,0.000000
2021-06-28,8686056.539771,0.000000
2021-06-29,8686056.539771,0.000000
2021-06-30,8686056.539771,0.000000
2021-07-01,8686056.539771,0.000000
2021-07-02,8686056.539771,0.000000
2021-07-03,8686056.539771,0.000000
2021-07-04,8686056.539771,0.000000
2021-07-05,8686056.539771,0.000000
2021-07-06,8686056.539771,0.000000
2021-07-07,8686056.539771,0.000000
2021-07-08,8686056.539771,0.000000
2021-07-09,8686056.539771,0.000000
2021-07-10,8686056.539771,0.000000
2021-07-11,8686056.539771,0.000000
2021-07-12,8686056.539771,0.000000
2021-07-13,8686056.539771,0.000000
2021-07-14,8686056.539771,0.000000
2021-07-15,8686056.539771,0.000000
2021-07-16,8686056.539771,0.000000
2021-07-17,8686056.539771,0.000000
2021-07-18,8686056.539771,0.000000
2021-07-19,8686056.539771,0.000000
2021-07-20,8686056.539771,0.000000
2021-07-21,8686056.539771,0.000000
2021-07-22,8686056.539771,0.000000
2021-07-23,8686056.539771,0.000000
2021-07-24,8686056.539771,0.000000
2021-07-25,8686056.539771,0.000000
2021-07-26,8686056.539771,0.000000
2021-07-27,8686056.539771,0.000000
2021-07-28,8686056.539771,0.000000
2021-07-29,8686056.539771,0.000000
2021-07-30,8686056.539771,0.000000
2021-07-31,8686056.539771,0.000000
2021-08-01,8686056.539771,0.000000
2021-08-02,8686056.539771,0.000000
2021-08-03,8686056.539771,0.000000
2021-08-04,8686056.539771,0.000000
2021-08-05,8686056.539771,0.000000
2021-08-06,8686056.539771,0.000000
2021-08-07,8686056.539771,0.000000
2021-08-08,8686056.539771,0.000000
2021-08-09,8686056.539771,0.000000
2021-08-10,8686056.539771,0.000000
2021-08-11,8686056.539771,0.000000
2021-08-12,8686056.539771,0.000000
2021-08-13,8686056.539771,0.000000
2021-08-14,8686056.539771,0.000000
2021-08-15,8686056.539771,0.000000
2021-08-16,8686056.539771,0.000000
2021-08-17,8686056.539771,0.000000
2021-08-18,8686056.539771,0.000000
2021-08-19,8686056.539771,0.000000
2021-08-20,8686056.539771,0.000000
2021-08-21,8686056.539771,0.000000
2021-08-22,8686056.539771,0.000000
2021-08-23,8686056.539771,0.000000
2021-08-24,8686056.539771,0.000000
2021-08-25,8686056.539771,0.000000
2021-08-26,8686056.539771,0.000000
2021-08-27,8686056.539771,0.000000
2021-08-28,8686056.539771,0.000000
2021-08-29,8686056.539771,0.000000
2021-08-30,8686056.539771,0.000000
2021-08-31,8686056.539771,0.000000
2021-09-01,8686056.539771,0.000000
2021-09-02,8686056.539771,0.000000
2021-09-03,8686056.539771,0.000000
2021-09-04,8686056.539771,0.000000
2021-09-05,8686056.539771,0.000000
2021-09-06,8686056.539771,0.000000
2021-09-07,8686056.539771,0.000000
2021-09-08,8686056.539771,0.000000
2021-09-09,8686056.539771,0.000000
2021-09-10,8686056.539771,0.000000
2021-09-11,8686056.539771,0.000000
2021-09-12,8686056.539771,0.000000
2021-09-13,8686056.539771,0.000000
2021-09-14,8686056.539771,0.000000
2021-09-15,8677370.483231,-0.001000
2021-09-16,8606507.143460,-0.008166
2021-09-17,8513596.467990,-0.010795
2021-09-18,8695664.743909,0.021386
2021-09-19,8512281.486838,-0.021089
2021-09-20,7716817.692808,-0.093449
2021-09-21,7329547.601472,-0.050185
2021-09-22,7848429.100858,0.070793
2021-09-23,8086287.341382,0.030306
2021-09-24,7716088.085728,-0.045781
2021-09-25,7693905.779031,-0.002875
2021-09-26,7782512.583800,0.011516
2021-09-27,7607295.016006,-0.022514
2021-09-28,7390942.946783,-0.028440
2021-09-29,7486371.612937,0.012912
2021-09-30,7887403.627611,0.053568
2021-10-01,8666590.218347,0.098789
2021-10-02,8593561.967082,-0.008426
2021-10-03,8681541.886693,0.010238
2021-10-04,8845977.874056,0.018941
2021-10-05,9278598.287099,0.048906
2021-10-06,9971435.844640,0.074670
2021-10-07,9691273.057774,-0.028097
2021-10-08,9720427.087290,0.003008
2021-10-09,9900609.782539,0.018536
2021-10-10,9865191.122890,-0.003577
2021-10-11,10353881.523485,0.049537
2021-10-12,10093843.790564,-0.025115
2021-10-13,10338807.433122,0.024269
2021-10-14,10324474.910611,-0.001386
2021-10-15,11094003.529892,0.074534
2021-10-16,10967604.204056,-0.011393
2021-10-17,11086739.119951,0.010862
2021-10-18,11171836.493554,0.007676
2021-10-19,11574558.494928,0.036048
2021-10-20,11886309.680162,0.026934
2021-10-21,11204994.567329,-0.057319
2021-10-22,10931596.652288,-0.024400
2021-10-23,11057920.695620,0.011556
2021-10-24,10974566.780403,-0.007538
2021-10-25,11354427.525386,0.034613
2021-10-26,10872433.749858,-0.042450
2021-10-27,10533563.977041,-0.031168
2021-10-28,10918965.373675,0.036588
2021-10-29,11208199.350602,0.026489
2021-10-30,11147116.392507,-0.005450
2021-10-31,11044473.270224,-0.009208
2021-11-01,10987817.908426,-0.005130
2021-11-02,11388033.072743,0.036424
2021-11-03,11341859.568506,-0.004055
2021-11-04,11068477.835685,-0.024104
2021-11-05,11009660.388488,-0.005314
2021-11-06,11082031.500878,0.006573
2021-11-07,11406150.124171,0.029247
2021-11-08,12169809.522364,0.066952
2021-11-09,12062641.006885,-0.008806
2021-11-10,11706625.819456,-0.029514
2021-11-11,11698472.090951,-0.000697
2021-11-12,11555457.142336,-0.012225
2021-11-13,11611938.721155,0.004888
2021-11-14,11791569.813750,0.015470
2021-11-15,11447735.617054,-0.029159
2021-11-16,10835951.988667,-0.053441
2021-11-17,10873193.610656,0.003437
2021-11-18,10256141.614071,-0.056750
2021-11-19,10468216.652007,0.020678
2021-11-20,10752369.411636,0.027144
2021-11-21,10578248.716974,-0.016194
2021-11-22,10138553.859190,-0.041566
2021-11-23,10369062.557220,0.022736
2021-11-24,10136957.447940,-0.022384
2021-11-25,10316037.641456,0.017666
2021-11-26,9648726.481697,-0.064687
2021-11-27,9873026.132004,0.023247
2021-11-28,10311314.543738,0.044393
2021-11-29,10411838.498686,0.009749
2021-11-30,10267540.933188,-0.013859
2021-12-01,10307959.195456,0.003937
2021-12-02,10172510.490378,-0.013140
2021-12-03,9653856.245657,-0.050986
2021-12-04,8861792.125123,-0.082046
2021-12-05,8892077.502938,0.003418
2021-12-06,9110697.193782,0.024586
2021-12-07,9131853.688402,0.002322
2021-12-08,9096679.169213,-0.003852
2021-12-09,8586471.340119,-0.056087
2021-12-10,8509235.007898,-0.008995
2021-12-11,8890935.601017,0.044857
2021-12-12,9023469.395646,0.014907
2021-12-13,8418128.401819,-0.067085
2021-12-14,8395641.447229,-0.002671
2021-12-15,8807040.636769,0.049002
2021-12-16,8585265.412890,-0.025182
2021-12-17,8321706.288030,-0.030699
2021-12-18,8438174.655385,0.013996
2021-12-19,8412641.221855,-0.003026
2021-12-20,8443848.282675,0.003710
2021-12-21,8814225.542757,0.043864
2021-12-22,8758731.782975,-0.006296
2021-12-23,9147064.975854,0.044337
2021-12-24,9153847.437049,0.000741
2021-12-25,9083181.790005,-0.007720
2021-12-26,9151563.633206,0.007528
2021-12-27,9121106.583137,-0.003328
2021-12-28,8571473.939410,-0.060259
2021-12-29,8365396.173178,-0.024042
2021-12-30,8497495.158573,0.015791
2021-12-31,8340492.439106,-0.018476
2022-01-01,8589117.484989,0.029809
2022-01-02,8527591.274763,-0.007163
2022-01-03,8367810.841935,-0.018737
2022-01-04,8266848.559879,-0.012066
2022-01-05,7847437.763947,-0.050734
2022-01-06,7773937.413982,-0.009366
2022-01-07,7485207.900196,-0.037141
2022-01-08,7516915.202708,0.004236
2022-01-09,7548914.488767,0.004257
2022-01-10,7532642.914073,-0.002155
2022-01-11,7697375.106433,0.021869
2022-01-12,7915899.111102,0.028389
2022-01-13,7671387.163574,-0.030889
2022-01-14,7755145.969913,0.010918
2022-01-15,7755145.969913,0.000000
2022-01-16,7755145.969913,0.000000
2022-01-17,7755145.969913,0.000000
2022-01-18,7755145.969913,0.000000
2022-01-19,7755145.969913,0.000000
2022-01-20,7755145.969913,0.000000
2022-01-21,7755145.969913,0.000000
2022-01-22,7755145.969913,0.000000
2022-01-23,7755145.969913,0.000000
2022-01-24,7755145.969913,0.000000
2022-01-25,7755145.969913,0.000000
2022-01-26,7755145.969913,0.000000
2022-01-27,7755145.969913,0.000000
2022-01-28,7755145.969913,0.000000
2022-01-29,7755145.969913,0.000000
2022-01-30,7755145.969913,0.000000
2022-01-31,7755145.969913,0.000000
2022-02-01,7755145.969913,0.000000
2022-02-02,7755145.969913,0.000000
2022-02-03,7755145.969913,0.000000
2022-02-04,7755145.969913,0.000000
2022-02-05,7755145.969913,0.000000
2022-02-06,7755145.969913,0.000000
2022-02-07,7755145.969913,0.000000
2022-02-08,7755145.969913,0.000000
2022-02-09,7755145.969913,0.000000
2022-02-10,7755145.969913,0.000000
2022-02-11,7755145.969913,0.000000
2022-02-12,7755145.969913,0.000000
2022-02-13,7755145.969913,0.000000
2022-02-14,7755145.969913,0.000000
2022-02-15,7755145.969913,0.000000
2022-02-16,7755145.969913,0.000000
2022-02-17,7755145.969913,0.000000
2022-02-18,7755145.969913,0.000000
2022-02-19,7755145.969913,0.000000
2022-02-20,7755145.969913,0.000000
2022-02-21,7755145.969913,0.000000
2022-02-22,7755145.969913,0.000000
2022-02-23,7755145.969913,0.000000
2022-02-24,7755145.969913,0.000000
2022-02-25,7755145.969913,0.000000
2022-02-26,7755145.969913,0.000000
2022-02-27,7755145.969913,0.000000
2022-02-28,7755145.969913,0.000000
2022-03-01,7755145.969913,0.000000
2022-03-02,7755145.969913,0.000000
2022-03-03,7755145.969913,0.000000
2022-03-04,7755145.969913,0.000000
2022-03-05,7755145.969913,0.000000
2022-03-06,7755145.969913,0.000000
2022-03-07,7755145.969913,0.000000
2022-03-08,7755145.969913,0.000000
2022-03-09,7755145.969913,0.000000
2022-03-10,7755145.969913,0.000000
2022-03-11,7755145.969913,0.000000
2022-03-12,7755145.969913,0.000000
2022-03-13,7755145.969913,0.000000
2022-03-14,7755145.969913,0.000000
2022-03-15,7755145.969913,0.000000
2022-03-16,7755145.969913,0.000000
2022-03-17,7755145.969913,0.000000
2022-03-18,7755145.969913,0.000000
2022-03-19,7755145.969913,0.000000
2022-03-20,7755145.969913,0.000000
2022-03-21,7755145.969913,0.000000
2022-03-22,7755145.969913,0.000000
2022-03-23,7755145.969913,0.000000
2022-03-24,7755145.969913,0.000000
2022-03-25,7755145.969913,0.000000
2022-03-26,7755145.969913,0.000000
2022-03-27,7755145.969913,0.000000
2022-03-28,7755145.969913,0.000000
2022-03-29,7755145.969913,0.000000
2022-03-30,7755145.969913,0.000000
2022-03-31,7755145.969913,0.000000
2022-04-01,7755145.969913,0.000000
2022-04-02,7755145.969913,0.000000
2022-04-03,7755145.969913,0.000000
2022-04-04,7755145.969913,0.000000
2022-04-05,7755145.969913,0.000000
2022-04-06,7755145.969913,0.000000
2022-04-07,7755145.969913,0.000000
2022-04-08,7755145.969913,0.000000
2022-04-09,7755145.969913,0.000000
2022-04-10,7755145.969913,0.000000
2022-04-11,7755145.969913,0.000000
2022-04-12,7755145.969913,0.000000
2022-04-13,7755145.969913,0.000000
2022-04-14,7755145.969913,0.000000
2022-04-15,7755145.969913,0.000000
2022-04-16,7755145.969913,0.000000
2022-04-17,7755145.969913,0.000000
2022-04-18,7755145.969913,0.000000
2022-04-19,7755145.969913,0.000000
2022-04-20,7755145.969913,0.000000
2022-04-21,7755145.969913,0.000000
2022-04-22,7755145.969913,0.000000
2022-04-23,7755145.969913,0.000000
2022-04-24,7755145.969913,0.000000
2022-04-25,7755145.969913,0.000000
2022-04-26,7755145.969913,0.000000
2022-04-27,7755145.969913,0.000000
2022-04-28,7755145.969913,0.000000
2022-04-29,7755145.969913,0.000000
2022-04-30,7755145.969913,0.000000
2022-05-01,7755145.969913,0.000000
2022-05-02,7755145.969913,0.000000
2022-05-03,7755145.969913,0.000000
2022-05-04,7755145.969913,0.000000
2022-05-05,7755145.969913,0.000000
2022-05-06,7755145.969913,0.000000
2022-05-07,7755145.969913,0.000000
2022-05-08,7755145.969913,0.000000
2022-05-09,7755145.969913,0.000000
2022-05-10,7755145.969913,0.000000
2022-05-11,7755145.969913,0.000000
2022-05-12,7755145.969913,0.000000
2022-05-13,7755145.969913,0.000000
2022-05-14,7755145.969913,0.000000
2022-05-15,7755145.969913,0.000000
2022-05-16,7755145.969913,0.000000
2022-05-17,7755145.969913,0.000000
2022-05-18,7755145.969913,0.000000
2022-05-19,7755145.969913,0.000000
2022-05-20,7755145.969913,0.000000
2022-05-21,7755145.969913,0.000000
2022-05-22,7755145.969913,0.000000
2022-05-23,7755145.969913,0.000000
2022-05-24,7755145.969913,0.000000
2022-05-25,7755145.969913,0.000000
2022-05-26,7755145.969913,0.000000
2022-05-27,7755145.969913,0.000000
2022-05-28,7755145.969913,0.000000
2022-05-29,7755145.969913,0.000000
2022-05-30,7755145.969913,0.000000
2022-05-31,7755145.969913,0.000000
2022-06-01,7755145.969913,0.000000
2022-06-02,7755145.969913,0.000000
2022-06-03,7755145.969913,0.000000
2022-06-04,7755145.969913,0.000000
2022-06-05,7755145.969913,0.000000
2022-06-06,7755145.969913,0.000000
2022-06-07,7755145.969913,0.000000
2022-06-08,7755145.969913,0.000000
2022-06-09,7755145.969913,0.000000
2022-06-10,7755145.969913,0.000000
2022-06-11,7755145.969913,0.000000
2022-06-12,7755145.969913,0.000000
2022-06-13,7755145.969913,0.000000
2022-06-14,7755145.969913,0.000000
2022-06-15,7755145.969913,0.000000
2022-06-16,7755145.969913,0.000000
2022-06-17,7755145.969913,0.000000
2022-06-18,7755145.969913,0.000000
2022-06-19,7755145.969913,0.000000
2022-06-20,7755145.969913,0.000000
2022-06-21,7755145.969913,0.000000
2022-06-22,7755145.969913,0.000000
2022-06-23,7755145.969913,0.000000
2022-06-24,7755145.969913,0.000000
2022-06-25,7755145.969913,0.000000
2022-06-26,7755145.969913,0.000000
2022-06-27,7755145.969913,0.000000
2022-06-28,7755145.969913,0.000000
2022-06-29,7755145.969913,0.000000
2022-06-30,7755145.969913,0.000000
2022-07-01,7755145.969913,0.000000
2022-07-02,7755145.969913,0.000000
2022-07-03,7755145.969913,0.000000
2022-07-04,7755145.969913,0.000000
2022-07-05,7755145.969913,0.000000
2022-07-06,7755145.969913,0.000000
2022-07-07,7755145.969913,0.000000
2022-07-08,7755145.969913,0.000000
2022-07-09,7755145.969913,0.000000
2022-07-10,7755145.969913,0.000000
2022-07-11,7755145.969913,0.000000
2022-07-12,7755145.969913,0.000000
2022-07-13,7755145.969913,0.000000
2022-07-14,7755145.969913,0.000000
2022-07-15,7755145.969913,0.000000
2022-07-16,7755145.969913,0.000000
2022-07-17,7755145.969913,0.000000
2022-07-18,7755145.969913,0.000000
2022-07-19,7755145.969913,0.000000
2022-07-20,7755145.969913,0.000000
2022-07-21,7755145.969913,0.000000
2022-07-22,7755145.969913,0.000000
2022-07-23,7755145.969913,0.000000
2022-07-24,7755145.969913,0.000000
2022-07-25,7755145.969913,0.000000
2022-07-26,7755145.969913,0.000000
2022-07-27,7755145.969913,0.000000
2022-07-28,7755145.969913,0.000000
2022-07-29,7755145.969913,0.000000
2022-07-30,7755145.969913,0.000000
2022-07-31,7755145.969913,0.000000
2022-08-01,7755145.969913,0.000000
2022-08-02,7755145.969913,0.000000
2022-08-03,7755145.969913,0.000000
2022-08-04,7755145.969913,0.000000
2022-08-05,7755145.969913,0.000000
2022-08-06,7755145.969913,0.000000
2022-08-07,7755145.969913,0.000000
2022-08-08,7755145.969913,0.000000
2022-08-09,7755145.969913,0.000000
2022-08-10,7755145.969913,0.000000
2022-08-11,7755145.969913,0.000000
2022-08-12,7755145.969913,0.000000
2022-08-13,7755145.969913,0.000000
2022-08-14,7755145.969913,0.000000
2022-08-15,7755145.969913,0.000000
2022-08-16,7755145.969913,0.000000
2022-08-17,7755145.969913,0.000000
2022-08-18,7755145.969913,0.000000
2022-08-19,7755145.969913,0.000000
2022-08-20,7755145.969913,0.000000
2022-08-21,7755145.969913,0.000000
2022-08-22,7755145.969913,0.000000
2022-08-23,7755145.969913,0.000000
2022-08-24,7755145.969913,0.000000
2022-08-25,7755145.969913,0.000000
2022-08-26,7755145.969913,0.000000
2022-08-27,7755145.969913,0.000000
2022-08-28,7755145.969913,0.000000
2022-08-29,7755145.969913,0.000000
2022-08-30,7755145.969913,0.000000
2022-08-31,7755145.969913,0.000000
2022-09-01,7755145.969913,0.000000
2022-09-02,7755145.969913,0.000000
2022-09-03,7755145.969913,0.000000
2022-09-04,7755145.969913,0.000000
2022-09-05,7755145.969913,0.000000
2022-09-06,7755145.969913,0.000000
2022-09-07,7755145.969913,0.000000
2022-09-08,7755145.969913,0.000000
2022-09-09,7755145.969913,0.000000
2022-09-10,7755145.969913,0.000000
2022-09-11,7755145.969913,0.000000
2022-09-12,7755145.969913,0.000000
2022-09-13,7755145.969913,0.000000
2022-09-14,7755145.969913,0.000000
2022-09-15,7755145.969913,0.000000
2022-09-16,7755145.969913,0.000000
2022-09-17,7755145.969913,0.000000
2022-09-18,7755145.969913,0.000000
2022-09-19,7755145.969913,0.000000
2022-09-20,7755145.969913,0.000000
2022-09-21,7755145.969913,0.000000
2022-09-22,7755145.969913,0.000000
2022-09-23,7755145.969913,0.000000
2022-09-24,7755145.969913,0.000000
2022-09-25,7755145.969913,0.000000
2022-09-26,7755145.969913,0.000000
2022-09-27,7755145.969913,0.000000
2022-09-28,7755145.969913,0.000000
2022-09-29,7755145.969913,0.000000
2022-09-30,7755145.969913,0.000000
2022-10-01,7755145.969913,0.000000
2022-10-02,7755145.969913,0.000000
2022-10-03,7755145.969913,0.000000
2022-10-04,7755145.969913,0.000000
2022-10-05,7755145.969913,0.000000
2022-10-06,7755145.969913,0.000000
2022-10-07,7755145.969913,0.000000
2022-10-08,7755145.969913,0.000000
2022-10-09,7755145.969913,0.000000
2022-10-10,7755145.969913,0.000000
2022-10-11,7755145.969913,0.000000
2022-10-12,7755145.969913,0.000000
2022-10-13,7755145.969913,0.000000
2022-10-14,7755145.969913,0.000000
2022-10-15,7755145.969913,0.000000
2022-10-16,7755145.969913,0.000000
2022-10-17,7755145.969913,0.000000
2022-10-18,7755145.969913,0.000000
2022-10-19,7755145.969913,0.000000
2022-10-20,7755145.969913,0.000000
2022-10-21,7755145.969913,0.000000
2022-10-22,7755145.969913,0.000000
2022-10-23,7755145.969913,0.000000
2022-10-24,7755145.969913,0.000000
2022-10-25,7755145.969913,0.000000
2022-10-26,7755145.969913,0.000000
2022-10-27,7755145.969913,0.000000
2022-10-28,7755145.969913,0.000000
2022-10-29,7755145.969913,0.000000
2022-10-30,7755145.969913,0.000000
2022-10-31,7755145.969913,0.000000
2022-11-01,7755145.969913,0.000000
2022-11-02,7755145.969913,0.000000
2022-11-03,7755145.969913,0.000000
2022-11-04,7755145.969913,0.000000
2022-11-05,7755145.969913,0.000000
2022-11-06,7755145.969913,0.000000
2022-11-07,7755145.969913,0.000000
2022-11-08,7755145.969913,0.000000
2022-11-09,7755145.969913,0.000000
2022-11-10,7755145.969913,0.000000
2022-11-11,7755145.969913,0.000000
2022-11-12,7755145.969913,0.000000
2022-11-13,7755145.969913,0.000000
2022-11-14,7755145.969913,0.000000
2022-11-15,7755145.969913,0.000000
2022-11-16,7755145.969913,0.000000
2022-11-17,7755145.969913,0.000000
2022-11-18,7755145.969913,0.000000
2022-11-19,7755145.969913,0.000000
2022-11-20,7755145.969913,0.000000
2022-11-21,7755145.969913,0.000000
2022-11-22,7755145.969913,0.000000
2022-11-23,7755145.969913,0.000000
2022-11-24,7755145.969913,0.000000
2022-11-25,7755145.969913,0.000000
2022-11-26,7755145.969913,0.000000
2022-11-27,7755145.969913,0.000000
2022-11-28,7755145.969913,0.000000
2022-11-29,7755145.969913,0.000000
2022-11-30,7755145.969913,0.000000
2022-12-01,7755145.969913,0.000000
2022-12-02,7755145.969913,0.000000
2022-12-03,7755145.969913,0.000000
2022-12-04,7755145.969913,0.000000
2022-12-05,7755145.969913,0.000000
2022-12-06,7755145.969913,0.000000
2022-12-07,7755145.969913,0.000000
2022-12-08,7755145.969913,0.000000
2022-12-09,7755145.969913,0.000000
2022-12-10,7755145.969913,0.000000
2022-12-11,7755145.969913,0.000000
2022-12-12,7755145.969913,0.000000
2022-12-13,7755145.969913,0.000000
2022-12-14,7755145.969913,0.000000
2022-12-15,7755145.969913,0.000000
2022-12-16,7755145.969913,0.000000
2022-12-17,7755145.969913,0.000000
2022-12-18,7755145.969913,0.000000
2022-12-19,7755145.969913,0.000000
2022-12-20,7755145.969913,0.000000
2022-12-21,7755145.969913,0.000000
2022-12-22,7755145.969913,0.000000
2022-12-23,7755145.969913,0.000000
2022-12-24,7755145.969913,0.000000
2022-12-25,7755145.969913,0.000000
2022-12-26,7755145.969913,0.000000
2022-12-27,7755145.969913,0.000000
2022-12-28,7755145.969913,0.000000
2022-12-29,7755145.969913,0.000000
2022-12-30,7755145.969913,0.000000
2022-12-31,7755145.969913,0.000000
2023-01-01,7755145.969913,0.000000
2023-01-02,7755145.969913,0.000000
2023-01-03,7755145.969913,0.000000
2023-01-04,7755145.969913,0.000000
2023-01-05,7755145.969913,0.000000
2023-01-06,7755145.969913,0.000000
2023-01-07,7755145.969913,0.000000
2023-01-08,7755145.969913,0.000000
2023-01-09,7755145.969913,0.000000
2023-01-10,7755145.969913,0.000000
2023-01-11,7755145.969913,0.000000
2023-01-12,7755145.969913,0.000000
2023-01-13,7755145.969913,0.000000
2023-01-14,7755145.969913,0.000000
2023-01-15,7755145.969913,0.000000
2023-01-16,7755145.969913,0.000000
2023-01-17,7755145.969913,0.000000
2023-01-18,7755145.969913,0.000000
2023-01-19,7755145.969913,0.000000
2023-01-20,7755145.969913,0.000000
2023-01-21,7755145.969913,0.000000
2023-01-22,7755145.969913,0.000000
2023-01-23,7755145.969913,0.000000
2023-01-24,7755145.969913,0.000000
2023-01-25,7755145.969913,0.000000
2023-01-26,7755145.969913,0.000000
2023-01-27,7755145.969913,0.000000
2023-01-28,7755145.969913,0.000000
2023-01-29,7755145.969913,0.000000
2023-01-30,7755145.969913,0.000000
2023-01-31,7755145.969913,0.000000
2023-02-01,7755145.969913,0.000000
2023-02-02,7755145.969913,0.000000
2023-02-03,7755145.969913,0.000000
2023-02-04,7755145.969913,0.000000
2023-02-05,7755145.969913,0.000000
2023-02-06,7755145.969913,0.000000
2023-02-07,7747390.823944,-0.001000
2023-02-08,7639080.203853,-0.013980
2023-02-09,7265987.421471,-0.048840
2023-02-10,7210089.646938,-0.007693
2023-02-11,7283249.376376,0.010147
2023-02-12,7255718.704556,-0.003780
2023-02-13,7262345.109879,0.000913
2023-02-14,7399779.930287,0.018924
2023-02-15,8094786.953340,0.093923
2023-02-16,7866884.919628,-0.028154
2023-02-17,8180623.878120,0.039881
2023-02-18,8205824.771390,0.003081
2023-02-19,8101380.838025,-0.012728
2023-02-20,8268387.975944,0.020615
2023-02-21,8137582.812923,-0.015820
2023-02-22,8055159.254371,-0.010129
2023-02-23,7974786.447290,-0.009978
2023-02-24,7725239.326933,-0.031292
2023-02-25,7717662.668550,-0.000981
2023-02-26,7846151.061277,0.016649
2023-02-27,7833382.808147,-0.001627
2023-02-28,7708331.196508,-0.015964
2023-03-01,7874569.546531,0.021566
2023-03-02,7817596.639754,-0.007235
2023-03-03,7447025.914056,-0.047402
2023-03-04,7443918.892244,-0.000417
2023-03-05,7471280.456743,0.003676
2023-03-06,7469363.690303,-0.000257
2023-03-07,7399435.211517,-0.009362
2023-03-08,7232366.934798,-0.022579
2023-03-09,6781117.057603,-0.062393
2023-03-10,6722581.208935,-0.008632
2023-03-11,6870826.540028,0.022052
2023-03-12,7380846.414489,0.074230
2023-03-13,8058052.940795,0.091752
2023-03-14,8240723.319093,0.022669
2023-03-15,8117471.399595,-0.014956
2023-03-16,8342862.840007,0.027766
2023-03-17,9132479.555311,0.094646
2023-03-18,8979943.451160,-0.016703
2023-03-19,9337196.975347,0.039783
2023-03-20,9246804.559511,-0.009681
2023-03-21,9382866.358557,0.014714
2023-03-22,9093686.335929,-0.030820
2023-03-23,9435534.183195,0.037592
2023-03-24,9155575.712850,-0.029671
2023-03-25,9156049.213349,0.000052
2023-03-26,9322429.353356,0.018172
2023-03-27,9037890.676269,-0.030522
2023-03-28,9080596.778889,0.004725
2023-03-29,9440352.441011,0.039618
2023-03-30,9335494.194710,-0.011107
2023-03-31,9483658.224207,0.015871
2023-04-01,9461196.869533,-0.002368
2023-04-02,9390689.523381,-0.007452
2023-04-03,9254458.617014,-0.014507
2023-04-04,9380293.325630,0.013597
2023-04-05,9383588.316734,0.000351
2023-04-06,9339016.830284,-0.004750
2023-04-07,9299627.832802,-0.004218
2023-04-08,9306932.618646,0.000785
2023-04-09,9435227.188367,0.013785
2023-04-10,9874778.741441,0.046586
2023-04-11,10068617.357450,0.019630
2023-04-12,10036646.317635,-0.003175
2023-04-13,10123233.818754,0.008627
2023-04-14,10152083.527676,0.002850
2023-04-15,10096402.991077,-0.005485
2023-04-16,10095357.127339,-0.000104
2023-04-17,9805533.846479,-0.028709
2023-04-18,10122729.748855,0.032349
2023-04-19,9598279.166219,-0.051809
2023-04-20,9406234.388635,-0.020008
2023-04-21,9083520.384300,-0.034309
2023-04-22,9263542.932203,0.019819
2023-04-23,9188243.995158,-0.008129
2023-04-24,9166250.287267,-0.002394
2023-04-25,9426751.009120,0.028420
2023-04-26,9465081.785022,0.004066
2023-04-27,9815105.320834,0.036981
2023-04-28,9770639.851666,-0.004530
2023-04-29,9740078.256328,-0.003128
2023-04-30,9746844.500396,0.000695
2023-05-01,9354810.803630,-0.040222
2023-05-02,9550944.075899,0.020966
2023-05-03,9659429.674231,0.011359
2023-05-04,9606614.856307,-0.005468
2023-05-05,9835285.027503,0.023803
2023-05-06,9625567.234074,-0.021323
2023-05-07,9475830.506494,-0.015556
2023-05-08,9222507.089582,-0.026734
2023-05-09,9210685.837448,-0.001282
2023-05-10,9198357.913765,-0.001338
2023-05-11,8991568.929049,-0.022481
2023-05-12,8926365.699053,-0.007252
2023-05-13,8919401.729502,-0.000780
2023-05-14,8968208.053512,0.005472
2023-05-15,9055475.235977,0.009731
2023-05-16,9003511.157959,-0.005738
2023-05-17,9124111.994997,0.013395
2023-05-18,8935429.851446,-0.020680
2023-05-19,8954717.842204,0.002159
2023-05-20,9034459.748896,0.008905
2023-05-21,8909327.486074,-0.013851
2023-05-22,8941779.831340,0.003643
2023-05-23,9066475.667193,0.013945
2023-05-24,8769793.133238,-0.032723
2023-05-25,8816877.164227,0.005369
2023-05-26,8897826.887436,0.009181
2023-05-27,8947466.390207,0.005579
2023-05-28,9352838.752105,0.045306
2023-05-29,9239694.247086,-0.012097
2023-05-30,9225196.546395,-0.001569
2023-05-31,9064454.834710,-0.017424
2023-06-01,8931355.015428,-0.014684
2023-06-02,9074422.410443,0.016019
2023-06-03,9016324.939983,-0.006402
2023-06-04,9030956.625705,0.001623
2023-06-05,8578404.622141,-0.050111
2023-06-06,9070823.676575,0.057402
2023-06-07,8773516.095945,-0.032776
2023-06-08,8827536.779150,0.006157
2023-06-09,8818265.145082,-0.001050
2023-06-10,8608756.134154,-0.023759
2023-06-11,8638370.078083,0.003440
2023-06-12,8625826.217359,-0.001452
2023-06-13,8631230.497083,0.000627
2023-06-14,8366801.932499,-0.030636
2023-06-15,8517229.398443,0.017979
2023-06-16,8767343.678738,0.029366
2023-06-17,8828355.648830,0.006959
2023-06-18,8770257.527957,-0.006581
2023-06-19,8941697.228918,0.019548
2023-06-20,9433374.812792,0.054987
2023-06-21,9999430.349225,0.060006
2023-06-22,9961128.841898,-0.003830
2023-06-23,10221939.160231,0.026183
2023-06-24,10173061.941229,-0.004782
2023-06-25,10150272.778518,-0.002240
2023-06-26,10080629.830939,-0.006861
2023-06-27,10219506.616463,0.013777
2023-06-28,10019061.107514,-0.019614
2023-06-29,10138647.300628,0.011936
2023-06-30,10149270.492436,0.001048
2023-07-01,10186842.887045,0.003702
2023-07-02,10197063.473347,0.001003
2023-07-03,10375447.631477,0.017494
2023-07-04,10249283.813998,-0.012160
2023-07-05,10161563.293830,-0.008559
2023-07-06,9960148.669851,-0.019821
2023-07-07,10104318.514514,0.014475
2023-07-08,10087759.655748,-0.001639
2023-07-09,10047363.168882,-0.004005
2023-07-10,10128363.624288,0.008062
2023-07-11,10197123.961735,0.006789
2023-07-12,10120762.900632,-0.007488
2023-07-13,10481881.177512,0.035681
2023-07-14,10101588.732109,-0.036281
2023-07-15,10088847.145903,-0.001261
2023-07-16,10073304.231886,-0.001541
2023-07-17,10038922.762337,-0.003413
2023-07-18,9942573.866334,-0.009598
2023-07-19,9961675.839040,0.001921
2023-07-20,9921079.025040,-0.004075
2023-07-21,9959950.944368,0.003918
2023-07-22,9914347.903261,-0.004579
2023-07-23,10018492.646751,0.010504
2023-07-24,9716243.880292,-0.030169
2023-07-25,9733052.497563,0.001730
2023-07-26,9775538.760666,0.004365
2023-07-27,9727490.817948,-0.004915
2023-07-28,9763641.410237,0.003716
2023-07-29,9776186.571787,0.001285
2023-07-30,9749009.724515,-0.002780
2023-07-31,9733958.522554,-0.001544
2023-08-01,9882355.399824,0.015245
2023-08-02,9707932.905889,-0.017650
2023-08-03,9716831.203025,0.000917
2023-08-04,9682002.249489,-0.003584
2023-08-05,9671357.594060,-0.001099
2023-08-06,9671267.186685,-0.000009
2023-08-07,9717463.404240,0.004777
2023-08-08,9912246.419594,0.020045
2023-08-09,9844312.756781,-0.006854
2023-08-10,9800387.780626,-0.004462
2023-08-11,9789772.393771,-0.001083
2023-08-12,9795849.850714,0.000621
2023-08-13,9751542.431850,-0.004523
2023-08-14,9793345.111129,0.004287
2023-08-15,9714056.542139,-0.008096
2023-08-16,9558017.965209,-0.016063
2023-08-17,8879597.768671,-0.070979
2023-08-18,8674797.746213,-0.023064
2023-08-19,8690332.204863,0.001791
2023-08-20,8721428.439500,0.003578
2023-08-21,8699635.058743,-0.002499
2023-08-22,8668836.713156,-0.003540
2023-08-23,8802036.045592,0.015365
2023-08-24,8712366.888758,-0.010187
2023-08-25,8674168.797062,-0.004384
2023-08-26,8661113.061487,-0.001505
2023-08-27,8688163.728681,0.003123
2023-08-28,8693644.106699,0.000631
2023-08-29,9233536.138959,0.062102
2023-08-30,9090298.986211,-0.015513
2023-08-31,8635474.440421,-0.050034
2023-09-01,8591933.858215,-0.005042
2023-09-02,8614603.344975,0.002638
2023-09-03,8648160.091129,0.003895
2023-09-04,8595827.229069,-0.006051
2023-09-05,8585026.474574,-0.001257
2023-09-06,8576119.722073,-0.001037
2023-09-07,8738282.585665,0.018909
2023-09-08,8626876.633986,-0.012749
2023-09-09,8623554.325546,-0.000385
2023-09-10,8602424.365817,-0.002450
2023-09-11,8379449.208853,-0.025920
2023-09-12,8594193.605521,0.025628
2023-09-13,8594193.605521,0.000000
2023-09-14,8594193.605521,0.000000
2023-09-15,8594193.605521,0.000000
2023-09-16,8594193.605521,0.000000
2023-09-17,8594193.605521,0.000000
2023-09-18,8594193.605521,0.000000
2023-09-19,8594193.605521,0.000000
2023-09-20,8594193.605521,0.000000
2023-09-21,8594193.605521,0.000000
2023-09-22,8594193.605521,0.000000
2023-09-23,8594193.605521,0.000000
2023-09-24,8594193.605521,0.000000
2023-09-25,8594193.605521,0.000000
2023-09-26,8594193.605521,0.000000
2023-09-27,8594193.605521,0.000000
2023-09-28,8594193.605521,0.000000
2023-09-29,8594193.605521,0.000000
2023-09-30,8594193.605521,0.000000
2023-10-01,8594193.605521,0.000000
2023-10-02,8594193.605521,0.000000
2023-10-03,8594193.605521,0.000000
2023-10-04,8594193.605521,0.000000
2023-10-05,8594193.605521,0.000000
2023-10-06,8594193.605521,0.000000
2023-10-07,8594193.605521,0.000000
2023-10-08,8594193.605521,0.000000
2023-10-09,8594193.605521,0.000000
2023-10-10,8594193.605521,0.000000
2023-10-11,8594193.605521,0.000000
2023-10-12,8594193.605521,0.000000
2023-10-13,8594193.605521,0.000000
2023-10-14,8594193.605521,0.000000
2023-10-15,8594193.605521,0.000000
2023-10-16,8594193.605521,0.000000
2023-10-17,8594193.605521,0.000000
2023-10-18,8594193.605521,0.000000
2023-10-19,8594193.605521,0.000000
2023-10-20,8594193.605521,0.000000
2023-10-21,8594193.605521,0.000000
2023-10-22,8594193.605521,0.000000
2023-10-23,8594193.605521,0.000000
2023-10-24,8594193.605521,0.000000
2023-10-25,8594193.605521,0.000000
2023-10-26,8594193.605521,0.000000
2023-10-27,8594193.605521,0.000000
2023-10-28,8594193.605521,0.000000
2023-10-29,8594193.605521,0.000000
2023-10-30,8585599.411915,-0.001000
2023-10-31,8626794.779250,0.004798
2023-11-01,8818271.959773,0.022196
2023-11-02,8694096.958424,-0.014082
2023-11-03,8642855.949326,-0.005894
2023-11-04,8729918.520925,0.010073
2023-11-05,8721746.593324,-0.000936
2023-11-06,8718764.379231,-0.000342
2023-11-07,8819841.801806,0.011593
2023-11-08,8872525.316026,0.005973
2023-11-09,9130785.250887,0.029108
2023-11-10,9285277.160628,0.016920
2023-11-11,9241501.407148,-0.004715
2023-11-12,9220715.336038,-0.002249
2023-11-13,9083313.807061,-0.014901
2023-11-14,8843252.376844,-0.026429
2023-11-15,9426274.259986,0.065928
2023-11-16,8996819.877979,-0.045559
2023-11-17,9106786.592562,0.012223
2023-11-18,9104054.192361,-0.000300
2023-11-19,9303337.635807,0.021890
2023-11-20,9325835.466700,0.002418
2023-11-21,8911975.498218,-0.044378
2023-11-22,9314732.843047,0.045193
2023-11-23,9279218.444708,-0.003813
2023-11-24,9386384.716396,0.011549
2023-11-25,9405424.034336,0.002028
2023-11-26,9326373.976025,-0.008405
2023-11-27,9270396.223356,-0.006002
2023-11-28,9413957.560256,0.015486
2023-11-29,9420777.382315,0.000724
2023-11-30,9384509.654146,-0.003850
2023-12-01,9627380.275604,0.025880
2023-12-02,9823363.648369,0.020357
2023-12-03,9948296.839611,0.012718
2023-12-04,10446405.328260,0.050070
2023-12-05,10969110.278906,0.050037
2023-12-06,10885946.553697,-0.007582
2023-12-07,10773026.786176,-0.010373
2023-12-08,10990499.013880,0.020187
2023-12-09,10880855.016077,-0.009976
2023-12-10,10894221.517378,0.001228
2023-12-11,10263191.625162,-0.057923
2023-12-12,10314550.250917,0.005004
2023-12-13,10673011.801672,0.034753
2023-12-14,10706165.118514,0.003106
2023-12-15,10433878.668215,-0.025433
2023-12-16,10511109.070470,0.007402
2023-12-17,10293259.691830,-0.020726
2023-12-18,10606520.480676,0.030434
2023-12-19,10518676.390129,-0.008282
2023-12-20,10862506.817505,0.032688
2023-12-21,10916481.198841,0.004969
2023-12-22,10948519.587533,0.002935
2023-12-23,10884228.961682,-0.005872
2023-12-24,10704210.349107,-0.016539
2023-12-25,10852774.768124,0.013879
2023-12-26,10580855.748375,-0.025055
2023-12-27,10810400.694149,0.021694
2023-12-28,10607594.583209,-0.018760
2023-12-29,10476093.327878,-0.012397
2023-12-30,10490401.734478,0.001366
2023-12-31,10517347.613510,0.002569
2024-01-01,10990680.785078,0.045005
2024-01-02,11187424.291944,0.017901
2024-01-03,10662419.498227,-0.046928
2024-01-04,10993813.665138,0.031081
2024-01-05,10989526.003350,-0.000390
2024-01-06,10946352.913735,-0.003929
2024-01-07,10934881.887492,-0.001048
2024-01-08,11688227.271292,0.068894
2024-01-09,11481496.068922,-0.017687
2024-01-10,11602942.558094,0.010578
2024-01-11,11538444.888044,-0.005559
2024-01-12,10663661.763419,-0.075815
2024-01-13,10660977.965143,-0.000252
2024-01-14,10400661.196833,-0.024418
2024-01-15,10578757.117271,0.017124
2024-01-16,10738756.597107,0.015125
2024-01-17,10636160.850408,-0.009554
2024-01-18,10267727.156765,-0.034640
2024-01-19,10356401.368184,0.008636
2024-01-20,10368141.649088,0.001134
2024-01-21,10338330.200582,-0.002875
2024-01-22,9831086.494187,-0.049064
2024-01-23,9915240.726619,0.008560
2024-01-24,9972853.448031,0.005811
2024-01-25,9937202.964304,-0.003575
2024-01-26,10405787.727839,0.047155
2024-01-27,10481232.495384,0.007250
2024-01-28,10460215.079113,-0.002005
2024-01-29,10771927.410641,0.029800
2024-01-30,10688406.947306,-0.007754
2024-01-31,10596334.489320,-0.008614
2024-02-01,10719055.320954,0.011581
2024-02-02,10746449.309732,0.002556
2024-02-03,10698271.193921,-0.004483
2024-02-04,10596577.498943,-0.009506
2024-02-05,10615262.022833,0.001763
2024-02-06,10721269.624639,0.009986
2024-02-07,11028228.687942,0.028631
2024-02-08,11272925.769726,0.022188
2024-02-09,11732196.460432,0.040741
2024-02-10,11887493.218044,0.013237
2024-02-11,12017548.080100,0.010940
2024-02-12,12431696.744015,0.034462
2024-02-13,12378001.337725,-0.004319
2024-02-14,12896650.943783,0.041901
2024-02-15,12924486.238036,0.002158
2024-02-16,12979641.646140,0.004268
2024-02-17,12855915.726705,-0.009532
2024-02-18,12970271.195079,0.008895
2024-02-19,12884818.319222,-0.006588
2024-02-20,13010665.226646,0.009767
2024-02-21,12899757.578803,-0.008524
2024-02-22,12766824.510773,-0.010305
2024-02-23,12624232.296250,-0.011169
2024-02-24,12833048.521184,0.016541
2024-02-25,12873394.922866,0.003144
2024-02-26,13567455.679048,0.053914
2024-02-27,14205229.574321,0.047008
2024-02-28,15553807.588798,0.094935
2024-02-29,15228719.035583,-0.020901
2024-03-01,15537842.828607,0.020299
2024-03-02,15435622.288766,-0.006579
2024-03-03,15718685.729824,0.018338
2024-03-04,17003466.914004,0.081736
2024-03-05,15876408.695511,-0.066284
2024-03-06,16450139.834749,0.036137
2024-03-07,16653861.605948,0.012384
2024-03-08,16995921.951230,0.020539
2024-03-09,17045388.990080,0.002911
2024-03-10,17175012.267045,0.007605
2024-03-11,17947446.542748,0.044974
2024-03-12,17787536.490454,-0.008910
2024-03-13,18186233.630502,0.022414
2024-03-14,17766460.751874,-0.023082
2024-03-15,17270563.650794,-0.027912
2024-03-16,16253134.849528,-0.058911
2024-03-17,17018449.915317,0.047087
2024-03-18,16808917.298014,-0.012312
2024-03-19,15406489.323127,-0.083434
2024-03-20,16899764.015462,0.096925
2024-03-21,16296999.058512,-0.035667
2024-03-22,15870825.306414,-0.026150
2024-03-23,15941357.391421,0.004444
2024-03-24,16730675.975728,0.049514
2024-03-25,17408680.600101,0.040525
2024-03-26,17415902.846096,0.000415
2024-03-27,17283396.502964,-0.007608
2024-03-28,17604305.290663,0.018567
2024-03-29,17392260.925897,-0.012045
2024-03-30,17330666.734822,-0.003541
2024-03-31,17750797.323616,0.024242
2024-04-01,17344811.838956,-0.022871
2024-04-02,16285946.008821,-0.061048
2024-04-03,16418787.705233,0.008157
2024-04-04,17047867.688234,0.038315
2024-04-05,16880844.258257,-0.009797
2024-04-06,17144235.584316,0.015603
2024-04-07,17260306.700628,0.006770
2024-04-08,17824880.265234,0.032709
2024-04-09,17204680.825894,-0.034794
2024-04-10,17565219.622906,0.020956
2024-04-11,17434011.923199,-0.007470
2024-04-12,16721144.166277,-0.040889
2024-04-13,15881453.575284,-0.050217
2024-04-14,16358546.591739,0.030041
2024-04-15,15783095.916409,-0.035177
2024-04-16,15879062.360594,0.006080
2024-04-17,15248205.491229,-0.039729
2024-04-18,15804631.429196,0.036491
2024-04-19,15886952.397032,0.005209
2024-04-20,16173337.293617,0.018026
2024-04-21,16156466.593552,-0.001043
2024-04-22,16632012.124728,0.029434
2024-04-23,16524909.035542,-0.006440
2024-04-24,15994782.571010,-0.032080
2024-04-25,16045747.521177,0.003186
2024-04-26,15864992.103425,-0.011265
2024-04-27,15781336.526739,-0.005273
2024-04-28,15705213.276327,-0.004824
2024-04-29,15886342.928898,0.011533
2024-04-30,15088987.530341,-0.050191
2024-05-01,14496036.274004,-0.039297
2024-05-02,14712384.825213,0.014925
2024-05-03,15649623.367016,0.063704
2024-05-04,15898872.505058,0.015927
2024-05-05,15933625.797257,0.002186
2024-05-06,15717336.540397,-0.013574
2024-05-07,15511511.277902,-0.013095
2024-05-08,15226120.776694,-0.018399
2024-05-09,15689469.168874,0.030431
2024-05-10,15127787.418782,-0.035800
2024-05-11,15128019.735981,0.000015
2024-05-12,15290932.415177,0.010769
2024-05-13,15652513.237452,0.023647
2024-05-14,15316910.143872,-0.021441
2024-05-15,16490125.610149,0.076596
2024-05-16,16232347.806380,-0.015632
2024-05-17,16685312.883390,0.027905
2024-05-18,16657673.940913,-0.001656
2024-05-19,16492831.765311,-0.009896
2024-05-20,17779301.380351,0.078002
2024-05-21,17452904.463326,-0.018358
2024-05-22,17200530.221533,-0.014460
2024-05-23,16903718.268047,-0.017256
2024-05-24,17052162.154291,0.008782
2024-05-25,17236266.244648,0.010797
2024-05-26,17050169.475383,-0.010797
2024-05-27,17268269.639953,0.012792
2024-05-28,16994957.689046,-0.015827
2024-05-29,16816258.132704,-0.010515
2024-05-30,17012071.398733,0.011644
2024-05-31,16794688.598570,-0.012778
2024-06-01,16848319.850319,0.003193
2024-06-02,16859434.138435,0.000660
2024-06-03,17121509.324377,0.015545
2024-06-04,17560213.624673,0.025623
2024-06-05,17688380.787977,0.007299
2024-06-06,17607343.882989,-0.004581
2024-06-07,17255337.639858,-0.019992
2024-06-08,17246177.149111,-0.000531
2024-06-09,17331335.497305,0.004938
2024-06-10,17297564.936021,-0.001949
2024-06-11,16755027.484025,-0.031365
2024-06-12,16981263.610773,0.013503
2024-06-13,16611785.947789,-0.021758
2024-06-14,16426322.947621,-0.011165
2024-06-15,16471091.152402,0.002725
2024-06-16,16582583.967417,0.006769
2024-06-17,16545568.741648,-0.002232
2024-06-18,16209744.023291,-0.020297
2024-06-19,16164840.705160,-0.002770
2024-06-20,16132083.007984,-0.002026
2024-06-21,15949817.042416,-0.011298
2024-06-22,15988730.659360,0.002440
2024-06-23,15722026.626120,-0.016681
2024-06-24,14999543.464436,-0.045954
2024-06-25,15379581.353595,0.025337
2024-06-26,15132390.993079,-0.016073
2024-06-27,15329852.836391,0.013049
2024-06-28,15010174.649422,-0.020853
2024-06-29,15151328.246977,0.009404
2024-06-30,15596982.622490,0.029414
2024-07-01,15640203.341992,0.002771
2024-07-02,15435415.244567,-0.013094
2024-07-03,14973790.276633,-0.029907
2024-07-04,14178437.277370,-0.053116
2024-07-05,14099970.442154,-0.005534
2024-07-06,14508360.750043,0.028964
2024-07-07,13897595.916304,-0.042097
2024-07-08,14110601.627139,0.015327
2024-07-09,14435123.481913,0.022998
2024-07-10,14368749.777574,-0.004598
2024-07-11,14269814.727835,-0.006885
2024-07-12,14407810.172330,0.009670
2024-07-13,14739389.026555,0.023014
2024-07-14,15126547.097666,0.026267
2024-07-15,16142408.972883,0.067158
2024-07-16,16198895.101683,0.003499
2024-07-17,15955439.313053,-0.015029
2024-07-18,15919425.286930,-0.002257
2024-07-19,16600278.956123,0.042769
2024-07-20,16713126.792796,0.006798
2024-07-21,16959697.964793,0.014753
2024-07-22,16818038.907221,-0.008353
2024-07-23,16405564.093589,-0.024526
2024-07-24,16267322.723355,-0.008426
2024-07-25,16368127.003114,0.006197
2024-07-26,16899363.535603,0.032456
2024-07-27,16874796.234760,-0.001454
2024-07-28,16984916.531425,0.006526
2024-07-29,16627591.293667,-0.021038
2024-07-30,16473583.459095,-0.009262
2024-07-31,16079973.968513,-0.023893
2024-08-01,16263681.467165,0.011425
2024-08-02,15282638.982765,-0.060321
2024-08-03,15099747.024407,-0.011967
2024-08-04,14461936.191672,-0.042240
2024-08-05,13435334.263158,-0.070986
2024-08-06,13943683.177318,0.037837
2024-08-07,13693135.395851,-0.017969
2024-08-08,15356064.826362,0.121443
2024-08-09,15149520.255383,-0.013450
2024-08-10,15150703.101806,0.000078
2024-08-11,15150703.101806,0.000000
2024-08-12,15150703.101806,0.000000
2024-08-13,15150703.101806,0.000000
2024-08-14,15150703.101806,0.000000
2024-08-15,15150703.101806,0.000000
2024-08-16,15150703.101806,0.000000
2024-08-17,15150703.101806,0.000000
2024-08-18,15150703.101806,0.000000
2024-08-19,15150703.101806,0.000000
2024-08-20,15150703.101806,0.000000
2024-08-21,15150703.101806,0.000000
2024-08-22,15150703.101806,0.000000
2024-08-23,15150703.101806,0.000000
2024-08-24,15150703.101806,0.000000
2024-08-25,15150703.101806,0.000000
2024-08-26,15150703.101806,0.000000
2024-08-27,15150703.101806,0.000000
2024-08-28,15150703.101806,0.000000
2024-08-29,15150703.101806,0.000000
2024-08-30,15150703.101806,0.000000
2024-08-31,15150703.101806,0.000000
2024-09-01,15150703.101806,0.000000
2024-09-02,15150703.101806,0.000000
2024-09-03,15150703.101806,0.000000
2024-09-04,15150703.101806,0.000000
2024-09-05,15150703.101806,0.000000
2024-09-06,15150703.101806,0.000000
2024-09-07,15150703.101806,0.000000
2024-09-08,15150703.101806,0.000000
2024-09-09,15150703.101806,0.000000
2024-09-10,15150703.101806,0.000000
2024-09-11,15150703.101806,0.000000
2024-09-12,15150703.101806,0.000000
2024-09-13,15150703.101806,0.000000
2024-09-14,15150703.101806,0.000000
2024-09-15,15150703.101806,0.000000
2024-09-16,15150703.101806,0.000000
2024-09-17,15150703.101806,0.000000
2024-09-18,15150703.101806,0.000000
2024-09-19,15150703.101806,0.000000
2024-09-20,15150703.101806,0.000000
2024-09-21,15150703.101806,0.000000
2024-09-22,15150703.101806,0.000000
2024-09-23,15150703.101806,0.000000
2024-09-24,15150703.101806,0.000000
2024-09-25,15150703.101806,0.000000
2024-09-26,15150703.101806,0.000000
2024-09-27,15150703.101806,0.000000
2024-09-28,15150703.101806,0.000000
2024-09-29,15150703.101806,0.000000
2024-09-30,15150703.101806,0.000000
2024-10-01,15150703.101806,0.000000
2024-10-02,15150703.101806,0.000000
2024-10-03,15150703.101806,0.000000
2024-10-04,15150703.101806,0.000000
2024-10-05,15150703.101806,0.000000
2024-10-06,15150703.101806,0.000000
2024-10-07,15150703.101806,0.000000
2024-10-08,15150703.101806,0.000000
2024-10-09,15150703.101806,0.000000
2024-10-10,15150703.101806,0.000000
2024-10-11,15150703.101806,0.000000
2024-10-12,15150703.101806,0.000000
2024-10-13,15150703.101806,0.000000
2024-10-14,15150703.101806,0.000000
2024-10-15,15150703.101806,0.000000
2024-10-16,15150703.101806,0.000000
2024-10-17,15150703.101806,0.000000
2024-10-18,15150703.101806,0.000000
2024-10-19,15150703.101806,0.000000
2024-10-20,15150703.101806,0.000000
2024-10-21,15150703.101806,0.000000
2024-10-22,15150703.101806,0.000000
2024-10-23,15150703.101806,0.000000
2024-10-24,15150703.101806,0.000000
2024-10-25,15150703.101806,0.000000
2024-10-26,15150703.101806,0.000000
2024-10-27,15150703.101806,0.000000
2024-10-28,15135552.398704,-0.001000
2024-10-29,15745124.863930,0.040274
2024-10-30,15662642.454729,-0.005239
2024-10-31,15202687.090954,-0.029366
2024-11-01,15044042.013178,-0.010435
2024-11-02,15002212.204159,-0.002780
2024-11-03,14883527.796378,-0.007911
2024-11-04,14682252.816589,-0.013523
2024-11-05,15017430.886344,0.022829
2024-11-06,16377044.305159,0.090536
2024-11-07,16434590.105751,0.003514
2024-11-08,16573293.753685,0.008440
2024-11-09,16623826.476992,0.003049
2024-11-10,17423921.163227,0.048129
2024-11-11,19205259.709037,0.102235
2024-11-12,19043810.076959,-0.008407
2024-11-13,19612889.328791,0.029883
2024-11-14,18891083.657511,-0.036803
2024-11-15,19717216.042409,0.043731
2024-11-16,19607327.582984,-0.005573
2024-11-17,19453033.116588,-0.007869
2024-11-18,19603898.854653,0.007755
2024-11-19,19993875.682668,0.019893
2024-11-20,20425976.645665,0.021612
2024-11-21,21327815.081454,0.044152
2024-11-22,21434543.765585,0.005004
2024-11-23,21170311.785437,-0.012327
2024-11-24,21221526.194741,0.002419
2024-11-25,20158104.496120,-0.050111
2024-11-26,19916261.587596,-0.011997
2024-11-27,20777390.006252,0.043237
2024-11-28,20710256.621952,-0.003231
2024-11-29,21101945.276838,0.018913
2024-11-30,20882729.945460,-0.010388
2024-12-01,21062596.940173,0.008613
2024-12-02,20756338.933696,-0.014540
2024-12-03,20785971.130485,0.001428
2024-12-04,21384932.925328,0.028816
2024-12-05,20914019.840208,-0.022021
2024-12-06,21634397.861409,0.034445
2024-12-07,21634966.214995,0.000026
2024-12-08,21919181.913197,0.013137
2024-12-09,21095708.611148,-0.037569
2024-12-10,20931743.676146,-0.007772
2024-12-11,21905544.810188,0.046523
2024-12-12,21660875.357490,-0.011169
2024-12-13,21967517.340943,0.014156
2024-12-14,21948834.408329,-0.000850
2024-12-15,22582300.002128,0.028861
2024-12-16,22957093.670056,0.016597
2024-12-17,22981101.534483,0.001046
2024-12-18,21660559.041654,-0.057462
2024-12-19,21108317.264811,-0.025495
2024-12-20,21165688.837964,0.002718
2024-12-21,21050675.047093,-0.005434
2024-12-22,20591707.536453,-0.021803
2024-12-23,20501053.447942,-0.004402
2024-12-24,21364918.759760,0.042138
2024-12-25,21499830.000730,0.006315
2024-12-26,20741228.509337,-0.035284
2024-12-27,20388165.908433,-0.017022
2024-12-28,20604480.268383,0.010610
2024-12-29,20250757.971353,-0.017167
2024-12-30,20058705.205110,-0.009484
2024-12-31,20228884.815931,0.008484
