Date,Equity,DailyReturn
2015-01-01,99900.000000,0.000000
2015-01-02,100149.071847,0.002493
2015-01-03,89356.309529,-0.107767
2015-01-04,83987.913802,-0.060079
2015-01-05,87255.617751,0.038907
2015-01-06,90979.829319,0.042682
2015-01-07,93570.091678,0.028471
2015-01-08,90076.991033,-0.037331
2015-01-09,92321.052682,0.024913
2015-01-10,87357.979070,-0.053759
2015-01-11,84453.637917,-0.033246
2015-01-12,85132.670566,0.008040
2015-01-13,71801.483895,-0.156593
2015-01-14,56619.159070,-0.211449
2015-01-15,66709.660679,0.178217
2015-01-16,66154.289158,-0.008325
2015-01-17,63344.994337,-0.042466
2015-01-18,66867.025079,0.055601
2015-01-19,68304.570531,0.021499
2015-01-20,67177.296005,-0.016504
2015-01-21,72130.832969,0.073738
2015-01-22,74200.052830,0.028687
2015-01-23,74032.516329,-0.002258
2015-01-24,78790.862451,0.064274
2015-01-25,80657.261182,0.023688
2015-01-26,86937.396384,0.077862
2015-01-27,83759.024539,-0.036559
2015-01-28,74361.860551,-0.112193
2015-01-29,74234.066553,-0.001719
2015-01-30,71980.783556,-0.030354
2015-01-31,69132.071235,-0.039576
2015-02-01,72154.674590,0.043722
2015-02-02,75733.289769,0.049596
2015-02-03,72248.775018,-0.046010
2015-02-04,72116.843297,-0.001826
2015-02-05,69019.848264,-0.042944
2015-02-06,70658.633490,0.023744
2015-02-07,72403.272602,0.024691
2015-02-08,71022.947041,-0.019064
2015-02-09,69973.236608,-0.014780
2015-02-10,69887.086621,-0.001231
2015-02-11,69679.177014,-0.002975
2015-02-12,70499.047429,0.011766
2015-02-13,74842.529944,0.061611
2015-02-14,81802.663101,0.092997
2015-02-15,74651.151821,-0.087424
2015-02-16,74338.974536,-0.004182
2015-02-17,77443.915158,0.041767
2015-02-18,75128.323796,-0.029900
2015-02-19,76386.259136,0.016744
2015-02-20,77497.642482,0.014550
2015-02-21,77737.654600,0.003097
2015-02-22,75017.376582,-0.034993
2015-02-23,75944.056489,0.012353
2015-02-24,75894.146736,-0.000657
2015-02-25,75492.001893,-0.005299
2015-02-26,75160.111007,-0.004396
2015-02-27,80692.230510,0.073604
2015-02-28,80830.516762,0.001714
2015-03-01,82718.530603,0.023358
2015-03-02,87635.832183,0.059446
2015-03-03,89553.406723,0.021881
2015-03-04,86816.281920,-0.030564
2015-03-05,87797.324603,0.011300
2015-03-06,86698.970473,-0.012510
2015-03-07,87823.703186,0.012973
2015-03-08,87217.471157,-0.006903
2015-03-09,92066.415439,0.055596
2015-03-10,92750.861567,0.007434
2015-03-11,94219.243476,0.015831
2015-03-12,93575.495456,-0.006832
2015-03-13,90708.980744,-0.030633
2015-03-14,89611.587070,-0.012098
2015-03-15,91044.684349,0.015992
2015-03-16,92379.863631,0.014665
2015-03-17,90762.387915,-0.017509
2015-03-18,81477.767051,-0.102296
2015-03-19,82949.331076,0.018061
2015-03-20,83210.322851,0.003146
2015-03-21,82662.261467,-0.006586
2015-03-22,85184.806831,0.030516
2015-03-23,84796.966961,-0.004553
2015-03-24,78074.949264,-0.079272
2015-03-25,78266.327386,0.002451
2015-03-26,79008.624007,0.009484
2015-03-27,78530.821430,-0.006047
2015-03-28,80364.792646,0.023354
2015-03-29,77158.756760,-0.039894
2015-03-30,78688.816432,0.019830
2015-03-31,77639.106000,-0.013340
2015-04-01,78608.070222,0.012480
2015-04-02,80430.598431,0.023185
2015-04-03,80849.274758,0.005205
2015-04-04,80650.586498,-0.002458
2015-04-05,82844.418242,0.027202
2015-04-06,81221.218597,-0.019593
2015-04-07,80486.227263,-0.009049
2015-04-08,77892.792489,-0.032222
2015-04-09,77464.894815,-0.005493
2015-04-10,75047.577586,-0.031205
2015-04-11,75200.168810,0.002033
2015-04-12,75073.325566,-0.001687
2015-04-13,71396.481938,-0.048977
2015-04-14,69670.911272,-0.024169
2015-04-15,71156.780270,0.021327
2015-04-16,72663.633775,0.021177
2015-04-17,70854.459785,-0.024898
2015-04-18,71005.144650,0.002127
2015-04-19,70764.812379,-0.003385
2015-04-20,71408.880551,0.009102
2015-04-21,74792.300038,0.047381
2015-04-22,74444.833273,-0.004646
2015-04-23,75171.558865,0.009762
2015-04-24,73520.379877,-0.021965
2015-04-25,71969.655850,-0.021092
2015-04-26,69757.061259,-0.030743
2015-04-27,72890.296526,0.044916
2015-04-28,71799.577535,-0.014964
2015-04-29,71784.637110,-0.000208
2015-04-30,75070.783753,0.045778
2015-05-01,73778.194387,-0.017218
2015-05-02,74684.530091,0.012285
2015-05-03,76410.100757,0.023105
2015-05-04,75984.114293,-0.005575
2015-05-05,75063.153464,-0.012120
2015-05-06,73047.976227,-0.026846
2015-05-07,75448.766823,0.032866
2015-05-08,77524.346067,0.027510
2015-05-09,76878.686837,-0.008328
2015-05-10,76390.392007,-0.006351
2015-05-11,76982.323914,0.007749
2015-05-12,76649.797574,-0.004320
2015-05-13,75144.535128,-0.019638
2015-05-14,75320.017219,0.002335
2015-05-15,75534.916811,0.002853
2015-05-16,75073.325566,-0.006111
2015-05-17,75279.644114,0.002748
2015-05-18,74111.676331,-0.015515
2015-05-19,73736.235074,-0.005066
2015-05-20,74394.608218,0.008929
2015-05-21,74816.141659,0.005666
2015-05-22,76406.923491,0.021263
2015-05-23,75937.697107,-0.006141
2015-05-24,76599.252368,0.008712
2015-05-25,75377.557262,-0.015949
2015-05-26,75379.463621,0.000025
2015-05-27,75432.555491,0.000704
2015-05-28,75472.293143,0.000527
2015-05-29,75373.104239,-0.001314
2015-05-30,74180.659381,-0.015821
2015-05-31,73177.681436,-0.013521
2015-06-01,70868.444605,-0.031557
2015-06-02,71783.046051,0.012906
2015-06-03,71805.616766,0.000314
2015-06-04,71312.873763,-0.006862
2015-06-05,71512.512777,0.002799
2015-06-06,71724.555255,0.002965
2015-06-07,70854.139633,-0.012136
2015-06-08,72636.930189,0.025161
2015-06-09,72814.638792,0.002447
2015-06-10,72736.749696,-0.001070
2015-06-11,73023.499153,0.003942
2015-06-12,73111.555500,0.001206
2015-06-13,73880.875858,0.010523
2015-06-14,74243.603201,0.004910
2015-06-15,75286.318798,0.014045
2015-06-16,79759.826673,0.059420
2015-06-17,79247.685371,-0.006421
2015-06-18,79159.629024,-0.001111
2015-06-19,77760.545467,-0.017674
2015-06-20,77953.194496,0.002477
2015-06-21,77550.094048,-0.005171
2015-06-22,78518.422817,0.012486
2015-06-23,77661.996866,-0.010907
2015-06-24,76460.010510,-0.015477
2015-06-25,77186.095798,0.009496
2015-06-26,77438.826682,0.003274
2015-06-27,79790.027677,0.030362
2015-06-28,79160.899931,-0.007885
2015-06-29,81720.956435,0.032340
2015-06-30,83630.905537,0.023372
2015-07-01,82215.930800,-0.016919
2015-07-02,81195.785918,-0.012408
2015-07-03,81489.525360,0.003618
2015-07-04,82935.972007,0.017750
2015-07-05,86441.471265,0.042268
2015-07-06,85524.963459,-0.010603
2015-07-07,84627.528951,-0.010493
2015-07-08,86082.881644,0.017197
2015-07-09,85587.907279,-0.005750
2015-07-10,90568.152679,0.058189
2015-07-11,93181.611504,0.028856
2015-07-12,98824.998373,0.060563
2015-07-13,92844.316840,-0.060518
2015-07-14,91385.151428,-0.015716
2015-07-15,90865.389539,-0.005688
2015-07-16,88404.827538,-0.027079
2015-07-17,88844.483522,0.004973
2015-07-18,87391.362191,-0.016356
2015-07-19,86982.227363,-0.004682
2015-07-20,88688.394879,0.019615
2015-07-21,87687.648296,-0.011284
2015-07-22,88129.205788,0.005036
2015-07-23,87756.316045,-0.004231
2015-07-24,91643.931244,0.044300
2015-07-25,91777.124169,0.001453
2015-07-26,93045.236462,0.013817
2015-07-27,93343.424076,0.003205
2015-07-28,93598.701623,0.002735
2015-07-29,92061.011662,-0.016429
2015-07-30,91467.168545,-0.006451
2015-07-31,90490.578884,-0.010677
2015-08-01,89521.304211,-0.010711
2015-08-02,89843.338297,0.003597
2015-08-03,89402.401706,-0.004908
2015-08-04,90671.144601,0.014191
2015-08-05,89610.626614,-0.011696
2015-08-06,88559.965427,-0.011725
2015-08-07,88880.408454,0.003618
2015-08-08,82971.266337,-0.066484
2015-08-09,84270.210236,0.015655
2015-08-10,84075.334695,-0.002313
2015-08-11,85956.033549,0.022369
2015-08-12,84681.256274,-0.014831
2015-08-13,83951.348565,-0.008619
2015-08-14,84459.992449,0.006059
2015-08-15,83147.379031,-0.015541
2015-08-16,82179.685715,-0.011638
2015-08-17,82010.888009,-0.002054
2015-08-18,67102.268873,-0.181788
2015-08-19,72063.120825,0.073930
2015-08-20,74818.052870,0.038229
2015-08-21,73933.967728,-0.011816
2015-08-22,73241.260709,-0.009369
2015-08-23,72535.204323,-0.009640
2015-08-24,66916.614680,-0.077460
2015-08-25,70449.768278,0.052799
2015-08-26,71791.947247,0.019052
2015-08-27,71454.337282,-0.004703
2015-08-28,73561.068284,0.029484
2015-08-29,73047.340774,-0.006984
2015-08-30,72723.400329,-0.004435
2015-08-31,73135.081820,0.005661
2015-09-01,72519.943745,-0.008411
2015-09-02,72889.661073,0.005098
2015-09-03,72221.751280,-0.009163
2015-09-04,73212.015311,0.013711
2015-09-05,74712.824735,0.020499
2015-09-06,76245.426220,0.020513
2015-09-07,76247.652731,0.000029
2015-09-08,77442.959553,0.015677
2015-09-09,75713.896320,-0.022327
2015-09-10,75812.129619,0.001297
2015-09-11,76330.305301,0.006835
2015-09-12,74779.586124,-0.020316
2015-09-13,73280.042756,-0.020053
2015-09-14,73322.006919,0.000573
2015-09-15,73213.921670,-0.001474
2015-09-16,72828.308312,-0.005267
2015-09-17,73056.877423,0.003138
2015-09-18,74063.037484,0.013772
2015-09-19,73591.904740,-0.006361
2015-09-20,73502.577487,-0.001214
2015-09-21,72190.599522,-0.017849
2015-09-22,73313.741177,0.015558
2015-09-23,73207.246987,-0.001453
2015-09-24,74557.056244,0.018438
2015-09-25,74752.562386,0.002622
2015-09-26,74496.969538,-0.003419
2015-09-27,73993.734282,-0.006755
2015-09-28,76023.531793,0.027432
2015-09-29,75243.083728,-0.010266
2015-09-30,75043.760016,-0.002649
2015-10-01,75517.114420,0.006308
2015-10-02,75435.732757,-0.001078
2015-10-03,75892.555677,0.006056
2015-10-04,75742.826417,-0.001973
2015-10-05,76418.046347,0.008915
2015-10-06,78223.727770,0.023629
2015-10-07,77240.138423,-0.012574
2015-10-08,77028.736249,-0.002737
2015-10-09,77545.961177,0.006715
2015-10-10,77867.039658,0.004140
2015-10-11,78537.496114,0.008610
2015-10-12,77983.710800,-0.007051
2015-10-13,79318.894933,0.017121
2015-10-14,80107.608740,0.009944
2015-10-15,80848.639304,0.009250
2015-10-16,83566.370659,0.033615
2015-10-17,86036.789460,0.029562
2015-10-18,83176.629280,-0.033243
2015-10-19,83746.946078,0.006857
2015-10-20,85662.619109,0.022875
2015-10-21,84648.193306,-0.011842
2015-10-22,87112.247873,0.029109
2015-10-23,87898.415016,0.009025
2015-10-24,89538.146146,0.018655
2015-10-25,90182.214317,0.007193
2015-10-26,90697.212733,0.005711
2015-10-27,93395.560341,0.029751
2015-10-28,96838.435931,0.036863
2015-10-29,99774.889298,0.030323
2015-10-30,104276.371666,0.045116
2015-10-31,99873.748349,-0.042221
2015-11-01,103454.910192,0.035857
2015-11-02,114822.420438,0.109879
2015-11-03,128246.751932,0.116914
2015-11-04,130836.373987,0.020192
2015-11-05,122822.407227,-0.061252
2015-11-06,119044.468336,-0.030759
2015-11-07,122863.095634,0.032077
2015-11-08,118694.144457,-0.033932
2015-11-09,120884.158631,0.018451
2015-11-10,107075.169383,-0.114233
2015-11-11,98893.986274,-0.076406
2015-11-12,107498.934186,0.087012
2015-11-13,107054.184876,-0.004137
2015-11-14,105831.223714,-0.011424
2015-11-15,101781.155639,-0.038269
2015-11-16,105146.146984,0.033061
2015-11-17,106526.787847,0.013131
2015-11-18,106366.566333,-0.001504
2015-11-19,103683.159151,-0.025228
2015-11-20,102371.186037,-0.012654
2015-11-21,103930.491108,0.015232
2015-11-22,103170.392097,-0.007314
2015-11-23,102696.712690,-0.004591
2015-11-24,101743.009045,-0.009287
2015-11-25,104337.084123,0.025496
2015-11-26,112118.669053,0.074581
2015-11-27,113821.984305,0.015192
2015-11-28,113611.857889,-0.001846
2015-11-29,118034.815707,0.038930
2015-11-30,119950.808890,0.016232
2015-12-01,115235.377686,-0.039311
2015-12-02,114185.987406,-0.009106
2015-12-03,114776.958857,0.005176
2015-12-04,115456.321359,0.005919
2015-12-05,123647.361268,0.070945
2015-12-06,123594.584699,-0.000427
2015-12-07,125741.378356,0.017370
2015-12-08,132107.978847,0.050633
2015-12-09,132743.781276,0.004813
2015-12-10,132081.280112,-0.004991
2015-12-11,143671.635539,0.087752
2015-12-12,138286.077732,-0.037485
2015-12-13,137891.243026,-0.002855
2015-12-14,141205.999615,0.024039
2015-12-15,147926.115803,0.047591
2015-12-16,144624.068277,-0.022322
2015-12-17,144987.751225,0.002515
2015-12-18,147384.088798,0.016528
2015-12-19,146972.722608,-0.002791
2015-12-20,140730.098547,-0.042475
2015-12-21,139443.873413,-0.009140
2015-12-22,138786.766324,-0.004712
2015-12-23,140639.815688,0.013352
2015-12-24,144640.279609,0.028445
2015-12-25,144852.647090,0.001468
2015-12-26,132651.907360,-0.084229
2015-12-27,134415.944771,0.013298
2015-12-28,134243.004492,-0.001287
2015-12-29,137645.822279,0.025348
2015-12-30,135623.014753,-0.014696
2015-12-31,136877.767977,0.009252
2016-01-01,138075.311011,0.008749
2016-01-02,137790.463063,-0.002063
2016-01-03,136701.014979,-0.007907
2016-01-04,137680.156153,0.007163
2016-01-05,137320.606076,-0.002611
2016-01-06,136413.004317,-0.006609
2016-01-07,145614.017007,0.067450
2016-01-08,144082.371127,-0.010519
2016-01-09,142296.078301,-0.012398
2016-01-10,142416.882315,0.000849
2016-01-11,142555.808872,0.000975
2016-01-12,138506.381101,-0.028406
2016-01-13,137451.266891,-0.007618
2016-01-14,136794.800106,-0.004776
2016-01-15,115821.265512,-0.153321
2016-01-16,123198.168637,0.063692
2016-01-17,121533.320129,-0.013514
2016-01-18,123081.177342,0.012736
2016-01-19,120849.824756,-0.018129
2016-01-20,133591.631034,0.105435
2016-01-21,130422.786136,-0.023720
2016-01-22,121594.672891,-0.067688
2016-01-23,123183.858813,0.013070
2016-01-24,128104.973113,0.039949
2016-01-25,124530.175503,-0.027905
2016-01-26,124665.919943,0.001090
2016-01-27,125562.073844,0.007188
2016-01-28,120894.335583,-0.037175
2016-01-29,120635.245317,-0.002143
2016-01-30,120247.725598,-0.003212
2016-01-31,117231.476776,-0.025084
2016-02-01,118594.955552,0.011631
2016-02-02,119037.473500,0.003731
2016-02-03,117607.238185,-0.012015
2016-02-04,123852.404059,0.053102
2016-02-05,122884.400293,-0.007816
2016-02-06,119696.802250,-0.025940
2016-02-07,119727.954007,0.000260
2016-02-08,118719.252133,-0.008425
2016-02-09,119540.073303,0.006914
2016-02-10,121326.676578,0.014946
2016-02-11,120692.465207,-0.005227
2016-02-12,122157.674700,0.012140
2016-02-13,124572.765418,0.019770
2016-02-14,129458.915241,0.039223
2016-02-15,127219.296913,-0.017300
2016-02-16,129540.932357,0.018249
2016-02-17,132349.266722,0.021679
2016-02-18,134272.885344,0.014534
2016-02-19,133768.063880,-0.003760
2016-02-20,138974.967181,0.038925
2016-02-21,139494.418620,0.003738
2016-02-22,139160.616523,-0.002393
2016-02-23,133752.483151,-0.038863
2016-02-24,135093.706514,0.010028
2016-02-25,134963.055401,-0.000967
2016-02-26,137381.648387,0.017920
2016-02-27,137498.319530,0.000849
2016-02-28,137811.447570,0.002277
2016-02-29,139144.405191,0.009672
2016-03-01,138326.125834,-0.005881
2016-03-02,134786.622555,-0.025588
2016-03-03,134043.365479,-0.005514
2016-03-04,130638.005880,-0.025405
2016-03-05,127341.691985,-0.025232
2016-03-06,129610.550860,0.017817
2016-03-07,131713.153842,0.016222
2016-03-08,131602.196927,-0.000842
2016-03-09,131884.493361,0.002145
2016-03-10,132606.455480,0.005474
2016-03-11,134055.764092,0.010929
2016-03-12,130855.767436,-0.023871
2016-03-13,131631.767328,0.005930
2016-03-14,132386.142410,0.005731
2016-03-15,132510.759143,0.000941
2016-03-16,132568.299185,0.000434
2016-03-17,133715.927615,0.008657
2016-03-18,130195.808084,-0.026325
2016-03-19,130480.646330,0.002188
2016-03-20,131533.218728,0.008067
2016-03-21,131390.799604,-0.001083
2016-03-22,132910.997626,0.011570
2016-03-23,132895.737048,-0.000115
2016-03-24,132372.162440,-0.003940
2016-03-25,132621.075754,0.001880
2016-03-26,132865.225594,0.001841
2016-03-27,135669.116638,0.021103
2016-03-28,134863.546345,-0.005938
2016-03-29,132410.939636,-0.018186
2016-03-30,131870.513391,-0.004081
2016-03-31,132478.656630,0.004612
2016-04-01,132869.989068,0.002954
2016-04-02,133796.033522,0.006970
2016-04-03,133805.890322,0.000074
2016-04-04,133977.559694,0.001283
2016-04-05,134799.651771,0.006136
2016-04-06,134603.505324,-0.001455
2016-04-07,134391.147545,-0.001578
2016-04-08,133629.457476,-0.005668
2016-04-09,133331.269862,-0.002231
2016-04-10,134015.706288,0.005133
2016-04-11,134307.859522,0.002180
2016-04-12,135168.418344,0.006407
2016-04-13,134705.556193,-0.003424
2016-04-14,134879.767378,0.001293
2016-04-15,136606.288799,0.012800
2016-04-16,136879.359035,0.001999
2016-04-17,135870.657161,-0.007369
2016-04-18,136249.600686,0.002789
2016-04-19,138448.841058,0.016141
2016-04-20,140318.101754,0.013501
2016-04-21,142872.749631,0.018206
2016-04-22,141700.333675,-0.008206
2016-04-23,143145.198966,0.010197
2016-04-24,145775.189275,0.018373
2016-04-25,146687.884362,0.006261
2016-04-26,148170.255942,0.010106
2016-04-27,141366.541280,-0.045918
2016-04-28,142741.138062,0.009724
2016-04-29,144675.884390,0.013554
2016-04-30,142520.834693,-0.014896
2016-05-01,143651.611488,0.007934
2016-05-02,141360.817351,-0.015947
2016-05-03,143152.184100,0.012672
2016-05-04,142013.461715,-0.007955
2016-05-05,142412.118842,0.002807
2016-05-06,146108.351068,0.025954
2016-05-07,145769.154895,-0.002322
2016-05-08,145772.967614,0.000026
2016-05-09,146388.105689,0.004220
2016-05-10,143340.064805,-0.020822
2016-05-11,143922.780215,0.004065
2016-05-12,144570.661106,0.004502
2016-05-13,144858.050867,0.001988
2016-05-14,144858.361317,0.000002
2016-05-15,145461.420931,0.004163
2016-05-16,144378.967682,-0.007442
2016-05-17,144258.163668,-0.000837
2016-05-18,144523.928618,0.001842
2016-05-19,139468.030335,-0.034983
2016-05-20,140727.236582,0.009029
2016-05-21,140889.999908,0.001157
2016-05-22,139661.314817,-0.008721
2016-05-23,141197.413721,0.010999
2016-05-24,141777.897769,0.004111
2016-05-25,142928.068012,0.008112
2016-05-26,144131.325275,0.008419
2016-05-27,150514.777402,0.044289
2016-05-28,168500.352966,0.119494
2016-05-29,167290.100868,-0.007182
2016-05-30,169716.018543,0.014501
2016-05-31,168928.250640,-0.004642
2016-06-01,170687.514877,0.010414
2016-06-02,171021.947576,0.001959
2016-06-03,180947.454496,0.058036
2016-06-04,182070.605852,0.006207
2016-06-05,182785.883586,0.003929
2016-06-06,186142.919639,0.018366
2016-06-07,183300.882002,-0.015268
2016-06-08,184905.658356,0.008755
2016-06-09,182675.576676,-0.012061
2016-06-10,183578.405261,0.004942
2016-06-11,192879.247159,0.050664
2016-06-12,213878.849886,0.108874
2016-06-13,223921.978703,0.046957
2016-06-14,217940.045668,-0.026714
2016-06-15,220772.536955,0.012997
2016-06-16,243610.238918,0.103444
2016-06-17,238079.079871,-0.022705
2016-06-18,240405.478789,0.009772
2016-06-19,242806.909688,0.009989
2016-06-20,234365.045255,-0.034768
2016-06-21,211929.473582,-0.095729
2016-06-22,189506.009476,-0.105806
2016-06-23,198363.043117,0.046737
2016-06-24,211499.363949,0.066224
2016-06-25,211443.405264,-0.000265
2016-06-26,200076.535322,-0.053758
2016-06-27,208312.726362,0.041165
2016-06-28,205682.396498,-0.012627
2016-06-29,203421.813066,-0.010991
2016-06-30,214054.642428,0.052270
2016-07-01,214995.326559,0.004395
2016-07-02,223707.729117,0.040524
2016-07-03,209390.086284,-0.064002
2016-07-04,217336.976352,0.037953
2016-07-05,213193.142553,-0.019066
2016-07-06,215324.345779,0.009997
2016-07-07,203635.441751,-0.054285
2016-07-08,211888.474726,0.040528
2016-07-09,206940.981843,-0.023350
2016-07-10,206432.328258,-0.002458
2016-07-11,205891.581861,-0.002619
2016-07-12,211261.578342,0.026082
2016-07-13,208056.177908,-0.015173
2016-07-14,209203.796637,0.005516
2016-07-15,210849.571848,0.007867
2016-07-16,210058.641231,-0.003751
2016-07-17,216000.836615,0.028288
2016-07-18,213981.220907,-0.009350
2016-07-19,213904.287416,-0.000360
2016-07-20,211622.069472,-0.010669
2016-07-21,211408.130336,-0.001011
2016-07-22,206832.576443,-0.021643
2016-07-23,208402.058466,0.007588
2016-07-24,210223.296365,0.008739
2016-07-25,207938.226157,-0.010870
2016-07-26,207202.924373,-0.003536
2016-07-27,208019.292520,0.003940
2016-07-28,208236.413772,0.001044
2016-07-29,208858.556384,0.002988
2016-07-30,208240.236192,-0.002960
2016-07-31,198586.858456,-0.046357
2016-08-01,192734.596674,-0.029470
2016-08-02,174039.797158,-0.096998
2016-08-03,180044.936362,0.034504
2016-08-04,183838.776135,0.021072
2016-08-05,182806.877795,-0.005613
2016-08-06,186855.345110,0.022146
2016-08-07,188416.871842,0.008357
2016-08-08,187896.789800,-0.002760
2016-08-09,186862.660097,-0.005504
2016-08-10,188230.271745,0.007319
2016-08-11,187281.962176,-0.005038
2016-08-12,186785.726606,-0.002650
2016-08-13,186159.140673,-0.003355
2016-08-14,181354.066914,-0.025812
2016-08-15,180326.282041,-0.005667
2016-08-16,183568.567864,0.017980
2016-08-17,182226.063893,-0.007313
2016-08-18,182576.387772,0.001922
2016-08-19,182993.477891,0.002284
2016-08-20,184922.189840,0.010540
2016-08-21,184798.514160,-0.000669
2016-08-22,186529.488603,0.009367
2016-08-23,185468.330312,-0.005689
2016-08-24,184440.564842,-0.005541
2016-08-25,183670.919482,-0.004173
2016-08-26,184271.757435,0.003271
2016-08-27,181186.850565,-0.016741
2016-08-28,182447.318016,0.006957
2016-08-29,182509.311081,0.000340
2016-08-30,183588.902365,0.005915
2016-08-31,182943.243135,-0.003517
2016-09-01,181935.812167,-0.005507
2016-09-02,182963.907490,0.005651
2016-09-03,190172.313658,0.039398
2016-09-04,193485.479188,0.017422
2016-09-05,192835.706490,-0.003358
2016-09-06,194058.337798,0.006340
2016-09-07,195364.286234,0.006730
2016-09-08,199106.610643,0.019156
2016-09-09,198008.275916,-0.005516
2016-09-10,198214.259760,0.001040
2016-09-11,192876.705347,-0.026928
2016-09-12,193361.182607,0.002512
2016-09-13,193678.462921,0.001641
2016-09-14,194137.192201,0.002369
2016-09-15,193015.321453,-0.005779
2016-09-16,192957.461258,-0.000300
2016-09-17,192643.052610,-0.001629
2016-09-18,193879.692993,0.006419
2016-09-19,193674.000197,-0.001061
2016-09-20,193383.127570,-0.001502
2016-09-21,189834.388392,-0.018351
2016-09-22,189563.850267,-0.001425
2016-09-23,191644.197835,0.010974
2016-09-24,191575.219636,-0.000360
2016-09-25,191003.311780,-0.002985
2016-09-26,193297.617887,0.012012
2016-09-27,192700.912805,-0.003087
2016-09-28,192243.774583,-0.002372
2016-09-29,192550.538390,0.001596
2016-09-30,193835.492617,0.006673
2016-10-01,195185.932476,0.006967
2016-10-02,194203.318138,-0.005034
2016-10-03,194597.822990,0.002031
2016-10-04,193984.586424,-0.003151
2016-10-05,194717.986700,0.003781
2016-10-06,194880.119424,0.000833
2016-10-07,196183.506644,0.006688
2016-10-08,196815.176203,0.003220
2016-10-09,196066.214600,-0.003805
2016-10-10,196778.950521,0.003635
2016-10-11,203797.574475,0.035668
2016-10-12,202246.214994,-0.007612
2016-10-13,202435.046453,0.000934
2016-10-14,203576.941253,0.005641
2016-10-15,203026.338056,-0.002705
2016-10-16,203975.268526,0.004674
2016-10-17,203200.229089,-0.003800
2016-10-18,202808.266050,-0.001929
2016-10-19,200443.080235,-0.011662
2016-10-20,200550.205027,0.000534
2016-10-21,201176.790961,0.003124
2016-10-22,208954.563171,0.038661
2016-10-23,208883.664060,-0.000339
2016-10-24,207831.411815,-0.005038
2016-10-25,209048.028147,0.005854
2016-10-26,215633.670801,0.031503
2016-10-27,218815.535213,0.014756
2016-10-28,219240.891075,0.001944
2016-10-29,227133.743370,0.036001
2016-10-30,223123.422648,-0.017656
2016-10-31,222839.845606,-0.001271
2016-11-01,232002.090802,0.041116
2016-11-02,235510.432622,0.015122
2016-11-03,218938.570590,-0.070366
2016-11-04,223559.256211,0.021105
2016-11-05,223617.446259,0.000260
2016-11-06,226193.699543,0.011521
2016-11-07,223526.193243,-0.011793
2016-11-08,225661.548742,0.009553
2016-11-09,229929.368672,0.018912
2016-11-10,227469.126823,-0.010700
2016-11-11,227747.930690,0.001226
2016-11-12,224137.528300,-0.015853
2016-11-13,223176.509668,-0.004288
2016-11-14,224127.031196,0.004259
2016-11-15,226224.550552,0.009359
2016-11-16,236581.447713,0.045781
2016-11-17,235557.485261,-0.004328
2016-11-18,238929.791594,0.014316
2016-11-19,238939.648394,0.000041
2016-11-20,232394.053842,-0.027394
2016-11-21,235007.832819,0.011247
2016-11-22,238854.119308,0.016367
2016-11-23,236707.335353,-0.008988
2016-11-24,235338.772951,-0.005782
2016-11-25,235771.113946,0.001837
2016-11-26,233778.837277,-0.008450
2016-11-27,232714.807320,-0.004551
2016-11-28,233915.842922,0.005161
2016-11-29,233849.406535,-0.000284
2016-11-30,237056.068173,0.013713
2016-12-01,240579.369822,0.014863
2016-12-02,247309.333109,0.027974
2016-12-03,245151.120698,-0.008727
2016-12-04,246014.851935,0.003523
2016-12-05,241191.655633,-0.019605
2016-12-06,242947.737753,0.007281
2016-12-07,244190.102066,0.005114
2016-12-08,245041.434689,0.003486
2016-12-09,245672.153494,0.002574
2016-12-10,246262.183892,0.002402
2016-12-11,244698.425798,-0.006350
2016-12-12,247990.597120,0.013454
2016-12-13,248139.710330,0.000601
2016-12-14,248433.765073,0.001185
2016-12-15,247355.124543,-0.004342
2016-12-16,249522.883304,0.008764
2016-12-17,251405.493367,0.007545
2016-12-18,251310.456737,-0.000378
2016-12-19,252004.740262,0.002763
2016-12-20,254599.445942,0.010296
2016-12-21,265218.945340,0.041711
2016-12-22,274838.309354,0.036270
2016-12-23,293099.836522,0.066445
2016-12-24,285736.612618,-0.025122
2016-12-25,284897.659205,-0.002936
2016-12-26,288530.317008,0.012751
2016-12-27,296664.777331,0.028193
2016-12-28,310246.478076,0.045781
2016-12-29,309475.881961,-0.002484
2016-12-30,305578.720412,-0.012593
2016-12-31,306375.064508,0.002606
2017-01-01,317368.734256,0.035883
2017-01-02,324815.566335,0.023464
2017-01-03,331837.993307,0.021620
2017-01-04,367090.063685,0.106233
2017-01-05,322154.734718,-0.122410
2017-01-06,286810.790423,-0.109711
2017-01-07,288840.282335,0.007076
2017-01-08,289671.261054,0.002877
2017-01-09,287010.118987,-0.009187
2017-01-10,288552.261971,0.005373
2017-01-11,247249.901259,-0.143136
2017-01-12,255857.701434,0.034814
2017-01-13,261945.517461,0.023794
2017-01-14,260174.165062,-0.006762
2017-01-15,261250.574229,0.004137
2017-01-16,264345.667753,0.011847
2017-01-17,288634.589538,0.091883
2017-01-18,281856.933308,-0.023482
2017-01-19,285816.398373,0.014048
2017-01-20,284529.853087,-0.004501
2017-01-21,293037.843457,0.029902
2017-01-22,293954.661713,0.003129
2017-01-23,292790.841353,-0.003959
2017-01-24,283786.285560,-0.030754
2017-01-25,286601.294609,0.009919
2017-01-26,291701.703719,0.017796
2017-01-27,292389.642414,0.002358
2017-01-28,292974.589187,0.002001
2017-01-29,292308.886502,-0.002272
2017-01-30,292590.562036,0.000964
2017-01-31,308492.297465,0.054348
2017-02-01,314411.616534,0.019188
2017-02-02,321652.445366,0.023030
2017-02-03,327409.651114,0.017899
2017-02-04,331539.184792,0.012613
2017-02-05,326592.623261,-0.014920
2017-02-06,330029.154021,0.010522
2017-02-07,337404.446684,0.022347
2017-02-08,337951.227460,0.001621
2017-02-09,316115.562390,-0.064612
2017-02-10,314300.669321,-0.005741
2017-02-11,319315.879198,0.015957
2017-02-12,317640.863440,-0.005246
2017-02-13,314926.304500,-0.008546
2017-02-14,319347.661558,0.014039
2017-02-15,320279.109789,0.002917
2017-02-16,326624.405621,0.019812
2017-02-17,332591.417634,0.018269
2017-02-18,335201.412996,0.007847
2017-02-19,333119.144516,-0.006212
2017-02-20,343326.947870,0.030643
2017-02-21,354555.240512,0.032704
2017-02-22,355235.514963,0.001919
2017-02-23,370901.696147,0.044101
2017-02-24,373114.314991,0.005966
2017-02-25,363628.114798,-0.025424
2017-02-26,370418.480091,0.018674
2017-02-27,375113.887245,0.012676
2017-02-28,375113.887245,0.000000
2017-03-01,388634.235228,0.036043
2017-03-02,397697.601970,0.023321
2017-03-03,405320.866894,0.019168
2017-03-04,399013.717656,-0.015561
2017-03-05,402818.985885,0.009537
2017-03-06,404634.189405,0.004506
2017-03-07,388964.864910,-0.038725
2017-03-08,365586.397147,-0.060104
2017-03-09,377822.411805,0.033470
2017-03-10,355006.635402,-0.060388
2017-03-11,373797.771558,0.052932
2017-03-12,388278.187420,0.038739
2017-03-13,391628.878643,0.008630
2017-03-14,394197.506489,0.006559
2017-03-15,397252.532508,0.007750
2017-03-16,377606.260710,-0.049455
2017-03-17,349764.447472,-0.073732
2017-03-18,309577.923129,-0.114896
2017-03-19,329580.902442,0.064614
2017-03-20,335140.991586,0.016870
2017-03-21,356221.039774,0.062899
2017-03-22,333522.885268,-0.063719
2017-03-23,330169.011928,-0.010056
2017-03-24,298038.753212,-0.097315
2017-03-25,309247.623301,0.037609
2017-03-26,307323.044223,-0.006223
2017-03-27,332451.559726,0.081766
2017-03-28,332890.264955,0.001320
2017-03-29,330607.717157,-0.006857
2017-03-30,326303.361096,-0.013020
2017-03-31,340723.355547,0.044192
2017-04-01,343492.262711,0.008127
2017-04-02,350381.196008,0.020056
2017-04-03,363618.607254,0.037780
2017-04-04,360261.551798,-0.009232
2017-04-05,357568.937821,-0.007474
2017-04-06,375975.425925,0.051477
2017-04-07,374137.947590,-0.004887
2017-04-08,373835.918152,-0.000807
2017-04-09,377625.314604,0.010137
2017-04-10,377390.070809,-0.000623
2017-04-11,383074.146084,0.015062
2017-04-12,381599.079790,-0.003851
2017-04-13,371715.541884,-0.025900
2017-04-14,371162.396875,-0.001488
2017-04-15,372745.538716,0.004265
2017-04-16,376058.044539,0.008887
2017-04-17,379545.450360,0.009274
2017-04-18,385191.379041,0.014876
2017-04-19,384752.673812,-0.001139
2017-04-20,390726.011252,0.015525
2017-04-21,388491.195204,-0.005720
2017-04-22,391562.093000,0.007905
2017-04-23,383773.513234,-0.019891
2017-04-24,397424.211582,0.035570
2017-04-25,402300.805353,0.012270
2017-04-26,407256.874428,0.012319
2017-04-27,418907.961715,0.028609
2017-04-28,418510.585197,-0.000949
2017-04-29,420198.659275,0.004034
2017-04-30,428495.873223,0.019746
2017-05-01,451928.359356,0.054685
2017-05-02,461853.225972,0.021961
2017-05-03,473701.410461,0.025654
2017-05-04,488827.175102,0.031931
2017-05-05,494479.429210,0.011563
2017-05-06,501902.453624,0.015012
2017-05-07,507596.036442,0.011344
2017-05-08,547855.050955,0.079313
2017-05-09,558031.071949,0.018574
2017-05-10,568130.799756,0.018099
2017-05-11,587662.631773,0.034379
2017-05-12,548137.987693,-0.067257
2017-05-13,573783.092670,0.046786
2017-05-14,575054.697530,0.002216
2017-05-15,552649.026112,-0.038963
2017-05-16,551383.746679,-0.002289
2017-05-17,584648.934464,0.060330
2017-05-18,600404.137302,0.026948
2017-05-19,631895.411472,0.052450
2017-05-20,662738.193552,0.048810
2017-05-21,648899.944353,-0.020880
2017-05-22,690926.469442,0.064766
2017-05-23,737664.312267,0.067645
2017-05-24,776836.090655,0.053102
2017-05-25,732755.936136,-0.056743
2017-05-26,700151.968908,-0.044495
2017-05-27,648159.248493,-0.074259
2017-05-28,685331.454627,0.057350
2017-05-29,717061.193514,0.046298
2017-05-30,691584.546688,-0.035529
2017-05-31,726852.488843,0.050996
2017-06-01,765467.940105,0.053127
2017-06-02,791113.083889,0.033503
2017-06-03,799632.851971,0.010769
2017-06-04,798507.469252,-0.001407
2017-06-05,854140.181861,0.069671
2017-06-06,910214.743010,0.065650
2017-06-07,868556.955390,-0.045767
2017-06-08,891910.043832,0.026887
2017-06-09,897692.648304,0.006483
2017-06-10,937080.577786,0.043877
2017-06-11,940386.796989,0.003528
2017-06-12,845499.570959,-0.100902
2017-06-13,863743.965146,0.021578
2017-06-14,796778.105270,-0.077530
2017-06-15,783493.001081,-0.016674
2017-06-16,800653.302453,0.021902
2017-06-17,844307.441403,0.054523
2017-06-18,810104.499363,-0.040510
2017-06-19,823237.017178,0.016211
2017-06-20,865260.360150,0.051046
2017-06-21,854868.188061,-0.012010
2017-06-22,860053.097891,0.006065
2017-06-23,872610.195880,0.014600
2017-06-24,829315.248048,-0.049615
2017-06-25,823176.556961,-0.007402
2017-06-26,787902.250573,-0.042851
2017-06-27,811426.940476,0.029857
2017-06-28,818528.881558,0.008752
2017-06-29,807252.934779,-0.013776
2017-06-30,788662.077940,-0.023030
2017-07-01,773946.418283,-0.018659
2017-07-02,796809.848824,0.029541
2017-07-03,815117.807731,0.022977
2017-07-04,827064.482611,0.014656
2017-07-05,827175.779081,0.000135
2017-07-06,829264.411794,0.002525
2017-07-07,800685.046006,-0.034464
2017-07-08,817432.137889,0.020916
2017-07-09,800615.117053,-0.020573
2017-07-10,754239.725076,-0.057925
2017-07-11,743186.293624,-0.014655
2017-07-12,762594.178317,0.026114
2017-07-13,749579.243593,-0.017067
2017-07-14,709981.527249,-0.052827
2017-07-15,635440.017780,-0.104991
2017-07-16,613492.105484,-0.034540
2017-07-17,708414.218379,0.154724
2017-07-18,737174.731978,0.040598
2017-07-19,722726.137283,-0.019600
2017-07-20,895718.494177,0.239361
2017-07-21,848084.148195,-0.053180
2017-07-22,893340.599299,0.053363
2017-07-23,867997.446147,-0.028369
2017-07-24,875773.375058,0.008958
2017-07-25,819066.115984,-0.064751
2017-07-26,804115.212533,-0.018254
2017-07-27,849362.117288,0.056269
2017-07-28,892987.694801,0.051363
2017-07-29,866741.751871,-0.029391
2017-07-30,876510.849996,0.011271
2017-07-31,914074.107222,0.042855
2017-08-01,864138.159548,-0.054630
2017-08-02,861725.261386,-0.002792
2017-08-03,891627.068287,0.034700
2017-08-04,920606.915098,0.032502
2017-08-05,1034104.013055,0.123285
2017-08-06,1021715.412023,-0.011980
2017-08-07,1074169.112483,0.051339
2017-08-08,1087203.062295,0.012134
2017-08-09,1062575.264489,-0.022652
2017-08-10,1074913.029267,0.011611
2017-08-11,1160536.570431,0.079656
2017-08-12,1234954.016158,0.064123
2017-08-13,1294894.305752,0.048536
2017-08-14,1374964.044393,0.061835
2017-08-15,1329440.683553,-0.033109
2017-08-16,1391335.956961,0.046557
2017-08-17,1377049.494989,-0.010268
2017-08-18,1322666.190036,-0.039493
2017-08-19,1333182.387061,0.007951
2017-08-20,1299472.052201,-0.025286
2017-08-21,1272158.004652,-0.021019
2017-08-22,1303560.295975,0.024684
2017-08-23,1319773.257935,0.012437
2017-08-24,1378000.094130,0.044119
2017-08-25,1389736.982149,0.008517
2017-08-26,1383633.216732,-0.004392
2017-08-27,1393322.839554,0.007003
2017-08-28,1393252.988213,-0.000050
2017-08-29,1455676.027309,0.044804
2017-08-30,1451314.354342,-0.002996
2017-08-31,1495213.438662,0.030248
2017-09-01,1555175.847847,0.040103
2017-09-02,1455596.552006,-0.064031
2017-09-03,1456928.539469,0.000915
2017-09-04,1346728.114365,-0.075639
2017-09-05,1391304.135794,0.033099
2017-09-06,1461430.070344,0.050403
2017-09-07,1462307.403189,0.000600
2017-09-08,1344324.762554,-0.080683
2017-09-09,1343469.626913,-0.000636
2017-09-10,1310687.616377,-0.024401
2017-09-11,1322872.794780,0.009297
2017-09-12,1313189.536192,-0.007320
2017-09-13,1234280.105941,-0.060090
2017-09-14,1002962.422460,-0.187411
2017-09-15,1156372.033471,0.152956
2017-09-16,1152404.632518,-0.003431
2017-09-17,1139001.867625,-0.011630
2017-09-18,1292332.003332,0.134618
2017-09-19,1247752.722175,-0.034495
2017-09-20,1241706.234858,-0.004846
2017-09-21,1154312.039807,-0.070382
2017-09-22,1154203.925454,-0.000094
2017-09-23,1205608.536382,0.044537
2017-09-24,1170779.338262,-0.028889
2017-09-25,1248102.444556,0.066044
2017-09-26,1237382.824903,-0.008589
2017-09-27,1335398.071603,0.079212
2017-09-28,1327151.732715,-0.006175
2017-09-29,1323444.954877,-0.002793
2017-09-30,1379281.167727,0.042190
2017-10-01,1399954.370659,0.014988
2017-10-02,1401728.129049,0.001267
2017-10-03,1372532.131144,-0.020829
2017-10-04,1344518.638832,-0.020410
2017-10-05,1376006.847304,0.023420
2017-10-06,1389485.827771,0.009796
2017-10-07,1407313.752739,0.012831
2017-10-08,1465677.187112,0.041472
2017-10-09,1517030.961787,0.035038
2017-10-10,1520200.505199,0.002089
2017-10-11,1534343.849533,0.009304
2017-10-12,1731579.356181,0.128547
2017-10-13,1795254.907438,0.036773
2017-10-14,1853933.138522,0.032685
2017-10-15,1805103.480867,-0.026338
2017-10-16,1820171.967408,0.008348
2017-10-17,1781998.364686,-0.020973
2017-10-18,1777287.124562,-0.002644
2017-10-19,1814745.449551,0.021076
2017-10-20,1911047.320465,0.053066
2017-10-21,1917452.998900,0.003352
2017-10-22,1910083.992858,-0.003843
2017-10-23,1885255.876928,-0.012998
2017-10-24,1756925.613837,-0.068070
2017-10-25,1828186.244618,0.040560
2017-10-26,1877152.655677,0.026784
2017-10-27,1837755.102232,-0.020988
2017-10-28,1828914.250819,-0.004811
2017-10-29,1956316.422423,0.069660
2017-10-30,1948902.866747,-0.003790
2017-10-31,2056312.187483,0.055113
2017-11-01,2151336.089304,0.046211
2017-11-02,2250263.749745,0.045984
2017-11-03,2291355.586277,0.018261
2017-11-04,2346095.133070,0.023890
2017-11-05,2354824.688014,0.003721
2017-11-06,2232543.861518,-0.051928
2017-11-07,2271207.044530,0.017318
2017-11-08,2371444.495230,0.044134
2017-11-09,2270952.785648,-0.042376
2017-11-10,2103914.789912,-0.073554
2017-11-11,2021088.794961,-0.039368
2017-11-12,1891534.425923,-0.064101
2017-11-13,2085269.914703,0.102422
2017-11-14,2109512.986844,0.011626
2017-11-15,2325619.066146,0.102444
2017-11-16,2502419.795773,0.076023
2017-11-17,2450697.361243,-0.020669
2017-11-18,2476498.118292,0.010528
2017-11-19,2554810.009126,0.031622
2017-11-20,2606993.307283,0.020426
2017-11-21,2565863.285352,-0.015777
2017-11-22,2623813.510236,0.022585
2017-11-23,2555534.755597,-0.026023
2017-11-24,2623858.215094,0.026735
2017-11-25,2794644.123347,0.065090
2017-11-26,2966193.118695,0.061385
2017-11-27,3121265.269238,0.052280
2017-11-28,3197704.678454,0.024490
2017-11-29,3143601.244540,-0.016919
2017-11-30,3253273.748730,0.034888
2017-12-01,3489156.450194,0.072506
2017-12-02,3520628.670470,0.009020
2017-12-03,3599659.098767,0.022448
2017-12-04,3705838.104547,0.029497
2017-12-05,3788333.469816,0.022261
2017-12-06,4543285.212896,0.199283
2017-12-07,5690336.128177,0.252472
2017-12-08,5267432.514521,-0.074320
2017-12-09,4825168.282248,-0.083962
2017-12-10,4913290.561111,0.018263
2017-12-11,5384229.545060,0.095850
2017-12-12,5536376.942336,0.028258
2017-12-13,5216186.466137,-0.057834
2017-12-14,5265715.723781,0.009495
2017-12-15,5629045.146482,0.068999
2017-12-16,6198247.271780,0.101119
2017-12-17,6084883.822723,-0.018290
2017-12-18,6076427.153686,-0.001390
2017-12-19,5651234.278743,-0.069974
2017-12-20,5284980.413224,-0.064810
2017-12-21,5023761.233292,-0.049427
2017-12-22,4397145.962312,-0.124730
2017-12-23,4672893.600305,0.062711
2017-12-24,4427028.676513,-0.052615
2017-12-25,4459073.056886,0.007238
2017-12-26,5118145.917729,0.147805
2017-12-27,5035078.392363,-0.016230
2017-12-28,4643424.095593,-0.077785
2017-12-29,4659223.848064,0.003403
2017-12-30,4117520.177856,-0.116265
2017-12-31,4500336.882942,0.092973
2018-01-01,4341640.534368,-0.035263
2018-01-02,4762827.667733,0.097011
2018-01-03,4832416.367858,0.014611
2018-01-04,4959004.693725,0.026196
2018-01-05,5540859.225286,0.117333
2018-01-06,5571854.593740,0.005594
2018-01-07,5238248.934632,-0.059873
2018-01-08,4822593.096137,-0.079350
2018-01-09,4639895.516288,-0.037884
2018-01-10,4760030.199132,0.025892
2018-01-11,4261720.044760,-0.104686
2018-01-12,4444449.601000,0.042877
2018-01-13,4565125.088451,0.027152
2018-01-14,4378135.531750,-0.040960
2018-01-15,4393331.147733,0.003471
2018-01-16,3652843.909931,-0.168548
2018-01-17,3556869.408970,-0.026274
2018-01-18,3647884.775159,0.025589
2018-01-19,3690006.686135,0.011547
2018-01-20,4100671.413466,0.111291
2018-01-21,3687685.758905,-0.100712
2018-01-22,3475105.464855,-0.057646
2018-01-23,3455077.688316,-0.005763
2018-01-24,3611167.184837,0.045177
2018-01-25,3579377.063346,-0.008803
2018-01-26,3551401.756434,-0.007816
2018-01-27,3637012.491519,0.024106
2018-01-28,3746879.027212,0.030208
2018-01-29,3591139.408297,-0.041565
2018-01-30,3212804.986162,-0.105352
2018-01-31,3249299.983544,0.011359
2018-02-01,2915325.819805,-0.102783
2018-02-02,2807306.153573,-0.037052
2018-02-03,2916715.085368,0.038973
2018-02-04,2631271.460320,-0.097865
2018-02-05,2211088.789241,-0.159688
2018-02-06,2465006.020418,0.114838
2018-02-07,2422820.467109,-0.017114
2018-02-08,2627641.053282,0.084538
2018-02-09,2777496.705667,0.057030
2018-02-10,2740912.609019,-0.013172
2018-02-11,2584527.408487,-0.057056
2018-02-12,2837767.547330,0.097983
2018-02-13,2733413.058581,-0.036773
2018-02-14,3018354.374874,0.104244
2018-02-15,3231911.035448,0.070753
2018-02-16,3253369.367455,0.006640
2018-02-17,3532740.893028,0.085871
2018-02-18,3354429.977405,-0.050474
2018-02-19,3568536.445647,0.063828
2018-02-20,3625250.146567,0.015893
2018-02-21,3398491.272061,-0.062550
2018-02-22,3180601.655182,-0.064114
2018-02-23,3274732.080736,0.029595
2018-02-24,3119586.974348,-0.047376
2018-02-25,3072429.557800,-0.015117
2018-02-26,3295586.586705,0.072632
2018-02-27,3409681.146466,0.034620
2018-02-28,3305505.166700,-0.030553
2018-03-01,3481336.204487,0.053193
2018-03-02,3524380.153166,0.012364
2018-03-03,3652589.651050,0.036378
2018-03-04,3659869.402601,0.001993
2018-03-05,3679166.068436,0.005273
2018-03-06,3426943.430796,-0.068554
2018-03-07,3168066.909622,-0.075542
2018-03-08,2986685.018590,-0.057253
2018-03-09,2968418.427199,-0.006116
2018-03-10,2818512.171398,-0.050500
2018-03-11,3045058.076926,0.080378
2018-03-12,2926318.868653,-0.038994
2018-03-13,2923053.861741,-0.001116
2018-03-14,2628982.509482,-0.100604
2018-03-15,2638853.590566,0.003755
2018-03-16,2650771.471170,0.004516
2018-03-17,2516785.733048,-0.050546
2018-03-18,2614317.763693,0.038753
2018-03-19,2743694.244649,0.049488
2018-03-20,2833602.855144,0.032769
2018-03-21,2838629.047204,0.001774
2018-03-22,2774791.130385,-0.022489
2018-03-23,2822842.023199,0.017317
2018-03-24,2755605.916246,-0.023819
2018-03-25,2700818.870540,-0.019882
2018-03-26,2609778.357868,-0.033708
2018-03-27,2490132.944862,-0.045845
2018-03-28,2528738.849774,0.015504
2018-03-29,2277984.797776,-0.099162
2018-03-30,2190504.685575,-0.038402
2018-03-31,2216893.590917,0.012047
2018-04-01,2175789.025919,-0.018542
2018-04-02,2251948.564094,0.035003
2018-04-03,2370306.384045,0.052558
2018-04-04,2178844.013131,-0.080775
2018-04-05,2165374.656627,-0.006182
2018-04-06,2109694.134655,-0.025714
2018-04-07,2197043.857685,0.041404
2018-04-08,2232785.547159,0.016268
2018-04-09,2152423.286623,-0.035992
2018-04-10,2172778.433115,0.009457
2018-04-11,2215237.338005,0.019541
2018-04-12,2508002.159734,0.132160
2018-04-13,2510135.264468,0.000851
2018-04-14,2538835.473077,0.011434
2018-04-15,2647834.299887,0.042933
2018-04-16,2561860.958728,-0.032469
2018-04-17,2512083.961662,-0.019430
2018-04-18,2595161.110990,0.033071
2018-04-19,2636771.089248,0.016034
2018-04-20,2812100.128730,0.066494
2018-04-21,2827915.714171,0.005624
2018-04-22,2798312.715785,-0.010468
2018-04-23,2839137.564968,0.014589
2018-04-24,3082847.031596,0.085839
2018-04-25,2812071.567292,-0.087833
2018-04-26,2950603.230698,0.049263
2018-04-27,2856994.051373,-0.031725
2018-04-28,2971893.298585,0.040217
2018-04-29,2994337.000177,0.007552
2018-04-30,2937582.009353,-0.018954
2018-05-01,2898944.283275,-0.013153
2018-05-02,2936110.163982,0.012820
2018-05-03,3097585.043682,0.054996
2018-05-04,3083883.315049,-0.004423
2018-05-05,3133917.985952,0.016225
2018-05-06,3069272.587630,-0.020628
2018-05-07,2979691.191862,-0.029187
2018-05-08,2935760.596826,-0.014743
2018-05-09,2964485.951917,0.009785
2018-05-10,2875079.650178,-0.030159
2018-05-11,2683560.001165,-0.066614
2018-05-12,2703714.751920,0.007510
2018-05-13,2773351.261406,0.025756
2018-05-14,2771078.143539,-0.000820
2018-05-15,2705460.104098,-0.023680
2018-05-16,2660461.249217,-0.016633
2018-05-17,2573194.105995,-0.032802
2018-05-18,2622993.300266,0.019353
2018-05-19,2621788.442243,-0.000459
2018-05-20,2706372.517839,0.032262
2018-05-21,2676407.223829,-0.011072
2018-05-22,2556491.563745,-0.044805
2018-05-23,2402640.104195,-0.060181
2018-05-24,2412024.554268,0.003906
2018-05-25,2377945.637165,-0.014129
2018-05-26,2338443.151483,-0.016612
2018-05-27,2342366.158028,0.001678
2018-05-28,2268539.965099,-0.031518
2018-05-29,2375545.389857,0.047169
2018-05-30,2354541.712469,-0.008842
2018-05-31,2382405.722911,0.011834
2018-06-01,2397436.179278,0.006309
2018-06-02,2429862.103199,0.013525
2018-06-03,2454276.854414,0.010048
2018-06-04,2388859.210709,-0.026655
2018-06-05,2426781.503829,0.015875
2018-06-06,2433209.534693,0.002649
2018-06-07,2440921.898884,0.003170
2018-06-08,2423971.306761,-0.006944
2018-06-09,2394425.586474,-0.012189
2018-06-10,2157284.008617,-0.099039
2018-06-11,2195718.234455,0.017816
2018-06-12,2092540.197517,-0.046991
2018-06-13,2018640.893516,-0.035316
2018-06-14,2122101.905999,0.051253
2018-06-15,2052554.651004,-0.032773
2018-06-16,2082303.871532,0.014494
2018-06-17,2066125.835242,-0.007769
2018-06-18,2141007.404324,0.036243
2018-06-19,2152172.132246,0.005215
2018-06-20,2154273.415813,0.000976
2018-06-21,2139392.596541,-0.006908
2018-06-22,1934012.423513,-0.095999
2018-06-23,1959059.872654,0.012951
2018-06-24,1962477.310714,0.001744
2018-06-25,1986621.970077,0.012303
2018-06-26,1937185.071429,-0.024885
2018-06-27,1957359.070109,0.010414
2018-06-28,1876710.729525,-0.041203
2018-06-29,1976805.062589,0.053335
2018-06-30,2035839.380288,0.029863
2018-07-01,2030059.880320,-0.002839
2018-07-02,2102655.913519,0.035761
2018-07-03,2075764.544197,-0.012789
2018-07-04,2097369.098344,0.010408
2018-07-05,2110590.715425,0.006304
2018-07-06,2121513.757707,0.005175
2018-07-07,2179826.433439,0.027486
2018-07-08,2153424.644405,-0.012112
2018-07-09,2143210.515624,-0.004743
2018-07-10,2012298.857414,-0.061082
2018-07-11,2032886.065584,0.010231
2018-07-12,1980146.285075,-0.025943
2018-07-13,1983083.611584,0.001483
2018-07-14,1995186.210179,0.006103
2018-07-15,2021737.325858,0.013308
2018-07-16,2143210.515624,0.060084
2018-07-17,2327367.522828,0.085926
2018-07-18,2343179.848540,0.006794
2018-07-19,2373723.822105,0.013035
2018-07-20,2337886.824357,-0.015097
2018-07-21,2358601.317193,0.008860
2018-07-22,2358347.058311,-0.000108
2018-07-23,2451371.193847,0.039445
2018-07-24,2678085.518720,0.092485
2018-07-25,2600873.864121,-0.028831
2018-07-26,2527816.967296,-0.028089
2018-07-27,2595666.524250,0.026841
2018-07-28,2604294.561911,0.003324
2018-07-29,2612658.406277,0.003212
2018-07-30,2600584.524344,-0.004621
2018-07-31,2473411.309913,-0.048902
2018-08-01,2423968.202257,-0.019990
2018-08-02,2405606.147366,-0.007575
2018-08-03,2363401.656583,-0.017544
2018-08-04,2235751.590330,-0.054011
2018-08-05,2247078.373363,0.005066
2018-08-06,2209985.603726,-0.016507
2018-08-07,2146825.089692,-0.028580
2018-08-08,2004621.418894,-0.066239
2018-08-09,2088048.290604,0.041617
2018-08-10,1966126.810452,-0.058390
2018-08-11,2001420.209541,0.017951
2018-08-12,2009990.813877,0.004282
2018-08-13,2002005.098104,-0.003973
2018-08-14,1970895.328676,-0.015539
2018-08-15,2005486.178497,0.017551
2018-08-16,2013818.356922,0.004155
2018-08-17,2091990.234624,0.038818
2018-08-18,2042121.033787,-0.023838
2018-08-19,2068287.501413,0.012813
2018-08-20,2005489.283001,-0.030362
2018-08-21,2062784.612756,0.028569
2018-08-22,2027163.843715,-0.017268
2018-08-23,2077446.254042,0.024804
2018-08-24,2136283.435733,0.028322
2018-08-25,2150026.299045,0.006433
2018-08-26,2132246.028214,-0.008270
2018-08-27,2188635.463686,0.026446
2018-08-28,2255915.965047,0.030741
2018-08-29,2240300.775342,-0.006922
2018-08-30,2218387.788717,-0.009781
2018-08-31,2237255.256867,0.008505
2018-09-01,2286742.914156,0.022120
2018-09-02,2312006.592004,0.011048
2018-09-03,2307981.912952,-0.001741
2018-09-04,2340280.707432,0.013994
2018-09-05,2159448.934518,-0.077269
2018-09-06,2075631.050522,-0.038814
2018-09-07,2055889.354031,-0.009511
2018-09-08,1979246.599801,-0.037280
2018-09-09,2003051.005519,0.012027
2018-09-10,2012219.382110,0.004577
2018-09-11,2009517.221784,-0.001343
2018-09-12,2019244.874780,0.004841
2018-09-13,2071860.785577,0.026057
2018-09-14,2070398.408943,-0.000706
2018-09-15,2080091.291494,0.004682
2018-09-16,2071819.495673,-0.003977
2018-09-17,1996801.173187,-0.036209
2018-09-18,2025443.948470,0.014344
2018-09-19,2034103.652073,0.004275
2018-09-20,2072610.988981,0.018931
2018-09-21,2141048.849453,0.033020
2018-09-22,2136925.602396,-0.001926
2018-09-23,2133317.392562,-0.001689
2018-09-24,2096688.901506,-0.017170
2018-09-25,2049340.713184,-0.022582
2018-09-26,2064768.390845,0.007528
2018-09-27,2122546.936655,0.027983
2018-09-28,2112176.961771,-0.004886
2018-09-29,2098771.092374,-0.006347
2018-09-30,2106273.592091,0.003575
2018-10-01,2094848.241054,-0.005424
2018-10-02,2084192.186121,-0.005087
2018-10-03,2067181.211394,-0.008162
2018-10-04,2090737.722464,0.011395
2018-10-05,2105294.431513,0.006962
2018-10-06,2094431.771835,-0.005160
2018-10-07,2099085.889085,0.002222
2018-10-08,2114751.992656,0.007463
2018-10-09,2111703.369677,-0.001442
2018-10-10,2093547.919532,-0.008598
2018-10-11,1988866.371281,-0.050002
2018-10-12,1994696.629890,0.002931
2018-10-13,1998323.932425,0.001818
2018-10-14,1999894.345799,0.000786
2018-10-15,2097048.092625,0.048579
2018-10-16,2096911.339222,-0.000065
2018-10-17,2080482.303779,-0.007835
2018-10-18,2058953.965206,-0.010348
2018-10-19,2055361.743568,-0.001745
2018-10-20,2062921.366159,0.003678
2018-10-21,2060746.971521,-0.001054
2018-10-22,2062276.094992,0.000742
2018-10-23,2058645.687954,-0.001760
2018-10-24,2065035.378193,0.003104
2018-10-25,2058820.471532,-0.003010
2018-10-26,2058330.891243,-0.000238
2018-10-27,2060120.637829,0.000870
2018-10-28,2062031.304848,0.000927
2018-10-29,2013150.733326,-0.023705
2018-10-30,2013672.134781,0.000259
2018-10-31,2008375.850869,-0.002630
2018-11-01,2027503.942134,0.009524
2018-11-02,2030892.818757,0.001671
2018-11-03,2022252.207855,-0.004255
2018-11-04,2026979.436175,0.002338
2018-11-05,2040817.762986,0.006827
2018-11-06,2053962.854042,0.006441
2018-11-07,2075939.483000,0.010700
2018-11-08,2051645.496993,-0.011703
2018-11-09,2029996.393212,-0.010552
2018-11-10,2037498.892929,0.003696
2018-11-11,2038150.528330,0.000320
2018-11-12,2025434.479733,-0.006239
2018-11-13,2021689.671721,-0.001849
2018-11-14,1824228.467628,-0.097671
2018-11-15,1795515.530553,-0.015740
2018-11-16,1772474.056705,-0.012833
2018-11-17,1765728.279851,-0.003806
2018-11-18,1787730.210517,0.012461
2018-11-19,1548652.663933,-0.133732
2018-11-20,1415254.918879,-0.086138
2018-11-21,1463035.409390,0.033761
2018-11-22,1387937.611600,-0.051330
2018-11-23,1381951.506887,-0.004313
2018-11-24,1233698.321881,-0.107278
2018-11-25,1274774.325442,0.033295
2018-11-26,1201389.981051,-0.057567
2018-11-27,1214611.520520,0.011005
2018-11-28,1353438.965549,0.114298
2018-11-29,1360250.557889,0.005033
2018-11-30,1277094.554158,-0.061133
2018-12-01,1339849.309512,0.049139
2018-12-02,1316072.223430,-0.017746
2018-12-03,1237948.931217,-0.059361
2018-12-04,1257901.345920,0.016117
2018-12-05,1193399.530910,-0.051277
2018-12-06,1119362.542155,-0.062039
2018-12-07,1087202.208556,-0.028731
2018-12-08,1105061.100952,0.016426
2018-12-09,1148969.498785,0.039734
2018-12-10,1113498.599677,-0.030872
2018-12-11,1088680.728611,-0.022288
2018-12-12,1108505.703423,0.018210
2018-12-13,1053422.022355,-0.049692
2018-12-14,1030789.877367,-0.021484
2018-12-15,1028970.482767,-0.001765
2018-12-16,1034081.505400,0.004967
2018-12-17,1127234.710692,0.090083
2018-12-18,1174981.672559,0.042358
2018-12-19,1190842.273310,0.013499
2018-12-20,1314343.946024,0.103710
2018-12-21,1238715.976555,-0.057540
2018-12-22,1276113.530877,0.030191
2018-12-23,1271280.671807,-0.003787
2018-12-24,1296591.615729,0.019910
2018-12-25,1212949.136213,-0.064510
2018-12-26,1226239.595672,0.010957
2018-12-27,1161876.008705,-0.052489
2018-12-28,1247418.522313,0.073624
2018-12-29,1214512.564453,-0.026379
2018-12-30,1228991.040000,0.011921
2018-12-31,1189809.016749,-0.031881
2019-01-01,1221859.683743,0.026938
2019-01-02,1253614.646725,0.025989
2019-01-03,1219704.692255,-0.027050
2019-01-04,1226373.089346,0.005467
2019-01-05,1222392.028575,-0.003246
2019-01-06,1295966.446226,0.060189
2019-01-07,1279631.322031,-0.012605
2019-01-08,1281411.444654,0.001391
2019-01-09,1282825.623863,0.001104
2019-01-10,1169534.587363,-0.088314
2019-01-11,1172217.965440,0.002294
2019-01-12,1163932.044125,-0.007069
2019-01-13,1129488.114958,-0.029593
2019-01-14,1178158.511556,0.043091
2019-01-15,1154196.086581,-0.020339
2019-01-16,1161931.113651,0.006702
2019-01-17,1169419.953551,0.006445
2019-01-18,1162831.575052,-0.005634
2019-01-19,1185316.411323,0.019336
2019-01-20,1144766.621199,-0.034210
2019-01-21,1136825.066997,-0.006937
2019-01-22,1145899.454728,0.007982
2019-01-23,1139714.972206,-0.005397
2019-01-24,1144719.510350,0.004391
2019-01-25,1144369.943194,-0.000305
2019-01-26,1145226.553474,0.000749
2019-01-27,1139347.088476,-0.005134
2019-01-28,1103260.410990,-0.031673
2019-01-29,1096160.565448,-0.006435
2019-01-30,1108261.378954,0.011039
2019-01-31,1099236.508063,-0.008143
2019-02-01,1108822.052386,0.008720
2019-02-02,1119349.503238,0.009494
2019-02-03,1101214.077144,-0.016202
2019-02-04,1099669.275928,-0.001403
2019-02-05,1101959.235729,0.002082
2019-02-06,1085240.938121,-0.015171
2019-02-07,1080696.177027,-0.004188
2019-02-08,1165673.903736,0.078632
2019-02-09,1167080.088847,0.001206
2019-02-10,1173115.322336,0.005171
2019-02-11,1159840.540623,-0.011316
2019-02-12,1161461.169351,0.001397
2019-02-13,1154639.642597,-0.005873
2019-02-14,1149810.819383,-0.004182
2019-02-15,1151060.149426,0.001087
2019-02-16,1153913.887163,0.002479
2019-02-17,1167916.985526,0.012135
2019-02-18,1244810.350847,0.065838
2019-02-19,1254786.131329,0.008014
2019-02-20,1271547.814381,0.013358
2019-02-21,1257018.968256,-0.011426
2019-02-22,1273361.776098,0.013001
2019-02-23,1316914.320154,0.034203
2019-02-24,1211339.528475,-0.080168
2019-02-25,1234313.867422,0.018966
2019-02-26,1225305.062339,-0.007299
2019-02-27,1224252.635466,-0.000859
2019-02-28,1225440.962004,0.000971
2019-03-01,1226966.360070,0.001245
2019-03-02,1228502.235837,0.001252
2019-03-03,1223021.854834,-0.004461
2019-03-04,1195803.581235,-0.022255
2019-03-05,1238662.346248,0.035841
2019-03-06,1241068.104050,0.001942
2019-03-07,1243465.634917,0.001932
2019-03-08,1240174.472559,-0.002647
2019-03-09,1259942.246884,0.015940
2019-03-10,1256218.394274,-0.002956
2019-03-11,1241476.501558,-0.011735
2019-03-12,1242725.521151,0.001006
2019-03-13,1241950.171264,-0.000624
2019-03-14,1247561.717563,0.004518
2019-03-15,1259178.461274,0.009312
2019-03-16,1287094.860222,0.022170
2019-03-17,1279625.190636,-0.005804
2019-03-18,1281938.977505,0.001808
2019-03-19,1294236.306118,0.009593
2019-03-20,1299413.687525,0.004000
2019-03-21,1280927.918148,-0.014226
2019-03-22,1279224.399162,-0.001330
2019-03-23,1282994.120820,0.002947
2019-03-24,1278652.161453,-0.003384
2019-03-25,1259864.944733,-0.014693
2019-03-26,1266862.031190,0.005554
2019-03-27,1299283.298355,0.025592
2019-03-28,1293574.115404,-0.004394
2019-03-29,1302878.236434,0.007193
2019-03-30,1305512.252897,0.002022
2019-03-31,1305113.013676,-0.000306
2019-04-01,1321891.461050,0.012856
2019-04-02,1551319.122464,0.173560
2019-04-03,1580929.726885,0.019087
2019-04-04,1564963.728222,-0.010099
2019-04-05,1601167.057448,0.023134
2019-04-06,1608522.093222,0.004594
2019-04-07,1652735.663803,0.027487
2019-04-08,1681624.626258,0.017479
2019-04-09,1654662.629468,-0.016033
2019-04-10,1692681.472663,0.022977
2019-04-11,1610006.822285,-0.048842
2019-04-12,1617970.651304,0.004946
2019-04-13,1620211.016653,0.001385
2019-04-14,1642825.155518,0.013958
2019-04-15,1610839.915947,-0.019470
2019-04-16,1664390.748140,0.033244
2019-04-17,1669597.467110,0.003128
2019-04-18,1684363.264507,0.008844
2019-04-19,1686088.437409,0.001024
2019-04-20,1696920.517721,0.006424
2019-04-21,1689495.941056,-0.004375
2019-04-22,1716464.767754,0.015963
2019-04-23,1771460.746583,0.032040
2019-04-24,1737287.763007,-0.019291
2019-04-25,1656429.247499,-0.046543
2019-04-26,1678311.189083,0.013210
2019-04-27,1674796.114370,-0.002094
2019-04-28,1680152.159986,0.003198
2019-04-29,1668139.747233,-0.007150
2019-04-30,1701002.474874,0.019700
2019-05-01,1717524.024537,0.009713
2019-05-02,1750136.373926,0.018988
2019-05-03,1833746.256150,0.047773
2019-05-04,1853735.226389,0.010901
2019-05-05,1842462.772176,-0.006081
2019-05-06,1826916.968137,-0.008438
2019-05-07,1853205.597998,0.014390
2019-05-08,1901830.513611,0.026238
2019-05-09,1962890.209753,0.032106
2019-05-10,2027843.885328,0.033091
2019-05-11,2290405.608037,0.129478
2019-05-12,2216525.396737,-0.032256
2019-05-13,2484370.985342,0.120840
2019-05-14,2541434.563869,0.022969
2019-05-15,2608432.865812,0.026362
2019-05-16,2506622.207683,-0.039031
2019-05-17,2334633.304111,-0.068614
2019-05-18,2311525.859552,-0.009898
2019-05-19,2606055.436609,0.127418
2019-05-20,2536314.150111,-0.026761
2019-05-21,2531551.530445,-0.001878
2019-05-22,2441502.441142,-0.035571
2019-05-23,2505648.635213,0.026273
2019-05-24,2539195.129871,0.013388
2019-05-25,2559913.503337,0.008159
2019-05-26,2757225.846460,0.077078
2019-05-27,2799367.626262,0.015284
2019-05-28,2772086.486455,-0.009745
2019-05-29,2752861.534664,-0.006935
2019-05-30,2644770.464838,-0.039265
2019-05-31,2725844.588153,0.030655
2019-06-01,2722511.282152,-0.001223
2019-06-02,2779396.972597,0.020895
2019-06-03,2609649.520950,-0.061073
2019-06-04,2450309.763912,-0.061058
2019-06-05,2487332.682207,0.015109
2019-06-06,2486630.753841,-0.000282
2019-06-07,2557181.850221,0.028372
2019-06-08,2528626.932403,-0.011167
2019-06-09,2444049.065815,-0.033448
2019-06-10,2543314.496297,0.040615
2019-06-11,2520230.025068,-0.009077
2019-06-12,2589577.970903,0.027517
2019-06-13,2616620.684798,0.010443
2019-06-14,2763780.075414,0.056240
2019-06-15,2809730.150336,0.016626
2019-06-16,2859358.752109,0.017663
2019-06-17,2962951.395564,0.036229
2019-06-18,2887103.394370,-0.025599
2019-06-19,2948063.746383,0.021115
2019-06-20,3028695.788321,0.027351
2019-06-21,3224966.880785,0.064804
2019-06-22,3402080.699646,0.054920
2019-06-23,3450935.659010,0.014360
2019-06-24,3500442.874674,0.014346
2019-06-25,3748346.836728,0.070821
2019-06-26,4137875.790024,0.103920
2019-06-27,3555027.817166,-0.140857
2019-06-28,3944305.926535,0.109501
2019-06-29,3801898.600271,-0.036105
2019-06-30,3438786.803303,-0.095508
2019-07-01,3364391.399556,-0.021634
2019-07-02,3433866.474832,0.020650
2019-07-03,3802502.115859,0.107353
2019-07-04,3565401.207005,-0.062354
2019-07-05,3490065.759430,-0.021130
2019-07-06,3563211.910748,0.020958
2019-07-07,3640238.071229,0.021617
2019-07-08,3905720.977025,0.072930
2019-07-09,3997230.269809,0.023430
2019-07-10,3864570.154917,-0.033188
2019-07-11,3610932.484330,-0.065632
2019-07-12,3756316.409079,0.040262
2019-07-13,3621651.095020,-0.035850
2019-07-14,3260413.487148,-0.099744
2019-07-15,3463562.297889,0.062308
2019-07-16,3012953.779625,-0.130100
2019-07-17,3081671.666362,0.022807
2019-07-18,3390887.720738,0.100340
2019-07-19,3347732.630814,-0.012727
2019-07-20,3422886.775351,0.022449
2019-07-21,3369468.505482,-0.015606
2019-07-22,3288086.104916,-0.024153
2019-07-23,3147466.041634,-0.042767
2019-07-24,3119223.126473,-0.008973
2019-07-25,3150986.549229,0.010183
2019-07-26,3137781.541245,-0.004191
2019-07-27,3012965.266290,-0.039779
2019-07-28,3036865.911634,0.007933
2019-07-29,3026147.921845,-0.003529
2019-07-30,3054211.707123,0.009274
2019-07-31,3206233.371985,0.049774
2019-08-01,3306067.392384,0.031137
2019-08-02,3343740.549053,0.011395
2019-08-03,3440240.021650,0.028860
2019-08-04,3487435.002697,0.013719
2019-08-05,3753031.533342,0.076158
2019-08-06,3648923.852665,-0.027740
2019-08-07,3796366.374051,0.040407
2019-08-08,3804135.395440,0.002046
2019-08-09,3771241.933209,-0.008647
2019-08-10,3609458.155356,-0.042899
2019-08-11,3663359.796506,0.014933
2019-08-12,3618547.522319,-0.012233
2019-08-13,3463797.619296,-0.042766
2019-08-14,3195448.945810,-0.077472
2019-08-15,3278052.968721,0.025851
2019-08-16,3298014.929774,0.006090
2019-08-17,3252683.892960,-0.013745
2019-08-18,3288945.742087,0.011148
2019-08-19,3470226.736737,0.055118
2019-08-20,3421644.663280,-0.014000
2019-08-21,3222898.349735,-0.058085
2019-08-22,3220674.903933,-0.000690
2019-08-23,3308704.668576,0.027333
2019-08-24,3229863.925476,-0.023828
2019-08-25,3223047.055479,-0.002111
2019-08-26,3296896.376964,0.022913
2019-08-27,3237982.824473,-0.017869
2019-08-28,3100942.875264,-0.042323
2019-08-29,3023304.196134,-0.025037
2019-08-30,3051271.120885,0.009250
2019-08-31,3061599.805866,0.003385
2019-09-01,3102070.741586,0.013219
2019-09-02,3289247.810332,0.060339
2019-09-03,3377236.285070,0.026750
2019-09-04,3368002.248219,-0.002734
2019-09-05,3361974.853602,-0.001790
2019-09-06,3291327.517596,-0.021014
2019-09-07,3343448.104772,0.015836
2019-09-08,3319294.442347,-0.007224
2019-09-09,3285500.984392,-0.010181
2019-09-10,3215880.928776,-0.021190
2019-09-11,3235716.846965,0.006168
2019-09-12,3309392.005773,0.022769
2019-09-13,3293630.438702,-0.004763
2019-09-14,3292836.306565,-0.000241
2019-09-15,3289550.499477,-0.000998
2019-09-16,3267005.280602,-0.006854
2019-09-17,3255712.957564,-0.003456
2019-09-18,3242035.444062,-0.004201
2019-09-19,3263705.813695,0.006684
2019-09-20,3236756.234922,-0.008257
2019-09-21,3185280.142788,-0.015904
2019-09-22,3201390.035214,0.005058
2019-09-23,3092963.989401,-0.033868
2019-09-24,2740488.533765,-0.113960
2019-09-25,2698025.437794,-0.015495
2019-09-26,2581029.718997,-0.043363
2019-09-27,2623271.774279,0.016366
2019-09-28,2621386.408968,-0.000719
2019-09-29,2576330.431213,-0.017188
2019-09-30,2636630.765665,0.023406
2019-10-01,2652337.693465,0.005957
2019-10-02,2668158.246113,0.005965
2019-10-03,2625861.551559,-0.015852
2019-10-04,2608678.121632,-0.006544
2019-10-05,2591371.908570,-0.006634
2019-10-06,2539444.421546,-0.020039
2019-10-07,2621293.584297,0.032231
2019-10-08,2615940.177510,-0.002042
2019-10-09,2732596.263565,0.044594
2019-10-10,2729650.399670,-0.001078
2019-10-11,2645496.608336,-0.030830
2019-10-12,2650201.173776,0.001778
2019-10-13,2645257.871974,-0.001865
2019-10-14,2662323.020297,0.006451
2019-10-15,2608496.818595,-0.020218
2019-10-16,2558318.564380,-0.019236
2019-10-17,2576243.194649,0.007006
2019-10-18,2534692.357194,-0.016128
2019-10-19,2539573.103239,0.001926
2019-10-20,2613808.625028,0.029231
2019-10-21,2620688.826908,0.002632
2019-10-22,2568070.587733,-0.020078
2019-10-23,2388923.318718,-0.069759
2019-10-24,2382189.183754,-0.002819
2019-10-25,2753247.114067,0.155763
2019-10-26,2938988.039238,0.067462
2019-10-27,3036501.753309,0.033179
2019-10-28,2942540.833675,-0.030944
2019-10-29,2997073.310048,0.018532
2019-10-30,2926511.658354,-0.023544
2019-10-31,2924559.235756,-0.000667
2019-11-01,2944116.369481,0.006687
2019-11-02,2964339.108875,0.006869
2019-11-03,2935930.413197,-0.009583
2019-11-04,2992280.887144,0.019193
2019-11-05,2970000.792915,-0.007446
2019-11-06,2975835.087379,0.001964
2019-11-07,2946169.067560,-0.009969
2019-11-08,2799082.322339,-0.049925
2019-11-09,2801848.435449,0.000988
2019-11-10,2878762.833785,0.027451
2019-11-11,2784111.472450,-0.032879
2019-11-12,2802509.694813,0.006608
2019-11-13,2800157.412092,-0.000839
2019-11-14,2768313.893132,-0.011372
2019-11-15,2699614.633418,-0.024816
2019-11-16,2718297.228352,0.006920
2019-11-17,2726948.860244,0.003183
2019-11-18,2641532.156662,-0.031323
2019-11-19,2608743.626668,-0.012413
2019-11-20,2551878.270724,-0.021798
2019-11-21,2429639.510259,-0.047901
2019-11-22,2319590.895403,-0.045294
2019-11-23,2351768.614225,0.013872
2019-11-24,2240541.374406,-0.047295
2019-11-25,2271764.613457,0.013936
2019-11-26,2294728.940379,0.010109
2019-11-27,2394325.000543,0.043402
2019-11-28,2372530.450748,-0.009103
2019-11-29,2467308.786298,0.039948
2019-11-30,2406394.536170,-0.024689
2019-12-01,2360191.599393,-0.019200
2019-12-02,2327668.970171,-0.013780
2019-12-03,2327083.150257,-0.000252
2019-12-04,2305430.631522,-0.009305
2019-12-05,2367826.040533,0.027065
2019-12-06,2399199.382355,0.013250
2019-12-07,2402137.174539,0.001224
2019-12-08,2404714.533803,0.001073
2019-12-09,2352754.915162,-0.021607
2019-12-10,2313723.072295,-0.016590
2019-12-11,2294428.890063,-0.008339
2019-12-12,2302601.186529,0.003562
2019-12-13,2311041.556920,0.003666
2019-12-14,2264942.465803,-0.019947
2019-12-15,2273725.418217,0.003878
2019-12-16,2203843.963360,-0.030734
2019-12-17,2111027.829596,-0.042116
2019-12-18,2313304.429923,0.095819
2019-12-19,2289792.934162,-0.010164
2019-12-20,2294870.505764,0.002217
2019-12-21,2286078.084614,-0.003831
2019-12-22,2387943.226789,0.044559
2019-12-23,2338363.210504,-0.020763
2019-12-24,2327841.891047,-0.004499
2019-12-25,2312780.855315,-0.006470
2019-12-26,2301276.339425,-0.004974
2019-12-27,2317527.952461,0.007062
2019-12-28,2326397.986212,0.003827
2019-12-29,2359670.353163,0.014302
2019-12-30,2318452.008092,-0.017468
2019-12-31,2286853.900176,-0.013629
2020-01-01,2288944.162754,0.000914
2020-01-02,2220689.468021,-0.029819
2020-01-03,2334947.635146,0.051452
2020-01-04,2355856.780386,0.008955
2020-01-05,2356066.800085,0.000089
2020-01-06,2469844.234757,0.048291
2020-01-07,2595247.726653,0.050774
2020-01-08,2568598.198197,-0.010269
2020-01-09,2504766.335161,-0.024851
2020-01-10,2596157.501566,0.036487
2020-01-11,2555142.967185,-0.015798
2020-01-12,2604403.840453,0.019279
2020-01-13,2589049.273863,-0.005896
2020-01-14,2806357.106684,0.083933
2020-01-15,2799759.414673,-0.002351
2020-01-16,2773302.210242,-0.009450
2020-01-17,2838552.055503,0.023528
2020-01-18,2842929.716667,0.001542
2020-01-19,2767725.900064,-0.026453
2020-01-20,2752275.093849,-0.005582
2020-01-21,2780330.496965,0.010194
2020-01-22,2759661.019438,-0.007434
2020-01-23,2672441.530353,-0.031605
2020-01-24,2684813.910351,0.004630
2020-01-25,2660148.936110,-0.009187
2020-01-26,2732942.726217,0.027365
2020-01-27,2832442.391529,0.036408
2020-01-28,2975107.081179,0.050368
2020-01-29,2961767.958619,-0.004484
2020-01-30,3022920.479433,0.020647
2020-01-31,2972544.623535,-0.016665
2020-02-01,2986006.374004,0.004529
2020-02-02,2970585.060577,-0.005165
2020-02-03,2954421.770681,-0.005441
2020-02-04,2918639.256980,-0.012112
2020-02-05,3056119.114412,0.047104
2020-02-06,3093115.799649,0.012106
2020-02-07,3114142.295142,0.006798
2020-02-08,3136133.360043,0.007062
2020-02-09,3216102.900816,0.025499
2020-02-10,3133428.716113,-0.025706
2020-02-11,3245210.730806,0.035674
2020-02-12,3282665.330391,0.011541
2020-02-13,3247163.774305,-0.010815
2020-02-14,3278234.271757,0.009569
2020-02-15,3143860.160178,-0.040990
2020-02-16,3158168.508903,0.004551
2020-02-17,3080508.098244,-0.024590
2020-02-18,3224152.879823,0.046630
2020-02-19,3062465.341595,-0.050149
2020-02-20,3054546.062209,-0.002586
2020-02-21,3079331.491208,0.008114
2020-02-22,3071937.183457,-0.002401
2020-02-23,3155015.574588,0.027044
2020-02-24,3067802.294511,-0.027643
2020-02-25,2969739.393673,-0.031965
2020-02-26,2804054.806479,-0.055791
2020-02-27,2792601.359681,-0.004085
2020-02-28,2756984.005594,-0.012754
2020-02-29,2733794.291678,-0.008411
2020-03-01,2722014.561504,-0.004309
2020-03-02,2819678.844021,0.035879
2020-03-03,2793647.887996,-0.009232
2020-03-04,2783303.370045,-0.003703
2020-03-05,2886149.690726,0.036951
2020-03-06,2900068.424192,0.004823
2020-03-07,2832485.233685,-0.023304
2020-03-08,2577579.994094,-0.089993
2020-03-09,2518936.223005,-0.022751
2020-03-10,2514512.615181,-0.001756
2020-03-11,2515053.264562,0.000215
2020-03-12,1580219.571583,-0.371695
2020-03-13,1768709.224642,0.119281
2020-03-14,1653202.736438,-0.065306
2020-03-15,1714223.471054,0.036911
2020-03-16,1594109.277936,-0.070069
2020-03-17,1661233.933195,0.042108
2020-03-18,1665305.955934,0.002451
2020-03-19,1968187.735467,0.181878
2020-03-20,1970599.158989,0.001225
2020-03-21,1966240.124850,-0.002212
2020-03-22,1853445.110485,-0.057366
2020-03-23,2039754.315123,0.100520
2020-03-24,2141002.281892,0.049637
2020-03-25,2123918.040870,-0.007980
2020-03-26,2135164.572473,0.005295
2020-03-27,2056756.752464,-0.036722
2020-03-28,1984401.007878,-0.035180
2020-03-29,1882624.654519,-0.051288
2020-03-30,2044054.518910,0.085747
2020-03-31,2046852.918862,0.001369
2020-04-01,2100302.233772,0.026113
2020-04-02,2159701.485922,0.028281
2020-04-03,2140551.973579,-0.008867
2020-04-04,2183195.286011,0.019922
2020-04-05,2158908.285137,-0.011125
2020-04-06,2311708.093940,0.070776
2020-04-07,2281390.904396,-0.013115
2020-04-08,2331518.865646,0.021973
2020-04-09,2321343.077490,-0.004364
2020-04-10,2182548.617817,-0.059791
2020-04-11,2180510.821357,-0.000934
2020-04-12,2216118.551481,0.016330
2020-04-13,2176045.768404,-0.018082
2020-04-14,2175216.089696,-0.000381
2020-04-15,2111534.795107,-0.029276
2020-04-16,2262440.701213,0.071467
2020-04-17,2255885.696133,-0.002897
2020-04-18,2307220.533333,0.022756
2020-04-19,2285526.879919,-0.009403
2020-04-20,2187782.966873,-0.042766
2020-04-21,2187263.117670,-0.000238
2020-04-22,2262568.917231,0.034429
2020-04-23,2361918.479772,0.043910
2020-04-24,2400440.563075,0.016310
2020-04-25,2406491.862372,0.002521
2020-04-26,2441439.109259,0.014522
2020-04-27,2478231.052453,0.015070
2020-04-28,2481873.411832,0.001470
2020-04-29,2797860.699995,0.127318
2020-04-30,2752564.744077,-0.016189
2020-05-01,2818120.072536,0.023816
2020-05-02,2857485.804815,0.013969
2020-05-03,2828516.125255,-0.010138
2020-05-04,2833343.629056,0.001707
2020-05-05,2862086.990270,0.010145
2020-05-06,2946550.611108,0.029511
2020-05-07,3163599.838742,0.073662
2020-05-08,3128995.484327,-0.010938
2020-05-09,3049911.348110,-0.025275
2020-05-10,2783679.946387,-0.087292
2020-05-11,2734521.366527,-0.017660
2020-05-12,2798954.106322,0.023563
2020-05-13,2946940.226367,0.052872
2020-05-14,3094361.947575,0.050025
2020-05-15,2965445.243669,-0.041662
2020-05-16,2980964.038523,0.005233
2020-05-17,3074339.759143,0.031324
2020-05-18,3092090.071510,0.005774
2020-05-19,3092873.027432,0.000253
2020-05-20,3027367.371037,-0.021180
2020-05-21,2887103.083920,-0.046332
2020-05-22,2919152.431499,0.011101
2020-05-23,2927643.560532,0.002909
2020-05-24,2794468.718868,-0.045489
2020-05-25,2831525.321032,0.013261
2020-05-26,2808673.998058,-0.008070
2020-05-27,2918656.642202,0.039158
2020-05-28,3028247.808386,0.037548
2020-05-29,3000708.994744,-0.009094
2020-05-30,3083773.415606,0.027682
2020-05-31,3007682.021294,-0.024675
2020-06-01,3232187.025858,0.074644
2020-06-02,3029536.177568,-0.062698
2020-06-03,3069882.312226,0.013318
2020-06-04,3115634.319789,0.014904
2020-06-05,3072684.748033,-0.013785
2020-06-06,3068916.501015,-0.001226
2020-06-07,3102351.078302,0.010895
2020-06-08,3106368.306545,0.001295
2020-06-09,3114064.992991,0.002478
2020-06-10,3137715.104858,0.007595
2020-06-11,2963405.584507,-0.055553
2020-06-12,3013971.746503,0.017064
2020-06-13,3012202.179194,-0.000587
2020-06-14,2984071.336629,-0.009339
2020-06-15,3004389.694747,0.006809
2020-06-16,3032149.549078,0.009240
2020-06-17,3013784.544909,-0.006057
2020-06-18,2992035.631323,-0.007216
2020-06-19,2952672.382648,-0.013156
2020-06-20,2966762.484738,0.004772
2020-06-21,2957635.242826,-0.003076
2020-06-22,3067339.102506,0.037092
2020-06-23,3061280.041948,-0.001975
2020-06-24,2960808.045967,-0.032820
2020-06-25,2945295.460120,-0.005239
2020-06-26,2912902.754393,-0.010998
2020-06-27,2875540.669029,-0.012826
2020-06-28,2906755.836370,0.010855
2020-06-29,2921783.809134,0.005170
2020-06-30,2904979.128701,-0.005752
2020-07-01,2933695.791181,0.009885
2020-07-02,2900343.172800,-0.011369
2020-07-03,2888864.889970,-0.003958
2020-07-04,2903229.119767,0.004972
2020-07-05,2884617.307526,-0.006411
2020-07-06,2980474.768685,0.033231
2020-07-07,2941310.208269,-0.013140
2020-07-08,2997278.517766,0.019028
2020-07-09,2949477.227078,-0.015948
2020-07-10,2949744.214427,0.000091
2020-07-11,2937517.435669,-0.004145
2020-07-12,2949010.620119,0.003913
2020-07-13,2938556.202724,-0.003545
2020-07-14,2938428.918058,-0.000043
2020-07-15,2922414.023456,-0.005450
2020-07-16,2903146.229509,-0.006593
2020-07-17,2909238.818711,0.002099
2020-07-18,2911669.955834,0.000836
2020-07-19,2920182.505944,0.002924
2020-07-20,2913320.310188,-0.002350
2020-07-21,2980288.187991,0.022987
2020-07-22,3028124.559575,0.016051
2020-07-23,3045834.513389,0.005848
2020-07-24,3031789.737059,-0.004611
2020-07-25,3076366.068938,0.014703
2020-07-26,3148864.620710,0.023566
2020-07-27,3494011.894531,0.109610
2020-07-28,3469199.766797,-0.007101
2020-07-29,3528852.191253,0.017195
2020-07-30,3532268.387512,0.000968
2020-07-31,3599743.851728,0.019103
2020-08-01,3738388.829531,0.038515
2020-08-02,3513957.401713,-0.060034
2020-08-03,3575227.893680,0.017436
2020-08-04,3562366.864745,-0.003597
2020-08-05,3734392.711915,0.048290
2020-08-06,3744804.287154,0.002788
2020-08-07,3688122.252175,-0.015136
2020-08-08,3736625.471229,0.013151
2020-08-09,3711731.695039,-0.006662
2020-08-10,3776066.022055,0.017333
2020-08-11,3627419.884449,-0.039365
2020-08-12,3682864.774563,0.015285
2020-08-13,3746191.690015,0.017195
2020-08-14,3741338.418831,-0.001296
2020-08-15,3772119.886955,0.008227
2020-08-16,3780736.748401,0.002284
2020-08-17,3895689.393083,0.030405
2020-08-18,3812027.665641,-0.021475
2020-08-19,3737972.515537,-0.019427
2020-08-20,3776148.912314,0.010213
2020-08-21,3685266.418898,-0.024068
2020-08-22,3713666.421964,0.007706
2020-08-23,3708269.241670,-0.001453
2020-08-24,3743158.279106,0.009408
2020-08-25,3613308.050831,-0.034690
2020-08-26,3652164.644445,0.010754
2020-08-27,3599721.809749,-0.014359
2020-08-28,3669374.773107,0.019350
2020-08-29,3658046.437821,-0.003087
2020-08-30,3723101.941129,0.017784
2020-08-31,3713346.968497,-0.002620
2020-09-01,3805429.663180,0.024798
2020-09-02,3628535.332755,-0.046485
2020-09-03,3256992.323683,-0.102395
2020-09-04,3341718.275114,0.026014
2020-09-05,3232917.826112,-0.032558
2020-09-06,3268136.251428,0.010894
2020-09-07,3296496.827293,0.008678
2020-09-08,3220821.436525,-0.022956
2020-09-09,3256054.763460,0.010939
2020-09-10,3294454.374077,0.011793
2020-09-11,3306463.527101,0.003645
2020-09-12,3319578.814918,0.003967
2020-09-13,3281934.530137,-0.011340
2020-09-14,3395451.341694,0.034588
2020-09-15,3432363.894871,0.010871
2020-09-16,3488935.719956,0.016482
2020-09-17,3480697.297553,-0.002361
2020-09-18,3479297.166226,-0.000402
2020-09-19,3526906.288113,0.013684
2020-09-20,3477289.793906,-0.014068
2020-09-21,3325965.090204,-0.043518
2020-09-22,3350189.224870,0.007283
2020-09-23,3257275.144002,-0.027734
2020-09-24,3420638.183067,0.050153
2020-09-25,3399227.660423,-0.006259
2020-09-26,3417668.104040,0.005425
2020-09-27,3425471.274975,0.002283
2020-09-28,3404611.491349,-0.006090
2020-09-29,3447524.429957,0.012604
2020-09-30,3428402.858151,-0.005546
2020-10-01,3375936.739674,-0.015303
2020-10-02,3362115.177185,-0.004094
2020-10-03,3353644.537880,-0.002519
2020-10-04,3391873.400774,0.011399
2020-10-05,3431215.849272,0.011599
2020-10-06,3371153.630282,-0.017505
2020-10-07,3391678.127469,0.006088
2020-10-08,3470109.696935,0.023125
2020-10-09,3517404.643012,0.013629
2020-10-10,3591126.990281,0.020959
2020-10-11,3619045.174319,0.007774
2020-10-12,3673464.025844,0.015037
2020-10-13,3632307.305178,-0.011204
2020-10-14,3633454.108975,0.000316
2020-10-15,3654385.606644,0.005761
2020-10-16,3599316.671970,-0.015069
2020-10-17,3610754.285798,0.003178
2020-10-18,3650573.896569,0.011028
2020-10-19,3732807.862597,0.022526
2020-10-20,3788217.361365,0.014844
2020-10-21,4076666.456786,0.076144
2020-10-22,4121872.692537,0.011089
2020-10-23,4110951.978634,-0.002649
2020-10-24,4167068.993875,0.013651
2020-10-25,4142625.991673,-0.005866
2020-10-26,4156637.239360,0.003382
2020-10-27,4340692.729281,0.044280
2020-10-28,4218957.674598,-0.028045
2020-10-29,4271919.271921,0.012553
2020-10-30,4306455.948147,0.008085
2020-10-31,4380995.090432,0.017309
2020-11-01,4367043.759674,-0.003185
2020-11-02,4307716.997693,-0.013585
2020-11-03,4434817.566729,0.029505
2020-11-04,4493122.636426,0.013147
2020-11-05,4952852.808496,0.102319
2020-11-06,4948412.436350,-0.000897
2020-11-07,4715668.388483,-0.047034
2020-11-08,4920973.277288,0.043537
2020-11-09,4874161.702492,-0.009513
2020-11-10,4860996.432159,-0.002701
2020-11-11,4991475.012054,0.026842
2020-11-12,5174269.452429,0.036621
2020-11-13,5187451.176633,0.002548
2020-11-14,5108080.805143,-0.015300
2020-11-15,5072300.775044,-0.007005
2020-11-16,5314072.099793,0.047665
2020-11-17,5609496.084468,0.055593
2020-11-18,5659915.092972,0.008988
2020-11-19,5664074.507501,0.000735
2020-11-20,5919738.487883,0.045138
2020-11-21,5926388.335562,0.001123
2020-11-22,5839845.938810,-0.014603
2020-11-23,5837976.406470,-0.000320
2020-11-24,6074286.287692,0.040478
2020-11-25,5954964.053557,-0.019644
2020-11-26,5452203.903077,-0.084427
2020-11-27,5438781.890259,-0.002462
2020-11-28,5632387.455545,0.035597
2020-11-29,5778644.366833,0.025967
2020-11-30,6239077.088169,0.079678
2020-12-01,5977495.923065,-0.041926
2020-12-02,6104050.409838,0.021172
2020-12-03,6181715.787704,0.012724
2020-12-04,5944678.210733,-0.038345
2020-12-05,6089153.136695,0.024303
2020-12-06,6149837.498298,0.009966
2020-12-07,6101042.766313,-0.007934
2020-12-08,5824314.105039,-0.045358
2020-12-09,5898312.442718,0.012705
2020-12-10,5806463.206741,-0.015572
2020-12-11,5740947.615933,-0.011283
2020-12-12,5977705.166638,0.041240
2020-12-13,6085386.752379,0.018014
2020-12-14,6118531.679439,0.005447
2020-12-15,6172712.105053,0.008855
2020-12-16,6774664.885395,0.097518
2020-12-17,7249788.740806,0.070132
2020-12-18,7355585.892588,0.014593
2020-12-19,7588248.602449,0.031631
2020-12-20,7463460.578481,-0.016445
2020-12-21,7249127.481443,-0.028718
2020-12-22,7560653.907733,0.042974
2020-12-23,7388452.035183,-0.022776
2020-12-24,7545687.093699,0.021281
2020-12-25,7840967.029386,0.039132
2020-12-26,8404366.215710,0.071853
2020-12-27,8351994.474156,-0.006231
2020-12-28,8610293.557577,0.030927
2020-12-29,8698552.124168,0.010250
2020-12-30,9168574.037620,0.054034
2020-12-31,9219682.246024,0.005574
2021-01-01,9338078.717050,0.012842
2021-01-02,10213297.394847,0.093726
2021-01-03,10421445.078012,0.020380
2021-01-04,10163910.323489,-0.024712
2021-01-05,10806234.695423,0.063197
2021-01-06,11706509.825422,0.083311
2021-01-07,12516102.392067,0.069157
2021-01-08,12969609.585765,0.036234
2021-01-09,12796969.357242,-0.013311
2021-01-10,12193559.322698,-0.047153
2021-01-11,11306683.232186,-0.072733
2021-01-12,10784150.495399,-0.046215
2021-01-13,11862915.981357,0.100032
2021-01-14,12457699.220042,0.050138
2021-01-15,11706828.968439,-0.060274
2021-01-16,11501074.857898,-0.017576
2021-01-17,11378090.550784,-0.010693
2021-01-18,11644745.096410,0.023436
2021-01-19,11466634.731748,-0.015295
2021-01-20,11300672.912342,-0.014473
2021-01-21,9799527.232112,-0.132837
2021-01-22,10492571.749444,0.070722
2021-01-23,10194342.534908,-0.028423
2021-01-24,10264832.783009,0.006915
2021-01-25,10289315.522863,0.002385
2021-01-26,10353994.760279,0.006286
2021-01-27,9674543.624389,-0.065622
2021-01-28,10638913.103242,0.099681
2021-01-29,10909221.029236,0.025407
2021-01-30,10894323.135192,-0.001366
2021-01-31,10527095.076302,-0.033708
2021-02-01,10661508.925533,0.012768
2021-02-02,11288764.034799,0.058834
2021-02-03,11912422.886571,0.055246
2021-02-04,11738841.372420,-0.014571
2021-02-05,12126122.043882,0.032991
2021-02-06,12482712.830088,0.029407
2021-02-07,12367451.287254,-0.009234
2021-02-08,14685912.298407,0.187465
2021-02-09,14776399.898908,0.006162
2021-02-10,14279545.136035,-0.033625
2021-02-11,15230434.858294,0.066591
2021-02-12,15101850.025871,-0.008443
2021-02-13,14974900.646182,-0.008406
2021-02-14,15487285.380124,0.034216
2021-02-15,15241792.375918,-0.015851
2021-02-16,15640698.794153,0.026172
2021-02-17,16578232.939981,0.059942
2021-02-18,16429070.212901,-0.008998
2021-02-19,17766905.320184,0.081431
2021-02-20,17834105.414891,0.003782
2021-02-21,18292018.520739,0.025676
2021-02-22,17232572.984397,-0.057918
2021-02-23,15521344.273177,-0.099302
2021-02-24,15801385.440274,0.018042
2021-02-25,14971192.626543,-0.052539
2021-02-26,14731466.549063,-0.016012
2021-02-27,14683365.363283,-0.003265
2021-02-28,14349351.772343,-0.022748
2021-03-01,15777832.188933,0.099550
2021-03-02,15379739.150760,-0.025231
2021-03-03,16066168.590857,0.044632
2021-03-04,15437654.294748,-0.039120
2021-03-05,15554049.602462,0.007540
2021-03-06,15549305.920271,-0.000305
2021-03-07,16278669.409604,0.046906
2021-03-08,16609233.275642,0.020307
2021-03-09,17428653.460313,0.049335
2021-03-10,17805186.338747,0.021604
2021-03-11,18376318.223763,0.032077
2021-03-12,18225941.014697,-0.008183
2021-03-13,19469251.424412,0.068217
2021-03-14,18852278.432565,-0.031690
2021-03-15,17772966.553895,-0.057251
2021-03-16,18058347.467962,0.016057
2021-03-17,18715128.894364,0.036370
2021-03-18,18393421.557486,-0.017190
2021-03-19,18548471.666050,0.008430
2021-03-20,18537978.442355,-0.000566
2021-03-21,18286765.699883,-0.013551
2021-03-22,17334881.294525,-0.052053
2021-03-23,17401577.217774,0.003847
2021-03-24,16777003.158207,-0.035892
2021-03-25,16436815.329609,-0.020277
2021-03-26,17528218.630661,0.066400
2021-03-27,17794047.378209,0.015166
2021-03-28,17786810.158363,-0.000407
2021-03-29,18358858.492975,0.032161
2021-03-30,18730005.677780,0.020216
2021-03-31,18730368.283854,0.000019
2021-04-01,18786629.348083,0.003004
2021-04-02,18878345.090387,0.004882
2021-04-03,18312346.813270,-0.029981
2021-04-04,18679415.921553,0.020045
2021-04-05,18774571.454346,0.005094
2021-04-06,18499421.743832,-0.014655
2021-04-07,17818025.325704,-0.036833
2021-04-08,18541255.556832,0.040590
2021-04-09,18516157.504275,-0.001354
2021-04-10,19008341.851253,0.026581
2021-04-11,19139231.467484,0.006886
2021-04-12,19040201.513634,-0.005174
2021-04-13,20187826.141264,0.060274
2021-04-14,20062648.812488,-0.006201
2021-04-15,20127601.246261,0.003237
2021-04-16,19574064.448409,-0.027501
2021-04-17,19291460.202766,-0.014438
2021-04-18,17871193.062096,-0.073622
2021-04-19,17714811.742194,-0.008750
2021-04-20,17952845.244065,0.013437
2021-04-21,17136811.452413,-0.045454
2021-04-22,16455289.612321,-0.039769
2021-04-23,16242734.154303,-0.012917
2021-04-24,15911231.486240,-0.020409
2021-04-25,15578511.852589,-0.020911
2021-04-26,17173581.198404,0.102389
2021-04-27,17495094.814229,0.018721
2021-04-28,17428839.730556,-0.003787
2021-04-29,17025234.334988,-0.023157
2021-04-30,18358851.042166,0.078332
2021-05-01,18383607.599277,0.001348
2021-05-02,18003088.537640,-0.020699
2021-05-03,18184042.628013,0.010051
2021-05-04,16954796.863456,-0.067600
2021-05-05,18255161.848635,0.076696
2021-05-06,17928520.833918,-0.017893
2021-05-07,18233669.987985,0.017020
2021-05-08,18693792.258916,0.025235
2021-05-09,18512124.132611,-0.009718
2021-05-10,17757897.291227,-0.040742
2021-05-11,18026453.035134,0.015123
2021-05-12,15625014.839683,-0.133217
2021-05-13,15804837.648780,0.011509
2021-05-14,15857082.726568,0.003306
2021-05-15,14865120.415702,-0.062556
2021-05-16,14768437.466916,-0.006504
2021-05-17,13840627.869579,-0.062824
2021-05-18,13640951.136170,-0.014427
2021-05-19,11763121.077709,-0.137661
2021-05-20,12964882.046994,0.102163
2021-05-21,11859206.719916,-0.085282
2021-05-22,11932941.174751,0.006217
2021-05-23,11053610.270886,-0.073689
2021-05-24,12304678.215325,0.113182
2021-05-25,12208113.237693,-0.007848
2021-05-26,12491673.670584,0.023227
2021-05-27,12219159.063110,-0.021816
2021-05-28,11348312.147918,-0.071269
2021-05-29,11004489.565976,-0.030297
2021-05-30,11342120.525037,0.030681
2021-05-31,11868160.109601,0.046379
2021-06-01,11662182.474768,-0.017355
2021-06-02,11945195.273144,0.024268
2021-06-03,12464514.227336,0.043475
2021-06-04,11728776.570284,-0.059027
2021-06-05,11302010.332687,-0.036386
2021-06-06,11400693.823885,0.008731
2021-06-07,10668989.538496,-0.064181
2021-06-08,10640990.637353,-0.002624
2021-06-09,11872059.366690,0.115691
2021-06-10,11667800.385300,-0.017205
2021-06-11,11868650.621241,0.017214
2021-06-12,11302187.910319,-0.047728
2021-06-13,12429256.995720,0.099721
2021-06-14,12785502.561076,0.028662
2021-06-15,12845202.173993,0.004669
2021-06-16,12190577.757006,-0.050963
2021-06-17,12097255.123406,-0.007655
2021-06-18,11376809.011511,-0.059555
2021-06-19,11322328.690806,-0.004789
2021-06-20,11348531.946805,0.002314
2021-06-21,10070059.303299,-0.112655
2021-06-22,10333588.855146,0.026170
2021-06-23,10720591.363045,0.037451
2021-06-24,11019230.993016,0.027857
2021-06-25,10057688.475553,-0.087260
2021-06-26,10232056.671031,0.017337
2021-06-27,11015164.092708,0.076535
2021-06-28,10946717.229174,-0.006214
2021-06-29,11402409.993725,0.041628
2021-06-30,11139524.316018,-0.023055
2021-07-01,10672616.841031,-0.041914
2021-07-02,10775912.383447,0.009679
2021-07-03,11021173.170751,0.022760
2021-07-04,11218028.530878,0.017862
2021-07-05,10727895.640178,-0.043692
2021-07-06,10883410.182549,0.014496
2021-07-07,10762649.942138,-0.011096
2021-07-08,10451756.213773,-0.028886
2021-07-09,10744428.986957,0.028002
2021-07-10,10656213.883422,-0.008210
2021-07-11,10884997.205020,0.021469
2021-07-12,10540284.251316,-0.031669
2021-07-13,10396013.601720,-0.013688
2021-07-14,10434264.196143,0.003679
2021-07-15,10103132.826765,-0.031735
2021-07-16,9988945.442333,-0.011302
2021-07-17,10024400.741307,0.003549
2021-07-18,10108244.703137,0.008364
2021-07-19,9797026.243648,-0.030789
2021-07-20,9475792.033187,-0.032789
2021-07-21,10208028.430570,0.077274
2021-07-22,10272375.486053,0.006304
2021-07-23,10675615.791945,0.039255
2021-07-24,10901610.027102,0.021169
2021-07-25,11237867.553571,0.030845
2021-07-26,11869647.787943,0.056219
2021-07-27,12527514.548962,0.055424
2021-07-28,12714747.188329,0.014946
2021-07-29,12718725.920722,0.000313
2021-07-30,13426731.663980,0.055666
2021-07-31,13233018.061954,-0.014427
2021-08-01,12708067.537411,-0.039670
2021-08-02,12462346.041706,-0.019336
2021-08-03,12128878.843480,-0.026758
2021-08-04,12635779.781465,0.041793
2021-08-05,12992481.088015,0.028229
2021-08-06,13611417.368224,0.047638
2021-08-07,14164343.199678,0.040622
2021-08-08,13923474.664707,-0.017005
2021-08-09,14739617.734901,0.058616
2021-08-10,14491536.816117,-0.016831
2021-08-11,14494272.505088,0.000189
2021-08-12,14123807.069372,-0.025559
2021-08-13,15193554.591960,0.075741
2021-08-14,14972176.133426,-0.014571
2021-08-15,14956299.699705,-0.001060
2021-08-16,14624881.474153,-0.022159
2021-08-17,14208709.046183,-0.028456
2021-08-18,14242351.935692,0.002368
2021-08-19,14851574.843623,0.042775
2021-08-20,15684983.923552,0.056116
2021-08-21,15547115.382212,-0.008790
2021-08-22,15679413.201481,0.008509
2021-08-23,15750780.782427,0.004552
2021-08-24,15165832.612578,-0.037138
2021-08-25,15564694.325955,0.026300
2021-08-26,14922988.371229,-0.041228
2021-08-27,15595810.149166,0.045086
2021-08-28,15546133.117130,-0.003185
2021-08-29,15523062.926620,-0.001484
2021-08-30,14958836.700416,-0.036348
2021-08-31,14994347.259563,0.002374
2021-09-01,15528529.337354,0.035626
2021-09-02,15681342.961200,0.009841
2021-09-03,15903127.488863,0.014143
2021-09-04,15877456.965759,-0.001614
2021-09-05,16452471.964444,0.036216
2021-09-06,16732264.771217,0.017006
2021-09-07,14881314.750638,-0.110622
2021-09-08,14652509.076611,-0.015375
2021-09-09,14747889.375497,0.006509
2021-09-10,14268649.568614,-0.032495
2021-09-11,14369598.105968,0.007075
2021-09-12,14643569.346743,0.019066
2021-09-13,14293815.920261,-0.023884
2021-09-14,14970760.479579,0.047359
2021-09-15,15315319.449882,0.023015
2021-09-16,15190387.997827,-0.008157
2021-09-17,15026401.884800,-0.010795
2021-09-18,15347750.341009,0.021386
2021-09-19,15024080.957570,-0.021089
2021-09-20,13620096.319751,-0.093449
2021-09-21,12936568.970041,-0.050185
2021-09-22,13852388.972729,0.070793
2021-09-23,14272206.088456,0.030306
2021-09-24,13618808.571471,-0.045781
2021-09-25,13579657.049972,-0.002875
2021-09-26,13736047.062485,0.011516
2021-09-27,13426790.028656,-0.022514
2021-09-28,13044931.063071,-0.028440
2021-09-29,13213361.584099,0.012912
2021-09-30,13921178.573511,0.053568
2021-10-01,15296434.130834,0.098789
2021-10-02,15167540.089807,-0.008426
2021-10-03,15322823.657076,0.010238
2021-10-04,15613051.322869,0.018941
2021-10-05,16376621.479647,0.048906
2021-10-06,17599471.965858,0.074670
2021-10-07,17104987.802279,-0.028097
2021-10-08,17156444.336037,0.003008
2021-10-09,17474464.763904,0.018536
2021-10-10,17411951.228514,-0.003577
2021-10-11,18274484.281854,0.049537
2021-10-12,17815520.611835,-0.025115
2021-10-13,18247878.682129,0.024269
2021-10-14,18222581.941313,-0.001386
2021-10-15,19580791.287788,0.074534
2021-10-16,19357697.901217,-0.011393
2021-10-17,19567969.686054,0.010862
2021-10-18,19718165.592083,0.007676
2021-10-19,20428965.388988,0.036048
2021-10-20,20979202.719934,0.026934
2021-10-21,19776689.218866,-0.057319
2021-10-22,19294144.977870,-0.024400
2021-10-23,19517105.491669,0.011556
2021-10-24,19369986.770056,-0.007538
2021-10-25,20040436.706897,0.034613
2021-10-26,19189723.121383,-0.042450
2021-10-27,18591621.788768,-0.031168
2021-10-28,19271850.913373,0.036588
2021-10-29,19782345.625248,0.026489
2021-10-30,19674534.892138,-0.005450
2021-10-31,19493370.937291,-0.009208
2021-11-01,19393374.861781,-0.005130
2021-11-02,20099750.119511,0.036424
2021-11-03,20018254.404546,-0.004055
2021-11-04,19535738.724988,-0.024104
2021-11-05,19431926.593097,-0.005314
2021-11-06,19559660.791410,0.006573
2021-11-07,20131726.511245,0.029247
2021-11-08,21479576.748600,0.066952
2021-11-09,21290425.525728,-0.008806
2021-11-10,20662062.729416,-0.029514
2021-11-11,20647671.490434,-0.000697
2021-11-12,20395251.716786,-0.012225
2021-11-13,20494941.067297,0.004888
2021-11-14,20811987.922692,0.015470
2021-11-15,20205124.437841,-0.029159
2021-11-16,19125333.223745,-0.053441
2021-11-17,19191064.267134,0.003437
2021-11-18,18101974.442502,-0.056750
2021-11-19,18476284.496035,0.020678
2021-11-20,18977810.916605,0.027144
2021-11-21,18670489.851503,-0.016194
2021-11-22,17894433.379428,-0.041566
2021-11-23,18301278.635425,0.022736
2021-11-24,17891615.731551,-0.022384
2021-11-25,18207690.256277,0.017666
2021-11-26,17029893.574669,-0.064687
2021-11-27,17425779.931362,0.023247
2021-11-28,18199354.041997,0.044393
2021-11-29,18376777.690363,0.009749
2021-11-30,18122094.112361,-0.013859
2021-12-01,18193431.890068,0.003937
2021-12-02,17954366.451050,-0.013140
2021-12-03,17038947.550286,-0.050986
2021-12-04,15640963.297898,-0.082046
2021-12-05,15694416.648663,0.003418
2021-12-06,16080277.940872,0.024586
2021-12-07,16117618.915608,0.002322
2021-12-08,16055536.285381,-0.003852
2021-12-09,15155025.213073,-0.056087
2021-12-10,15018703.956553,-0.008995
2021-12-11,15692401.204633,0.044857
2021-12-12,15926321.859536,0.014907
2021-12-13,14857901.822881,-0.067085
2021-12-14,14818212.601280,-0.002671
2021-12-15,15544327.537573,0.049002
2021-12-16,15152896.765095,-0.025182
2021-12-17,14687717.877964,-0.030699
2021-12-18,14893283.234659,0.013996
2021-12-19,14848217.012040,-0.003026
2021-12-20,14903297.122929,0.003710
2021-12-21,15557008.815724,0.043864
2021-12-22,15459062.954690,-0.006296
2021-12-23,16144466.666649,0.044337
2021-12-24,16156437.634273,0.000741
2021-12-25,16031713.563088,-0.007720
2021-12-26,16152406.746212,0.007528
2021-12-27,16098650.395851,-0.003328
2021-12-28,15128554.969725,-0.060259
2021-12-29,14764830.033207,-0.024042
2021-12-30,14997983.254709,0.015791
2021-12-31,14720875.223040,-0.018476
2022-01-01,15159695.628969,0.029809
2022-01-02,15051102.560838,-0.007163
2022-01-03,14769091.896370,-0.018737
2022-01-04,14590894.605595,-0.012066
2022-01-05,13850639.274246,-0.050734
2022-01-06,13720911.984331,-0.009366
2022-01-07,13211307.644218,-0.037141
2022-01-08,13267270.676059,0.004236
2022-01-09,13323749.055572,0.004257
2022-01-10,13295029.909489,-0.002155
2022-01-11,13585780.373764,0.021869
2022-01-12,13971472.780952,0.028389
2022-01-13,13539911.947298,-0.030889
2022-01-14,13701446.743926,0.011930
2022-01-15,13726147.419965,0.001803
2022-01-16,13705954.483810,-0.001471
2022-01-17,13431501.424006,-0.020024
2022-01-18,13471265.153703,0.002960
2022-01-19,13270572.626568,-0.014898
2022-01-20,12932354.295341,-0.025486
2022-01-21,11589825.177931,-0.103812
2022-01-22,11136159.033625,-0.039143
2022-01-23,11532440.283234,0.035585
2022-01-24,11652455.442673,0.010407
2022-01-25,11747722.737612,0.008176
2022-01-26,11715334.067739,-0.002757
2022-01-27,11806289.827451,0.007764
2022-01-28,12011685.057324,0.017397
2022-01-29,12124173.657139,0.009365
2022-01-30,12054051.603219,-0.005784
2022-01-31,12233832.191060,0.014915
2022-02-01,12316533.695399,0.006760
2022-02-02,11747398.627389,-0.046209
2022-02-03,11811492.976242,0.005456
2022-02-04,13193178.582357,0.116978
2022-02-05,13174196.402782,-0.001439
2022-02-06,13482964.166772,0.023437
2022-02-07,13936879.913203,0.033666
2022-02-08,14025307.364815,0.006345
2022-02-09,14095357.394241,0.004995
2022-02-10,13849402.439832,-0.017449
2022-02-11,13481534.853107,-0.026562
2022-02-12,13429567.938882,-0.003855
2022-02-13,13414641.483401,-0.001111
2022-02-14,13538432.961568,0.009228
2022-02-15,14170511.228329,0.046688
2022-02-16,13975528.505046,-0.013760
2022-02-17,12887083.175455,-0.077882
2022-02-18,12725896.083280,-0.012508
2022-02-19,12754882.216712,0.002278
2022-02-20,12217382.044990,-0.042141
2022-02-21,11786276.952531,-0.035286
2022-02-22,12171174.606682,0.032656
2022-02-23,11856625.014346,-0.025844
2022-02-24,12185983.091010,0.027778
2022-02-25,12466247.782399,0.022999
2022-02-26,12431574.197544,-0.002781
2022-02-27,11987986.515193,-0.035682
2022-02-28,13731181.683735,0.145412
2022-03-01,14100392.899813,0.026889
2022-03-02,13963530.217786,-0.009706
2022-03-03,13495475.318101,-0.033520
2022-03-04,12441892.327211,-0.078069
2022-03-05,12525494.137725,0.006719
2022-03-06,12213759.709663,-0.024888
2022-03-07,12099968.459947,-0.009317
2022-03-08,12314625.046308,0.017740
2022-03-09,13346423.111365,0.083786
2022-03-10,12537216.745024,-0.060631
2022-03-11,12332968.939849,-0.016291
2022-03-12,12367632.590291,0.002811
2022-03-13,12032454.189431,-0.027101
2022-03-14,12610109.258361,0.048008
2022-03-15,12505847.594283,-0.008268
2022-03-16,13079705.233857,0.045887
2022-03-17,13018493.106565,-0.004680
2022-03-18,13288638.356547,0.020751
2022-03-19,13412459.637953,0.009318
2022-03-20,13112733.431564,-0.022347
2022-03-21,13058744.864300,-0.004117
2022-03-22,13465916.714123,0.031180
2022-03-23,13635723.151347,0.012610
2022-03-24,13975234.198062,0.024899
2022-03-25,14098515.295763,0.008821
2022-03-26,14146867.325470,0.003430
2022-03-27,14884291.349123,0.052126
2022-03-28,14982049.698113,0.006568
2022-03-29,15089413.382639,0.007166
2022-03-30,14961278.082403,-0.008492
2022-03-31,14476800.356284,-0.032382
2022-04-01,14712991.024549,0.016315
2022-04-02,14581794.683318,-0.008917
2022-04-03,14767645.197482,0.012745
2022-04-04,14821405.273247,0.003640
2022-04-05,14482305.262869,-0.022879
2022-04-06,13735474.591938,-0.051568
2022-04-07,13829926.023212,0.006876
2022-04-08,13443299.781204,-0.027956
2022-04-09,13600493.239366,0.011693
2022-04-10,13417870.167615,-0.013428
2022-04-11,12564060.770660,-0.063632
2022-04-12,12756480.415398,0.015315
2022-04-13,13086953.629917,0.025906
2022-04-14,12695548.935273,-0.029908
2022-04-15,12891995.742666,0.015474
2022-04-16,12850992.694951,-0.003181
2022-04-17,12626067.650989,-0.017503
2022-04-18,12978703.299033,0.027929
2022-04-19,13193774.647135,0.016571
2022-04-20,13152965.320472,-0.003093
2022-04-21,12883698.024237,-0.020472
2022-04-22,12633496.108284,-0.019420
2022-04-23,12552879.588867,-0.006381
2022-04-24,12547336.186432,-0.000442
2022-04-25,12861745.455185,0.025058
2022-04-26,12117587.141342,-0.057858
2022-04-27,12474800.070161,0.029479
2022-04-28,12644148.282587,0.013575
2022-04-29,12274110.026629,-0.029266
2022-04-30,11989604.582705,-0.023179
2022-05-01,12229371.639639,0.019998
2022-05-02,12248520.220630,0.001566
2022-05-03,12000914.911867,-0.020215
2022-05-04,12620160.400679,0.051600
2022-05-05,11627281.640217,-0.078674
2022-05-06,11457452.850564,-0.014606
2022-05-07,11286114.030140,-0.014954
2022-05-08,10827481.921154,-0.040637
2022-05-09,9631438.206530,-0.110464
2022-05-10,9862219.586936,0.023961
2022-05-11,9198902.558603,-0.067258
2022-05-12,9234315.636323,0.003850
2022-05-13,9309134.183973,0.008102
2022-05-14,9569228.912537,0.027940
2022-05-15,9951933.545026,0.039993
2022-05-16,9493457.903044,-0.046069
2022-05-17,9672417.039114,0.018851
2022-05-18,9130209.197448,-0.056057
2022-05-19,9636963.602841,0.055503
2022-05-20,9282950.796800,-0.036735
2022-05-21,9356540.581746,0.007927
2022-05-22,9639948.273037,0.030290
2022-05-23,9250578.891249,-0.040391
2022-05-24,9427546.798420,0.019130
2022-05-25,9397910.581840,-0.003144
2022-05-26,9304086.260385,-0.009984
2022-05-27,9100740.624087,-0.021856
2022-05-28,9160291.841710,0.006544
2022-05-29,9360905.514443,0.021900
2022-05-30,10085858.124419,0.077445
2022-05-31,10106814.147670,0.002078
2022-06-01,9473163.760057,-0.062695
2022-06-02,9685651.539887,0.022430
2022-06-03,9443061.867869,-0.025046
2022-06-04,9483919.624795,0.004327
2022-06-05,9507364.218494,0.002472
2022-06-06,9972774.701627,0.048953
2022-06-07,9904364.471241,-0.006860
2022-06-08,9605180.311259,-0.030207
2022-06-09,9572640.762490,-0.003388
2022-06-10,9245776.844382,-0.034146
2022-06-11,9015936.128704,-0.024859
2022-06-12,8507878.452509,-0.056351
2022-06-13,7148768.178958,-0.159747
2022-06-14,7059566.464036,-0.012478
2022-06-15,7175933.210313,0.016484
2022-06-16,6479351.421065,-0.097072
2022-06-17,6507909.132937,0.004407
2022-06-18,6045731.680323,-0.071018
2022-06-19,6533909.975272,0.080748
2022-06-20,6548617.873668,0.002251
2022-06-21,6583924.156449,0.005391
2022-06-22,6353900.895932,-0.034937
2022-06-23,6703225.900856,0.054978
2022-06-24,6749569.316441,0.006914
2022-06-25,6835619.338850,0.012749
2022-06-26,6684602.601950,-0.022093
2022-06-27,6591833.811872,-0.013878
2022-06-28,6447238.431152,-0.021936
2022-06-29,6391093.475374,-0.008708
2022-06-30,6289588.610895,-0.015882
2022-07-01,6125755.239467,-0.026048
2022-07-02,6117136.515318,-0.001407
2022-07-03,6134563.959263,0.002849
2022-07-04,6431542.679567,0.048411
2022-07-05,6418462.162195,-0.002034
2022-07-06,6532312.397487,0.017738
2022-07-07,6878615.478167,0.053014
2022-07-08,6908348.555273,0.004323
2022-07-09,6864188.847838,-0.006392
2022-07-10,6631562.150224,-0.033890
2022-07-11,6348664.218498,-0.042659
2022-07-12,6143095.757299,-0.032380
2022-07-13,6425442.950006,0.045962
2022-07-14,6539202.533780,0.017705
2022-07-15,6623894.025215,0.012951
2022-07-16,6736427.329889,0.016989
2022-07-17,6605778.623172,-0.019394
2022-07-18,7148227.995253,0.082117
2022-07-19,7435529.355526,0.040192
2022-07-20,7385395.961394,-0.006742
2022-07-21,7364063.672252,-0.002888
2022-07-22,7221119.266788,-0.019411
2022-07-23,7141802.913667,-0.010984
2022-07-24,7187480.723584,0.006396
2022-07-25,6790910.755098,-0.055175
2022-07-26,6752143.571201,-0.005709
2022-07-27,7289649.331030,0.079605
2022-07-28,7580000.556084,0.039831
2022-07-29,7567521.691597,-0.001646
2022-07-30,7520336.955413,-0.006235
2022-07-31,7418827.744628,-0.013498
2022-08-01,7411612.256311,-0.000973
2022-08-02,7304771.370267,-0.014415
2022-08-03,7262932.590060,-0.005728
2022-08-04,7194408.734826,-0.009435
2022-08-05,7403701.359086,0.029091
2022-08-06,7299418.584380,-0.014085
2022-08-07,7367643.786325,0.009347
2022-08-08,7569064.630111,0.027339
2022-08-09,7363964.949023,-0.027097
2022-08-10,7612984.669833,0.033816
2022-08-11,7616127.669735,0.000413
2022-08-12,7757685.603690,0.018587
2022-08-13,7764441.004507,0.000871
2022-08-14,7731145.819452,-0.004288
2022-08-15,7673172.931688,-0.007499
2022-08-16,7592527.229933,-0.010510
2022-08-17,7418542.130255,-0.022915
2022-08-18,7379357.701013,-0.005282
2022-08-19,6636999.378620,-0.100599
2022-08-20,6728716.362725,0.013819
2022-08-21,6845723.257737,0.017389
2022-08-22,6802738.915536,-0.006279
2022-08-23,6843805.295134,0.006037
2022-08-24,6801502.702022,-0.006181
2022-08-25,6866953.719146,0.009623
2022-08-26,6440684.823099,-0.062075
2022-08-27,6371292.948532,-0.010774
2022-08-28,6236209.147326,-0.021202
2022-08-29,6452756.997555,0.034724
2022-08-30,6293429.503308,-0.024691
2022-08-31,6373844.229961,0.012778
2022-09-01,6398442.457366,0.003859
2022-09-02,6348414.616372,-0.007819
2022-09-03,6304644.834645,-0.006895
2022-09-04,6353800.310001,0.007797
2022-09-05,6298376.840965,-0.008723
2022-09-06,5988517.533350,-0.049197
2022-09-07,6132417.505162,0.024029
2022-09-08,6144977.707655,0.002048
2022-09-09,6797094.306269,0.106122
2022-09-10,6892269.707888,0.014002
2022-09-11,6920472.885397,0.004092
2022-09-12,7111592.984739,0.027617
2022-09-13,6452347.823921,-0.092700
2022-09-14,6434667.052445,-0.002740
2022-09-15,6263038.892243,-0.026672
2022-09-16,6285728.470557,0.003623
2022-09-17,6398580.918247,0.017954
2022-09-18,6173484.505661,-0.035179
2022-09-19,6213102.323668,0.006417
2022-09-20,6005404.793590,-0.033429
2022-09-21,5896241.117615,-0.018178
2022-09-22,6171591.379090,0.046699
2022-09-23,6134742.778697,-0.005971
2022-09-24,6020099.032169,-0.018688
2022-09-25,5977209.687791,-0.007124
2022-09-26,6110910.742892,0.022368
2022-09-27,6075266.069170,-0.005833
2022-09-28,6175778.113254,0.016544
2022-09-29,6222296.622868,0.007532
2022-09-30,6177389.350857,-0.007217
2022-10-01,6139338.686495,-0.006160
2022-10-02,6054144.886304,-0.013877
2022-10-03,6238359.947733,0.030428
2022-10-04,6465107.335574,0.036347
2022-10-05,6409116.363197,-0.008660
2022-10-06,6343859.688027,-0.010182
2022-10-07,6213967.238497,-0.020475
2022-10-08,6172550.670842,-0.006665
2022-10-09,6182042.381530,0.001538
2022-10-10,6085101.138007,-0.015681
2022-10-11,6056468.918037,-0.004705
2022-10-12,6090175.139429,0.005565
2022-10-13,6161848.824474,0.011769
2022-10-14,6099143.430734,-0.010176
2022-10-15,6061624.257466,-0.006152
2022-10-16,6125350.412138,0.010513
2022-10-17,6215209.661019,0.014670
2022-10-18,6146434.340956,-0.011066
2022-10-19,6084481.478998,-0.010079
2022-10-20,6057207.169101,-0.004483
2022-10-21,6094951.108462,0.006231
2022-10-22,6106306.763383,0.001863
2022-10-23,6220375.555761,0.018680
2022-10-24,6149980.926385,-0.011317
2022-10-25,6388497.489086,0.038783
2022-10-26,6602948.557278,0.033568
2022-10-27,6448891.890010,-0.023331
2022-10-28,6547287.283232,0.015258
2022-10-29,6618218.991809,0.010834
2022-10-30,6560083.428033,-0.008784
2022-10-31,6515631.276316,-0.006776
2022-11-01,6512293.313559,-0.000512
2022-11-02,6408730.783794,-0.015903
2022-11-03,6424779.827940,0.002504
2022-11-04,6722730.258012,0.046375
2022-11-05,6765793.454616,0.006406
2022-11-06,6652555.427523,-0.016737
2022-11-07,6549660.366129,-0.015467
2022-11-08,5894292.730872,-0.100061
2022-11-09,5048519.342656,-0.143490
2022-11-10,5590856.021240,0.107425
2022-11-11,5415222.429910,-0.031414
2022-11-12,5340481.494862,-0.013802
2022-11-13,5198754.675886,-0.026538
2022-11-14,5282945.721269,0.016194
2022-11-15,5367639.075407,0.016031
2022-11-16,5299235.054029,-0.012744
2022-11-17,5304982.111930,0.001085
2022-11-18,5308243.703886,0.000615
2022-11-19,5312621.054600,0.000825
2022-11-20,5179193.195855,-0.025115
2022-11-21,5018796.820863,-0.030969
2022-11-22,5146747.403109,0.025494
2022-11-23,5280563.945760,0.026000
2022-11-24,5278579.546770,-0.000376
2022-11-25,5252313.579789,-0.004976
2022-11-26,5234015.012006,-0.003484
2022-11-27,5227766.887152,-0.001194
2022-11-28,5155506.450840,-0.013822
2022-11-29,5227879.891099,0.014038
2022-11-30,5457908.118822,0.044000
2022-12-01,5393872.134645,-0.011733
2022-12-02,5432505.824868,0.007163
2022-12-03,5375148.870708,-0.010558
2022-12-04,5445802.415722,0.013144
2022-12-05,5396317.862937,-0.009087
2022-12-06,5432774.054018,0.006756
2022-12-07,5356040.027368,-0.014124
2022-12-08,5478542.515453,0.022872
2022-12-09,5446649.945328,-0.005821
2022-12-10,5445242.363191,-0.000258
2022-12-11,5437443.849013,-0.001432
2022-12-12,5469947.385535,0.005978
2022-12-13,5652702.709159,0.033411
2022-12-14,5663616.903604,0.001931
2022-12-15,5520311.754768,-0.025303
2022-12-16,5292255.508019,-0.041312
2022-12-17,5339180.086763,0.008867
2022-12-18,5327381.108664,-0.002210
2022-12-19,5226194.145399,-0.018994
2022-12-20,5374534.799807,0.028384
2022-12-21,5346314.857975,-0.005251
2022-12-22,5350386.104589,0.000762
2022-12-23,5339771.805236,-0.001984
2022-12-24,5355922.056214,0.003025
2022-12-25,5354087.915220,-0.000342
2022-12-26,5378826.466208,0.004620
2022-12-27,5314409.869834,-0.011976
2022-12-28,5262082.833139,-0.009846
2022-12-29,5290620.676186,0.005423
2022-12-30,5277982.240191,-0.002389
2022-12-31,5260469.111933,-0.003318
2023-01-01,5285133.154824,0.004689
2023-01-02,5305285.111525,0.003813
2023-01-03,5302546.938951,-0.000516
2023-01-04,5360843.936938,0.010994
2023-01-05,5352418.933842,-0.001572
2023-01-06,5389051.460753,0.006844
2023-01-07,5390039.934843,0.000183
2023-01-08,5433295.610699,0.008025
2023-01-09,5466805.627435,0.006168
2023-01-10,5546197.730454,0.014523
2023-01-11,5701525.381680,0.028006
2023-01-12,5998664.915294,0.052116
2023-01-13,6329277.832495,0.055114
2023-01-14,6668390.881791,0.053578
2023-01-15,6638031.315767,-0.004553
2023-01-16,6729851.990307,0.013833
2023-01-17,6727272.768341,-0.000383
2023-01-18,6576988.694397,-0.022340
2023-01-19,6703517.103336,0.019238
2023-01-20,7208903.664244,0.075391
2023-01-21,7241034.660280,0.004457
2023-01-22,7222847.854644,-0.002512
2023-01-23,7290883.681841,0.009420
2023-01-24,7196160.916913,-0.012992
2023-01-25,7349195.581447,0.021266
2023-01-26,7322147.900346,-0.003680
2023-01-27,7336755.833711,0.001995
2023-01-28,7321611.442046,-0.002064
2023-01-29,7557963.544522,0.032281
2023-01-30,7260907.832518,-0.039304
2023-01-31,7356006.242436,0.013097
2023-02-01,7541815.156246,0.025259
2023-02-02,7461736.336930,-0.010618
2023-02-03,7454568.037075,-0.000961
2023-02-04,7417222.716033,-0.005010
2023-02-05,7297634.115451,-0.016123
2023-02-06,7235466.421813,-0.008519
2023-02-07,7395746.377903,0.022152
2023-02-08,7292462.632602,-0.013965
2023-02-09,6936299.026153,-0.048840
2023-02-10,6882937.568708,-0.007693
2023-02-11,6952777.733660,0.010147
2023-02-12,6926496.244159,-0.003780
2023-02-13,6932821.981615,0.000913
2023-02-14,7064020.806450,0.018924
2023-02-15,7727492.439084,0.093923
2023-02-16,7509931.278732,-0.028154
2023-02-17,7809434.581731,0.039881
2023-02-18,7833492.004530,0.003081
2023-02-19,7733787.131499,-0.012728
2023-02-20,7893216.453479,0.020615
2023-02-21,7768346.470604,-0.015820
2023-02-22,7689662.815410,-0.010129
2023-02-23,7612936.860471,-0.009978
2023-02-24,7374712.742051,-0.031292
2023-02-25,7367479.868511,-0.000981
2023-02-26,7490138.202699,0.016649
2023-02-27,7477949.298891,-0.001627
2023-02-28,7358571.804585,-0.015964
2023-03-01,7517267.221807,0.021566
2023-03-02,7462879.415322,-0.007235
2023-03-03,7109123.041315,-0.047402
2023-03-04,7106156.998144,-0.000417
2023-03-05,7132277.053435,0.003676
2023-03-06,7130447.258746,-0.000257
2023-03-07,7063691.729020,-0.009362
2023-03-08,6904204.042364,-0.022579
2023-03-09,6473429.269135,-0.062393
2023-03-10,6417549.438004,-0.008632
2023-03-11,6559068.255208,0.022052
2023-03-12,7045946.383860,0.074230
2023-03-13,7692425.203115,0.091752
2023-03-14,7866807.058411,0.022669
2023-03-15,7749147.596647,-0.014956
2023-03-16,7964312.079870,0.027766
2023-03-17,8718100.565282,0.094646
2023-03-18,8572485.665432,-0.016703
2023-03-19,8913529.095347,0.039783
2023-03-20,8827238.163423,-0.009681
2023-03-21,8957126.266648,0.014714
2023-03-22,8681067.557348,-0.030820
2023-03-23,9007404.330668,0.037592
2023-03-24,8740148.753058,-0.029671
2023-03-25,8740600.768848,0.000052
2023-03-26,8899431.542447,0.018172
2023-03-27,8627803.581330,-0.030522
2023-03-28,8668571.928539,0.004725
2023-03-29,9012003.963872,0.039618
2023-03-30,8911903.577025,-0.011107
2023-03-31,9053344.781628,0.015871
2023-04-01,9031902.593042,-0.002368
2023-04-02,8964594.461595,-0.007452
2023-04-03,8834544.924160,-0.014507
2023-04-04,8954669.983042,0.013597
2023-04-05,8957815.466547,0.000351
2023-04-06,8915266.375814,-0.004750
2023-04-07,8877664.622738,-0.004218
2023-04-08,8884637.959739,0.000785
2023-04-09,9007111.265486,0.013785
2023-04-10,9426718.516739,0.046586
2023-04-11,9611761.859849,0.019630
2023-04-12,9581241.480515,-0.003175
2023-04-13,9663900.142698,0.008627
2023-04-14,9691440.819043,0.002850
2023-04-15,9638286.742468,-0.005485
2023-04-16,9637288.333965,-0.000104
2023-04-17,9360615.553764,-0.028709
2023-04-18,9663418.944570,0.032349
2023-04-19,9162764.889638,-0.051809
2023-04-20,8979433.990963,-0.020008
2023-04-21,8671362.877682,-0.034309
2023-04-22,8843217.045778,0.019819
2023-04-23,8771334.738061,-0.008129
2023-04-24,8750338.977158,-0.002394
2023-04-25,8999019.686125,0.028420
2023-04-26,9035611.233583,0.004066
2023-04-27,9369752.730090,0.036981
2023-04-28,9327304.846188,-0.004530
2023-04-29,9298129.958911,-0.003128
2023-04-30,9304589.190041,0.000695
2023-05-01,8930343.710192,-0.040222
2023-05-02,9117577.591362,0.020966
2023-05-03,9221140.742028,0.011359
2023-05-04,9170722.354424,-0.005468
2023-05-05,9389016.798632,0.023803
2023-05-06,9188814.783137,-0.021323
2023-05-07,9045872.240375,-0.015556
2023-05-08,8804043.171850,-0.026734
2023-05-09,8792758.299622,-0.001282
2023-05-10,8780989.745662,-0.001338
2023-05-11,8583583.646516,-0.022481
2023-05-12,8521338.961177,-0.007252
2023-05-13,8514690.976201,-0.000780
2023-05-14,8561282.752110,0.005472
2023-05-15,8644590.255639,0.009731
2023-05-16,8594984.006295,-0.005738
2023-05-17,8710112.676356,0.013395
2023-05-18,8529991.834871,-0.020680
2023-05-19,8548404.648402,0.002159
2023-05-20,8624528.329555,0.008905
2023-05-21,8505073.843549,-0.013851
2023-05-22,8536053.689482,0.003643
2023-05-23,8655091.551045,0.013945
2023-05-24,8371870.750898,-0.032723
2023-05-25,8416818.381462,0.005369
2023-05-26,8494095.075420,0.009181
2023-05-27,8541482.225267,0.005579
2023-05-28,8928461.138935,0.045306
2023-05-29,8820450.475764,-0.012097
2023-05-30,8806610.596701,-0.001569
2023-05-31,8653162.412227,-0.017424
2023-06-01,8526101.891294,-0.014684
2023-06-02,8662677.717146,0.016019
2023-06-03,8607216.373161,-0.006402
2023-06-04,8621184.157791,0.001623
2023-06-05,8189166.341140,-0.050111
2023-06-06,8659242.272963,0.057402
2023-06-07,8375424.787136,-0.032776
2023-06-08,8426994.324843,0.006157
2023-06-09,8418143.383791,-0.001050
2023-06-10,8218140.677456,-0.023759
2023-06-11,8246410.912253,0.003440
2023-06-12,8234436.219224,-0.001452
2023-06-13,8239595.284058,0.000627
2023-06-14,7987164.955097,-0.030636
2023-06-15,8130766.894520,0.017979
2023-06-16,8369532.438446,0.029366
2023-06-17,8427776.038963,0.006959
2023-06-18,8372314.074076,-0.006581
2023-06-19,8535974.835079,0.019548
2023-06-20,9005342.939978,0.054987
2023-06-21,9545714.157047,0.060006
2023-06-22,9509150.550125,-0.003830
2023-06-23,9758126.807878,0.026183
2023-06-24,9711467.353780,-0.004782
2023-06-25,9689712.231187,-0.002240
2023-06-26,9623229.276916,-0.006861
2023-06-27,9755804.638848,0.013777
2023-06-28,9564454.185305,-0.019614
2023-06-29,9678614.250102,0.011936
2023-06-30,9688755.423038,0.001048
2023-07-01,9724623.000151,0.003702
2023-07-02,9734379.835485,0.001003
2023-07-03,9904669.954440,0.017494
2023-07-04,9784230.719748,-0.012160
2023-07-05,9700490.448354,-0.008559
2023-07-06,9508214.852604,-0.019821
2023-07-07,9645843.105331,0.014475
2023-07-08,9630035.591599,-0.001639
2023-07-09,9591472.063168,-0.004005
2023-07-10,9668797.187389,0.008062
2023-07-11,9734437.579260,0.006789
2023-07-12,9661541.340519,-0.007488
2023-07-13,10006274.163049,0.035681
2023-07-14,9643237.184629,-0.036281
2023-07-15,9631073.737754,-0.001261
2023-07-16,9616236.071089,-0.001541
2023-07-17,9583414.633352,-0.003413
2023-07-18,9491437.491807,-0.009598
2023-07-19,9509672.727707,0.001921
2023-07-20,9470917.961826,-0.004075
2023-07-21,9508026.098758,0.003918
2023-07-22,9464492.259339,-0.004579
2023-07-23,9563911.517997,0.010504
2023-07-24,9275377.048715,-0.030169
2023-07-25,9291422.988357,0.001730
2023-07-26,9331981.471092,0.004365
2023-07-27,9286113.665528,-0.004915
2023-07-28,9320623.953469,0.003716
2023-07-29,9332599.888299,0.001285
2023-07-30,9306656.168839,-0.002780
2023-07-31,9292287.903186,-0.001544
2023-08-01,9433951.390279,0.015245
2023-08-02,9267443.178160,-0.017650
2023-08-03,9275937.722146,0.000917
2023-08-04,9242689.104652,-0.003584
2023-08-05,9232527.441989,-0.001099
2023-08-06,9232441.136777,-0.000009
2023-08-07,9276541.237734,0.004777
2023-08-08,9462486.128821,0.020045
2023-08-09,9397634.901880,-0.006854
2023-08-10,9355702.986552,-0.004462
2023-08-11,9345569.264426,-0.001083
2023-08-12,9351370.961598,0.000621
2023-08-13,9309073.956594,-0.004523
2023-08-14,9348979.872578,0.004287
2023-08-15,9273288.959289,-0.008096
2023-08-16,9124330.508575,-0.016063
2023-08-17,8476693.088407,-0.070979
2023-08-18,8281185.703940,-0.023064
2023-08-19,8296015.298895,0.001791
2023-08-20,8325700.566639,0.003578
2023-08-21,8304896.043185,-0.002499
2023-08-22,8275495.148013,-0.003540
2023-08-23,8402650.666770,0.015365
2023-08-24,8317050.176548,-0.010187
2023-08-25,8280585.292856,-0.004384
2023-08-26,8268121.950889,-0.001505
2023-08-27,8293945.215593,0.003123
2023-08-28,8299176.925821,0.000631
2023-08-29,8814571.786892,0.062102
2023-08-30,8677833.905928,-0.015513
2023-08-31,8243646.661845,-0.050034
2023-09-01,8202081.698897,-0.005042
2023-09-02,8223722.575741,0.002638
2023-09-03,8255756.711251,0.003895
2023-09-04,8205798.411148,-0.006051
2023-09-05,8195487.732290,-0.001257
2023-09-06,8186985.116593,-0.001037
2023-09-07,8341789.969338,0.018909
2023-09-08,8235438.974033,-0.012749
2023-09-09,8232267.412694,-0.000385
2023-09-10,8212096.208067,-0.002450
2023-09-11,7999238.371354,-0.025920
2023-09-12,8212451.363331,0.026654
2023-09-13,8338016.134212,0.015290
2023-09-14,8436994.553295,0.011871
2023-09-15,8458935.946132,0.002601
2023-09-16,8446088.887464,-0.001519
2023-09-17,8435250.442918,-0.001283
2023-09-18,8505218.513437,0.008295
2023-09-19,8650447.212984,0.017075
2023-09-20,8625298.246560,-0.002907
2023-09-21,8445882.748395,-0.020801
2023-09-22,8449677.073247,0.000449
2023-09-23,8449620.571274,-0.000007
2023-09-24,8347076.939738,-0.012136
2023-09-25,8360318.891321,0.001586
2023-09-26,8334495.626617,-0.003089
2023-09-27,8377560.685924,0.005167
2023-09-28,8590182.580329,0.025380
2023-09-29,8555268.706861,-0.004064
2023-09-30,8573133.264977,0.002088
2023-10-01,8896068.122757,0.037668
2023-10-02,8752070.048617,-0.016187
2023-10-03,8720023.495092,-0.003662
2023-10-04,8837461.295266,0.013468
2023-10-05,8715551.767455,-0.013795
2023-10-06,8884257.347542,0.019357
2023-10-07,8891328.165971,0.000796
2023-10-08,8880598.999968,-0.001207
2023-10-09,8768884.663463,-0.012580
2023-10-10,8707638.386627,-0.006985
2023-10-11,8543061.176028,-0.018900
2023-10-12,8506018.854582,-0.004336
2023-10-13,8539581.647887,0.003946
2023-10-14,8539369.299810,-0.000025
2023-10-15,8634086.476630,0.011092
2023-10-16,9066373.143332,0.050067
2023-10-17,9033400.826698,-0.003637
2023-10-18,9005614.273632,-0.003076
2023-10-19,9130061.423055,0.013819
2023-10-20,9436245.618773,0.033536
2023-10-21,9511099.557769,0.007933
2023-10-22,9535096.132289,0.002523
2023-10-23,10518154.104633,0.103099
2023-10-24,10777336.729906,0.024641
2023-10-25,10968488.495189,0.017736
2023-10-26,10858440.035559,-0.010033
2023-10-27,10779966.865739,-0.007227
2023-10-28,10837117.059929,0.005302
2023-10-29,10979824.902185,0.013168
2023-10-30,10968343.204400,-0.001046
2023-10-31,11020929.777633,0.004794
2023-11-01,11265546.069896,0.022196
2023-11-02,11106909.638250,-0.014082
2023-11-03,11041448.065813,-0.005894
2023-11-04,11152672.511578,0.010073
2023-11-05,11142232.685353,-0.000936
2023-11-06,11138422.837980,-0.000342
2023-11-07,11267551.579513,0.011593
2023-11-08,11334855.985556,0.005973
2023-11-09,11664789.016370,0.029108
2023-11-10,11862155.998765,0.016920
2023-11-11,11806231.462775,-0.004715
2023-11-12,11779676.776917,-0.002249
2023-11-13,11604143.150618,-0.014901
2023-11-14,11297459.129747,-0.026429
2023-11-15,12042283.049259,0.065928
2023-11-16,11493645.158801,-0.045559
2023-11-17,11634130.176156,0.012223
2023-11-18,11630639.471800,-0.000300
2023-11-19,11885228.672878,0.021890
2023-11-20,11913970.171390,0.002418
2023-11-21,11385254.504334,-0.044378
2023-11-22,11899786.313278,0.045193
2023-11-23,11854415.849263,-0.003813
2023-11-24,11991323.236148,0.011549
2023-11-25,12015646.404494,0.002028
2023-11-26,11914658.129488,-0.008405
2023-11-27,11843145.257753,-0.006002
2023-11-28,12026548.180922,0.015486
2023-11-29,12035260.661093,0.000724
2023-11-30,11988927.800822,-0.003850
2023-12-01,12299200.628376,0.025880
2023-12-02,12549573.912952,0.020357
2023-12-03,12709178.949862,0.012718
2023-12-04,13345524.046992,0.050070
2023-12-05,14013291.692333,0.050037
2023-12-06,13907048.112868,-0.007582
2023-12-07,13762790.502189,-0.010373
2023-12-08,14040616.295195,0.020187
2023-12-09,13900543.555979,-0.009976
2023-12-10,13917619.570066,0.001228
2023-12-11,13111464.310307,-0.057923
2023-12-12,13177076.140741,0.005004
2023-12-13,13635019.049828,0.034753
2023-12-14,13677373.177707,0.003106
2023-12-15,13329520.949505,-0.025433
2023-12-16,13428184.571876,0.007402
2023-12-17,13149876.959842,-0.020726
2023-12-18,13550074.851762,0.030434
2023-12-19,13437851.997494,-0.008282
2023-12-20,13877103.308585,0.032688
2023-12-21,13946056.827181,0.004969
2023-12-22,13986986.608600,0.002935
2023-12-23,13904853.849404,-0.005872
2023-12-24,13674875.914647,-0.016539
2023-12-25,13864670.390759,0.013879
2023-12-26,13517287.563570,-0.025055
2023-12-27,13810536.532705,0.021694
2023-12-28,13551447.042553,-0.018760
2023-12-29,13383451.152092,-0.012397
2023-12-30,13401730.471950,0.001366
2023-12-31,13436154.454678,0.002569
2024-01-01,14040848.512099,0.045005
2024-01-02,14292192.885542,0.017901
2024-01-03,13621487.137566,-0.046928
2024-01-04,14044850.838722,0.031081
2024-01-05,14039373.251773,-0.000390
2024-01-06,13984218.632788,-0.003929
2024-01-07,13969564.131861,-0.001048
2024-01-08,14931980.256765,0.068894
2024-01-09,14667876.371668,-0.017687
2024-01-10,14823027.066164,0.010578
2024-01-11,14740629.803222,-0.005559
2024-01-12,13623074.160038,-0.075815
2024-01-13,13619645.545763,-0.000252
2024-01-14,13287084.862719,-0.024418
2024-01-15,13514606.513871,0.017124
2024-01-16,13719009.544248,0.015125
2024-01-17,13587941.108584,-0.009554
2024-01-18,13117258.556670,-0.034640
2024-01-19,13230541.909522,0.008636
2024-01-20,13245540.389497,0.001134
2024-01-21,13207455.575591,-0.002875
2024-01-22,12559440.026829,-0.049064
2024-01-23,12666949.002145,0.008560
2024-01-24,12740550.584207,0.005811
2024-01-25,12695006.267964,-0.003575
2024-01-26,13293634.124467,0.047155
2024-01-27,13390016.557261,0.007250
2024-01-28,13363166.322618,-0.002005
2024-01-29,13761386.024556,0.029800
2024-01-30,13654686.703897,-0.007754
2024-01-31,13537062.012579,-0.008614
2024-02-01,13693840.708999,0.011581
2024-02-02,13728837.162275,0.002556
2024-02-03,13667288.506744,-0.004483
2024-02-04,13537372.462984,-0.009506
2024-02-05,13561242.373738,0.001763
2024-02-06,13696669.533091,0.009986
2024-02-07,14088816.825105,0.028631
2024-02-08,14401422.997905,0.022188
2024-02-09,14988151.911277,0.040741
2024-02-10,15186547.105414,0.013237
2024-02-11,15352695.195063,0.010940
2024-02-12,15881779.677201,0.034462
2024-02-13,15813182.555671,-0.004319
2024-02-14,16475769.404650,0.041901
2024-02-15,16511329.635862,0.002158
2024-02-16,16581791.943426,0.004268
2024-02-17,16423729.224130,-0.009532
2024-02-18,16569820.975802,0.008895
2024-02-19,16460652.953521,-0.006588
2024-02-20,16621425.283954,0.009767
2024-02-21,16479738.202630,-0.008524
2024-02-22,16309913.138382,-0.010305
2024-02-23,16127748.291428,-0.011169
2024-02-24,16394515.841002,0.016541
2024-02-25,16446059.300874,0.003144
2024-02-26,17332737.944928,0.053914
2024-02-27,18147508.824331,0.047008
2024-02-28,19870348.380706,0.094935
2024-02-29,19455040.246664,-0.020901
2024-03-01,19849953.030887,0.020299
2024-03-02,19719363.930647,-0.006579
2024-03-03,20080984.013418,0.018338
2024-03-04,21722321.645820,0.081736
2024-03-05,20282478.744400,-0.066284
2024-03-06,21015433.524020,0.036137
2024-03-07,21275692.791299,0.012384
2024-03-08,21712682.781640,0.020539
2024-03-09,21775878.066119,0.002911
2024-03-10,21941474.795849,0.007605
2024-03-11,22928277.420980,0.044974
2024-03-12,22723988.636352,-0.008910
2024-03-13,23233333.439926,0.022414
2024-03-14,22697063.893611,-0.023082
2024-03-15,22063543.895168,-0.027912
2024-03-16,20763755.105941,-0.058911
2024-03-17,21741462.776002,0.047087
2024-03-18,21473780.018634,-0.012312
2024-03-19,19682145.894272,-0.083434
2024-03-20,21589838.798109,0.096925
2024-03-21,20819792.645879,-0.035667
2024-03-22,20275345.835891,-0.026150
2024-03-23,20365452.203293,0.004444
2024-03-24,21373824.922577,0.049514
2024-03-25,22239991.487460,0.040525
2024-03-26,22249218.073502,0.000415
2024-03-27,22079938.160165,-0.007608
2024-03-28,22489906.547238,0.018567
2024-03-29,22219014.974482,-0.012045
2024-03-30,22140326.972982,-0.003541
2024-03-31,22677053.502294,0.024242
2024-04-01,22158397.670167,-0.022871
2024-04-02,20805672.119649,-0.061048
2024-04-03,20975380.454545,0.008157
2024-04-04,21779044.660252,0.038315
2024-04-05,21565668.371363,-0.009797
2024-04-06,21902156.872933,0.015603
2024-04-07,22050440.404466,0.006770
2024-04-08,22771696.171017,0.032709
2024-04-09,21979377.064917,-0.034794
2024-04-10,22439973.704068,0.020956
2024-04-11,22272352.837696,-0.007470
2024-04-12,21361647.815884,-0.040889
2024-04-13,20288923.694812,-0.050217
2024-04-14,20898421.040901,0.030041
2024-04-15,20163269.514213,-0.035177
2024-04-16,20285868.862825,0.006080
2024-04-17,19479934.643755,-0.039729
2024-04-18,20190781.629121,0.036491
2024-04-19,20295948.566580,0.005209
2024-04-20,20661811.885489,0.018026
2024-04-21,20640259.176559,-0.001043
2024-04-22,21247779.574468,0.029434
2024-04-23,21110952.904688,-0.006440
2024-04-24,20433704.103973,-0.032080
2024-04-25,20498813.004750,0.003186
2024-04-26,20267893.784364,-0.011265
2024-04-27,20161021.853280,-0.005273
2024-04-28,20063772.642954,-0.004824
2024-04-29,20295169.956964,0.011533
2024-04-30,19276530.021880,-0.050191
2024-05-01,18519021.098813,-0.039297
2024-05-02,18795411.369145,0.014925
2024-05-03,19992755.250066,0.063704
2024-05-04,20311176.779855,0.015927
2024-05-05,20355574.913202,0.002186
2024-05-06,20079260.392768,-0.013574
2024-05-07,19816313.866782,-0.013095
2024-05-08,19451720.910931,-0.018399
2024-05-09,20043659.182103,0.030431
2024-05-10,19326097.775374,-0.035800
2024-05-11,19326394.565961,0.000015
2024-05-12,19534519.275796,0.010769
2024-05-13,19996447.126284,0.023647
2024-05-14,19567706.424111,-0.021441
2024-05-15,21066516.275491,0.076596
2024-05-16,20737199.178281,-0.015632
2024-05-17,21315872.524540,0.027905
2024-05-18,21280563.137256,-0.001656
2024-05-19,21069973.451204,-0.009896
2024-05-20,22713468.093021,0.078002
2024-05-21,22296488.493997,-0.018358
2024-05-22,21974074.571997,-0.014460
2024-05-23,21594890.447102,-0.017256
2024-05-24,21784530.939813,0.008782
2024-05-25,22019728.166782,0.010797
2024-05-26,21781985.246490,-0.010797
2024-05-27,22060613.243343,0.012792
2024-05-28,21711450.914432,-0.015827
2024-05-29,21483158.104474,-0.010515
2024-05-30,21733314.073767,0.011644
2024-05-31,21455602.526510,-0.012778
2024-06-01,21524117.689133,0.003193
2024-06-02,21538316.448864,0.000660
2024-06-03,21873123.551040,0.015545
2024-06-04,22433578.425721,0.025623
2024-06-05,22597314.936623,0.007299
2024-06-06,22493788.419104,-0.004581
2024-06-07,22044092.314581,-0.019992
2024-06-08,22032389.576107,-0.000531
2024-06-09,22141181.332497,0.004938
2024-06-10,22098038.660589,-0.001949
2024-06-11,21404934.536780,-0.031365
2024-06-12,21693956.413199,0.013503
2024-06-13,21221940.166344,-0.021758
2024-06-14,20985006.900709,-0.011165
2024-06-15,21042199.316154,0.002725
2024-06-16,21184633.962053,0.006769
2024-06-17,21137346.156335,-0.002232
2024-06-18,20708322.323392,-0.020297
2024-06-19,20650957.297522,-0.002770
2024-06-20,20609108.582903,-0.002026
2024-06-21,20376259.602799,-0.011298
2024-06-22,20425972.647082,0.002440
2024-06-23,20085252.085589,-0.016681
2024-06-24,19162263.162144,-0.045954
2024-06-25,19647770.341807,0.025337
2024-06-26,19331978.947850,-0.016073
2024-06-27,19584241.012691,0.013049
2024-06-28,19175844.746470,-0.020853
2024-06-29,19356171.727025,0.009404
2024-06-30,19925505.483294,0.029414
2024-07-01,19980720.950559,0.002771
2024-07-02,19719099.426902,-0.013094
2024-07-03,19129362.870004,-0.029907
2024-07-04,18113281.046259,-0.053116
2024-07-05,18013037.852226,-0.005534
2024-07-06,18534765.901562,0.028964
2024-07-07,17754499.721993,-0.042097
2024-07-08,18026619.436552,0.015327
2024-07-09,18441203.600249,0.022998
2024-07-10,18356409.660179,-0.004598
2024-07-11,18230017.849418,-0.006885
2024-07-12,18406310.216507,0.009670
2024-07-13,18829909.859971,0.023014
2024-07-14,19324513.236506,0.026267
2024-07-15,20622300.241520,0.067158
2024-07-16,20694462.575503,0.003499
2024-07-17,20383442.183373,-0.015029
2024-07-18,20337433.433325,-0.002257
2024-07-19,21207239.718757,0.042769
2024-07-20,21351405.436116,0.006798
2024-07-21,21666405.802441,0.014753
2024-07-22,21485433.085043,-0.008353
2024-07-23,20958486.985296,-0.024526
2024-07-24,20781880.442397,-0.008426
2024-07-25,20910660.237675,0.006197
2024-07-26,21589327.175841,0.032456
2024-07-27,21557941.881679,-0.001454
2024-07-28,21698623.103689,0.006526
2024-07-29,21242131.860697,-0.021038
2024-07-30,21045383.295510,-0.009262
2024-07-31,20542538.081618,-0.023893
2024-08-01,20777228.653526,0.011425
2024-08-02,19523924.224368,-0.060321
2024-08-03,19290275.524020,-0.011967
2024-08-04,18475457.456155,-0.042240
2024-08-05,17163949.785033,-0.070986
2024-08-06,17813377.262237,0.037837
2024-08-07,17493296.685482,-0.017969
2024-08-08,19617727.435196,0.121443
2024-08-09,19353861.976010,-0.013450
2024-08-10,19374747.837470,0.001079
2024-08-11,18666995.421742,-0.036530
2024-08-12,18868872.627623,0.010815
2024-08-13,19267854.795757,0.021145
2024-08-14,18672649.344521,-0.030891
2024-08-15,18298424.975300,-0.020041
2024-08-16,18722507.679594,0.023176
2024-08-17,18908437.669062,0.009931
2024-08-18,18592123.476623,-0.016729
2024-08-19,18913041.027670,0.017261
2024-08-20,18760238.580039,-0.008079
2024-08-21,19447667.670441,0.036643
2024-08-22,19195483.839102,-0.012967
2024-08-23,20375673.472434,0.061483
2024-08-24,20402579.588150,0.001321
2024-08-25,20451711.469275,0.002408
2024-08-26,19989838.258059,-0.022584
2024-08-27,18916436.113301,-0.053697
2024-08-28,18764953.700793,-0.008008
2024-08-29,18879574.473991,0.006108
2024-08-30,18794153.424103,-0.004525
2024-08-31,18746602.356442,-0.002530
2024-09-01,18223842.369958,-0.027886
2024-09-02,18791929.357400,0.031173
2024-09-03,18257392.124346,-0.028445
2024-09-04,18429222.698212,0.009412
2024-09-05,17853487.454587,-0.031240
2024-09-06,17150374.409715,-0.039382
2024-09-07,17211072.431135,0.003539
2024-09-08,17434200.588153,0.012964
2024-09-09,18126579.499815,0.039714
2024-09-10,18326595.245067,0.011034
2024-09-11,18229464.005895,-0.005300
2024-09-12,18478647.644519,0.013669
2024-09-13,19255690.107081,0.042051
2024-09-14,19075700.896567,-0.009347
2024-09-15,18814295.446392,-0.013704
2024-09-16,18499468.932294,-0.016733
2024-09-17,19172157.837458,0.036363
2024-09-18,19598508.071512,0.022238
2024-09-19,20008847.757269,0.020937
2024-09-20,20089124.023042,0.004012
2024-09-21,20153296.605397,0.003194
2024-09-22,20234002.534531,0.004005
2024-09-23,20132620.608412,-0.005010
2024-09-24,20441673.986775,0.015351
2024-09-25,20073282.359766,-0.018022
2024-09-26,20721125.298102,0.032274
2024-09-27,20914932.035250,0.009353
2024-09-28,20945763.485890,0.001474
2024-09-29,20865543.101190,-0.003830
2024-09-30,20132524.989687,-0.035131
2024-10-01,19340158.695125,-0.039358
2024-10-02,19275236.064591,-0.003357
2024-10-03,19315487.822326,0.002088
2024-10-04,19731326.205660,0.021529
2024-10-05,19738470.290384,0.000362
2024-10-06,19970221.517856,0.011741
2024-10-07,19785109.875656,-0.009269
2024-10-08,19751828.350418,-0.001682
2024-10-09,19259123.688562,-0.024945
2024-10-10,19161336.778135,-0.005077
2024-10-11,19851369.926536,0.036012
2024-10-12,20089138.924661,0.011977
2024-10-13,19980528.471308,-0.005406
2024-10-14,20996143.377644,0.050830
2024-10-15,21312450.119273,0.015065
2024-10-16,21494165.434040,0.008526
2024-10-17,21426489.729313,-0.003149
2024-10-18,21750416.165687,0.015118
2024-10-19,21732596.312430,-0.000819
2024-10-20,21935725.254345,0.009347
2024-10-21,21416321.857642,-0.023678
2024-10-22,21414272.884968,-0.000096
2024-10-23,21118875.599028,-0.013794
2024-10-24,21668482.094751,0.026024
2024-10-25,21185704.395050,-0.022280
2024-10-26,21304053.056714,0.005586
2024-10-27,21594806.004592,0.013648
2024-10-28,22223761.140277,0.029125
2024-10-29,23117932.815310,0.040235
2024-10-30,22996827.354049,-0.005239
2024-10-31,22321493.411432,-0.029366
2024-11-01,22088561.230620,-0.010435
2024-11-02,22027144.206061,-0.002780
2024-11-03,21852884.668225,-0.007911
2024-11-04,21557360.718520,-0.013523
2024-11-05,22049489.184424,0.022829
2024-11-06,24045754.830663,0.090536
2024-11-07,24130247.012938,0.003514
2024-11-08,24333899.995137,0.008440
2024-11-09,24408095.158373,0.003049
2024-11-10,25582841.975201,0.048129
2024-11-11,28198309.647195,0.102235
2024-11-12,27961259.652207,-0.008407
2024-11-13,28796815.807139,0.029883
2024-11-14,27737017.599137,-0.036803
2024-11-15,28949994.520661,0.043731
2024-11-16,28788649.719681,-0.005573
2024-11-17,28562105.366405,-0.007869
2024-11-18,28783615.455910,0.007755
2024-11-19,29356202.732426,0.019893
2024-11-20,29990639.180464,0.021612
2024-11-21,31314772.248665,0.044152
2024-11-22,31471477.678790,0.005004
2024-11-23,31083516.500040,-0.012327
2024-11-24,31158712.555383,0.002419
2024-11-25,29597333.287539,-0.050111
2024-11-26,29242245.081293,-0.011997
2024-11-27,30506605.270281,0.043237
2024-11-28,30408036.024832,-0.003231
2024-11-29,30983136.707829,0.018913
2024-11-30,30661271.662145,-0.010388
2024-12-01,30925363.129225,0.008613
2024-12-02,30475696.827940,-0.014540
2024-12-03,30519204.589525,0.001428
2024-12-04,31398636.079320,0.028816
2024-12-05,30707213.354906,-0.022021
2024-12-06,31764915.401772,0.034445
2024-12-07,31765749.892461,0.000026
2024-12-08,32183052.359906,0.013137
2024-12-09,30973979.662677,-0.037569
2024-12-10,30733236.549670,-0.007772
2024-12-11,32163029.550573,0.046523
2024-12-12,31803791.243311,-0.011169
2024-12-13,32254021.322531,0.014156
2024-12-14,32226589.924729,-0.000850
2024-12-15,33156681.953444,0.028861
2024-12-16,33706976.407265,0.016597
2024-12-17,33742226.188071,0.001046
2024-12-18,31803326.809505,-0.057462
2024-12-19,30992492.441239,-0.025495
2024-12-20,31076728.812381,0.002718
2024-12-21,30907858.693579,-0.005434
2024-12-22,30233975.175256,-0.021803
2024-12-23,30100871.426735,-0.004402
2024-12-24,31369250.085767,0.042138
2024-12-25,31567334.829498,0.006315
2024-12-26,30453510.800184,-0.035284
2024-12-27,29935123.197207,-0.017022
2024-12-28,30252728.863332,0.010610
2024-12-29,29733372.655092,-0.017167
2024-12-30,29451389.310259,-0.009484
2024-12-31,29701257.181576,0.008484
