Date,Open,High,Low,Close,Volume
2015-01-02,24.648441478964468,24.659506182275138,23.75446781268404,24.192604064941406,212818400
2015-01-05,23.96247328303275,24.042134423807454,23.32518584507189,23.51106071472168,257142000
2015-01-06,23.57523726415586,23.77217687928269,23.15259047306622,23.51327896118164,263188400
2015-01-07,23.72127445249682,23.94255500406204,23.610634176714214,23.842979431152344,160423600
2015-01-08,24.17047177100101,24.816610479641703,24.053191678114224,24.759077072143555,237458000
2015-01-09,24.931681198896364,25.060024333551862,24.387331204040734,24.78563690185547,214798000
2015-01-12,24.91619938795971,24.922837536951587,24.075333980322085,24.174909591674805,198603200
2015-01-13,24.65729280767819,24.960447781897706,24.09966654067397,24.389543533325195,268367600
2015-01-14,24.12843047207833,24.44928658228224,24.00893877695945,24.29660415649414,195826400
2015-01-15,24.340862128726783,24.354138422379428,23.601785852626346,23.637189865112305,240056000
2015-01-16,23.68365752291758,23.805362503417978,23.27871370223808,23.45352554321289,314053200
2015-01-20,23.862894935009866,24.11294304990514,23.56637979303794,24.0576229095459,199599600
2015-01-21,24.10851943514098,24.57542161180635,23.958048567472943,24.241289138793945,194303600
2015-01-22,24.39839463484841,24.88742446217416,24.278902931738003,24.87193489074707,215185600
2015-01-23,24.849807624202118,25.170663761693863,24.679420647171945,25.00027847290039,185859200
2015-01-26,25.168453931002503,25.305648505097142,24.960451323601063,25.02683448791504,222460000
2015-01-27,24.876362316261897,24.8896402990191,24.1262212875984,24.150562286376953,382274800
2015-01-28,26.02923041081558,26.13765909552136,25.515859603881836,25.515859603881836,585908400
2015-01-29,25.739352750639867,26.374428518206834,25.571179064885065,26.310256958007812,337745600
2015-01-30,26.199621290376125,26.55366988452238,25.856635712406298,25.925233840942383,334982000
2015-02-02,26.122171630877833,26.370004785647765,25.68624864341562,26.250513076782227,250956400
2015-02-03,26.22173998998051,26.352294678311385,26.024800474481754,26.254932403564453,207662800
2015-02-04,26.22174390407791,26.66651826072673,26.179700061379986,26.456300735473633,280598800
2015-02-05,26.66290499248517,26.70955879365363,26.491847269498656,26.64513397216797,168984800
2015-02-06,26.662902250403082,26.713998377671132,26.314120800918854,26.42075538635254,174826400
2015-02-09,26.336346130625422,26.622923176725912,26.309687051846403,26.59626579284668,155559200
2015-02-10,26.69623153945443,27.136096970685305,26.69401122096662,27.107215881347656,248034000
2015-02-11,27.273826139961198,27.751457234046466,27.213845349029228,27.742570877075195,294247200
2015-02-12,28.004718352510146,28.320178159043575,27.89586342284208,28.09358024597168,297898000
2015-02-13,28.27574380069617,28.27574380069617,27.913633609185215,28.231313705444336,217088800
2015-02-17,28.32239884896467,28.631194314145105,28.19577119996392,28.397932052612305,252609600
2015-02-18,28.353501091632044,28.608978410609364,28.313513322619073,28.59564971923828,179566800
2015-02-19,28.542318410607532,28.664503674867408,28.50899669753569,28.535654067993164,149449600
2015-02-20,28.573428232665083,28.768924713134766,28.446802295850947,28.768924713134766,195793600
2015-02-23,28.88443987343099,29.546457290649414,28.804464364721515,29.546457290649414,283896400
2015-02-24,29.5331371485924,29.679759521946426,29.139923834524474,29.362077713012695,276912400
2015-02-25,29.22656760722152,29.235455661833292,28.469021967049812,28.6112003326416,298846800
2015-02-26,28.61119665484146,29.07327713106697,28.126902824541162,28.973308563232422,365150000
2015-02-27,28.88000304082967,29.00663237357377,28.4890134507584,28.537887573242188,248059200
2015-03-02,28.713382798513294,28.942200974389138,28.502337335981014,28.677837371826172,192386800
2015-03-03,28.648965199633246,28.773370827213807,28.455689023399984,28.737825393676758,151265200
2015-03-04,28.68007119242384,28.7822600929338,28.506791413472467,28.555662155151367,126665200
2015-03-05,28.564547284367382,28.602313038496664,27.93807338891241,28.082473754882812,226068400
2015-03-06,28.524551645020985,28.74004114058892,28.049144258829877,28.124675750732422,291368400
2015-03-09,28.426806439526047,28.784475968478535,27.782559935616113,28.244640350341797,354114000
2015-03-10,28.082474047098263,28.262418155621695,27.502652258634235,27.660381317138672,275426400
2015-03-11,27.713696495390376,27.718138827229005,27.127210388514765,27.156089782714844,275756000
2015-03-12,27.171639795275006,27.747019210467062,27.02057509311064,27.647048950195312,193450800
2015-03-13,27.635939424321684,27.858093275490027,27.231619482991277,27.45599365234375,207309200
2015-03-16,27.520422623715213,27.758127212524414,27.296048420518424,27.758127212524414,143497200
2015-03-17,27.969172096263538,28.284630179522154,27.91363362970817,28.222427368164062,204092400
2015-03-18,28.213545040566977,28.693398273706446,28.073588695017833,28.540111541748047,261083600
2015-03-19,28.60231356527291,28.713390511157467,28.30240615036455,28.324621200561523,183238000
2015-03-20,28.491236645908533,28.524558373785165,27.80478193325487,27.969175338745117,274780400
2015-03-23,28.240199836860707,28.402371208638087,28.106906162375846,28.26019287109375,150838800
2015-03-24,28.26463184776562,28.444574208412945,28.11578749716998,28.144668579101562,131369200
2015-03-25,28.11135075836797,28.17355357044147,27.409343719482422,27.409343719482422,206620800
2015-03-26,27.271606553032868,27.742571620841588,27.236061124194826,27.600393295288086,190291600
2015-03-27,27.673703739702116,27.70258312869527,27.30492924720013,27.380460739135742,158184800
2015-03-30,27.558182976261453,28.080244131848396,27.547074606928014,28.073579788208008,188398800
2015-03-31,28.011379353603317,28.100241236455535,27.62705412549918,27.64260482788086,168362400
2015-04-01,27.729246813025078,27.79589365397358,27.347141874039412,27.602619171142578,162485600
2015-04-02,27.77589957273979,27.89364085892032,27.589291125563008,27.84032440185547,128880400
2015-04-06,27.6514878545613,28.326835710021733,27.620386453544633,28.291290283203125,148776000
2015-04-07,28.355722521723493,28.46235544029756,27.986947943880292,27.99361228942871,140049200
2015-04-08,27.958065325202924,28.08025063657794,27.762570521902486,27.90252685546875,149316800
2015-04-09,27.958066080579393,28.12023916234062,27.693704110033863,28.115795135498047,129936000
2015-04-10,27.98028052660932,28.26019489016697,27.826995501839317,28.23575782775879,160752000
2015-04-13,28.51788701523125,28.562320494539065,28.126897481831673,28.180213928222656,145460400
2015-04-14,28.213543848237514,28.277968679310423,27.97139692324936,28.05803680419922,102098400
2015-04-15,28.08246938126436,28.242418731765728,27.993607501052892,28.16466522216797,115881600
2015-04-16,28.053592794550752,28.235758915493303,28.01582704024673,28.029155731201172,113476000
2015-04-17,27.891417382065,28.022487343944757,27.64926879695406,27.713693618774414,207828000
2015-04-20,27.895858332523268,28.462349622032768,27.806996455276874,28.346830368041992,188217200
2015-04-21,28.457909922579294,28.480123273997965,28.1402281501234,28.193546295166016,129740400
2015-04-22,28.211318916915396,28.628967574063935,28.062476233744846,28.573429107666016,150618000
2015-04-23,28.50234617845278,28.97331136387317,28.46680074073816,28.80669593811035,183083600
2015-04-24,28.988864963779235,29.019966375616807,28.70894886744142,28.942211151123047,178103600
2015-04-27,29.39318414966676,29.57535198830014,29.13548479297552,29.46871566772461,387816800
2015-04-28,29.870821770356685,29.88859110342873,28.784489084562782,29.004419326782227,475696000
2015-04-29,28.91554612607042,29.233224506626065,28.502339826670195,28.577871322631836,253544400
2015-04-30,28.577871557806247,28.577871557806247,27.675927455621842,27.802555084228516,332781600
2015-05-01,28.01360551944855,28.90888713039242,27.835883422298416,28.646743774414062,234050400
2015-05-04,28.768925552401967,29.00663181534385,28.49345353914014,28.591201782226562,203953200
2015-05-05,28.469018121505634,28.535664962892916,27.942514515164522,27.946958541870117,197085600
2015-05-06,28.115793246349376,28.1580030240195,27.40490154027082,27.771455764770508,288564000
2015-05-07,27.833914556628738,28.12615286272981,27.66660321192148,27.943225860595703,175763600
2015-05-08,28.26000810339415,28.46970558166504,28.132851520225067,28.46970558166504,222201600
2015-05-11,28.418398376647236,28.45632188486244,28.025773821416944,28.17970085144043,168143200
2015-05-12,28.019070708862035,28.30461510965887,27.845067196000144,28.079303741455078,192640000
2015-05-13,28.141773617874353,28.37377892879897,28.07931097685221,28.11054229736328,138776800
2015-05-14,28.42285677051672,28.766401290893555,28.36708631302993,28.766401290893555,180814000
2015-05-15,28.79317110450878,28.886865057060014,28.60132061005864,28.726245880126953,152832000
2015-05-18,28.63924649445973,29.161257160981794,28.634783904740452,29.04302406311035,203531600
2015-05-19,29.154560233512147,29.19694631905053,28.92032366877132,29.016250610351562,178532800
2015-05-20,29.000640368191327,29.219259627089205,28.85340553091038,29.01402473449707,145819600
2015-05-21,29.016252320684828,29.36425939557472,28.962711461487057,29.310718536376953,158921600
2015-05-22,29.357566706193726,29.66318768776386,29.312947622321087,29.5672607421875,182384000
2015-05-26,29.58064732858694,29.64980214028677,28.804320232449268,28.915861129760742,282790400
2015-05-27,29.0764730886591,29.504789619717524,29.011780881991594,29.455711364746094,183332800
2015-05-28,29.415567289999302,29.43564383573585,29.246026341626916,29.397720336914062,122933200
2015-05-29,29.275027874530984,29.324106149911614,28.978328629351232,29.063100814819336,203538000
2015-06-01,29.06308800259974,29.31070886323728,29.011780156941764,29.1210880279541,128451200
2015-06-02,28.96941446362752,29.147880656986615,28.848951740386852,28.991724014282227,134670400
2015-06-03,29.147872787179708,29.210335427396807,28.978328417483077,29.027406692504883,123934000
2015-06-04,28.906944563206427,29.130026398016824,28.7574801423585,28.857866287231445,153800400
2015-06-05,28.889095240348773,28.93148133012239,28.634782105665426,28.699474334716797,142507200
2015-06-08,28.75524706027214,28.824405288183716,28.293469433641413,28.509859085083008,210699200
2015-06-09,28.264471574904388,28.572325637437768,28.023544454548144,28.425090789794922,224301600
2015-06-10,28.53662199807562,28.85339772951078,28.521006340947945,28.750782012939453,156349200
2015-06-11,28.817707926451256,29.04078974685961,28.661551332957096,28.68609046936035,141563600
2015-06-12,28.596862444941216,28.628093767290103,28.35593364226745,28.36931800842285,147544800
2015-06-15,28.130616300977774,28.384929431838998,28.04361452999784,28.31354331970215,175955600
2015-06-16,28.338085805401363,28.52101284575113,28.190852676329285,28.465242385864258,125976400
2015-06-17,28.49200938252072,28.527701587513736,28.273388457264044,28.3983154296875,131672400
2015-06-18,28.382698613475533,28.62362566779641,28.38046731888597,28.527700424194336,141628800
2015-06-19,28.489777929230502,28.51431706464247,28.1975413009342,28.242156982421875,218867600
2015-06-22,28.4407016444665,28.56785821776298,28.34923898043604,28.467472076416016,136157200
2015-06-23,28.438474935415208,28.46747496315014,28.304624464073836,28.33808708190918,121075600
2015-06-24,28.378241727875807,28.956024600203072,28.358165178471953,28.579015731811523,221123600
2015-06-25,28.746323541106253,28.822170543166646,28.44293212890625,28.44293212890625,127752400
2015-06-26,28.480852443016506,28.55223854954749,28.222078445083824,28.275617599487305,176267200
2015-06-29,27.987850263916762,28.213163421587215,27.769230991783864,27.780384063720703,196645600
2015-06-30,28.012379079191394,28.135074739126058,27.853991219444136,27.98114776611328,177482800
2015-07-01,28.309082206632535,28.3180056833259,28.106076941311578,28.242156982421875,120955200
2015-07-02,28.20423728718423,28.26223904252488,28.05700245485321,28.20646858215332,108844000
2015-07-06,27.87184072068582,28.159616447791148,27.851762473596157,28.108306884765625,112241600
2015-07-07,28.083767824846724,28.141769569729256,27.610833793456596,28.039152145385742,187787200
2015-07-08,27.769228694850813,27.80492090486777,27.336449372781665,27.343141555786133,243046400
2015-07-09,27.62867981628414,27.675526788735418,26.595811723906333,26.785430908203125,314380000
2015-07-10,27.202597063777745,27.628682445367943,27.039746589968615,27.50152587890625,245418000
2015-07-13,27.89191663850359,28.054767098202955,27.733528767825597,28.032459259033203,165762000
2015-07-14,28.117232240357136,28.19084964797463,27.89415042477383,28.02130699157715,127072400
2015-07-15,28.045839647993663,28.364846638656477,28.014608337185734,28.291229248046875,134596800
2015-07-16,28.496471156000958,28.681631176702723,28.40946938252491,28.668243408203125,144889600
2015-07-17,28.795398458405888,28.915861129760742,28.62362452343796,28.915861129760742,184658800
2015-07-20,29.217033804794962,29.663197560349335,29.156800744686514,29.462425231933594,235600800
2015-07-21,29.63642676355207,29.652040723851933,29.072029924337144,29.167953491210938,307025600
2015-07-22,27.213752036722603,27.996769738636274,27.213752036722603,27.934307098388672,461802400
2015-07-23,28.152928766451414,28.351471476632568,27.898615593815336,27.92092514038086,203998000
2015-07-24,27.956614392080805,28.050308350612383,27.639838607343037,27.7736873626709,168649200
2015-07-27,27.4591386426935,27.575142134749033,27.242750720858233,27.387752532958984,177822000
2015-07-28,27.52383804321289,27.642072853388193,27.33868140119759,27.52383804321289,134472400
2015-07-29,27.47252633594996,27.55060463216349,27.276213246065424,27.436832427978516,148046800
2015-07-30,27.287366270848374,27.343136721998896,27.15128623388277,27.298521041870117,134513200
2015-07-31,27.349833174646612,27.35875665246164,26.97282602334314,27.05982780456543,171540000
2015-08-03,27.104439944865323,27.34313741374917,26.216573591216193,26.421810150146484,279904000
2015-08-04,26.194263793519244,26.2567264234046,25.264013122771626,25.5740966796875,496554400
2015-08-05,25.197083850089005,26.19872216753365,25.007464696449798,25.743635177612305,397250400
2015-08-06,25.987897521447067,26.106665770286234,25.573328492782526,25.799659729003906,211612000
2015-08-07,25.676411446145668,26.050643942348405,25.658483710958215,25.887056350708008,154681600
2015-08-10,26.113390594310268,26.888747227754624,26.113390594310268,26.828243255615234,219806400
2015-08-11,26.400231268115792,26.48314577691837,25.396301841596806,25.43215560913086,388331200
2015-08-12,25.217033569211335,25.864658312962533,24.567167430207103,25.824321746826172,404870000
2015-08-13,26.00358526058621,26.08425836030425,25.66744791498869,25.80414390563965,194143200
2015-08-14,25.618154243158163,26.06409609369782,25.5486863872077,25.98566436767578,171718000
2015-08-17,26.003588714471064,26.36437631677474,25.88257904882109,26.25457191467285,163538800
2015-08-18,26.0909821304365,26.317315099765885,25.996864079315262,26.10666847229004,138242800
2015-08-19,26.01703275037082,26.111150806013878,25.698823109092043,25.77277374267578,193146000
2015-08-20,25.564366569513382,25.62487054080635,25.015341200347923,25.243915557861328,274006400
2015-08-21,24.746433662141552,25.075848563806566,23.675276165355385,23.699926376342773,513102000
2015-08-24,21.25956853943907,24.38116427748664,20.616425097540755,23.10832405090332,648825200
2015-08-25,24.898810551133707,24.898810551133707,23.193473835713846,23.247255325317383,414406400
2015-08-26,23.99796138648065,24.62541836113681,23.540816164859486,24.58060073852539,387098400
2015-08-27,25.14979275852361,25.376123969201615,24.654548980690542,25.304414749145508,338464400
2015-08-28,25.136349754773125,25.391813995177866,24.99517268813353,25.387332916259766,212657600
2015-08-31,25.104982321810155,25.665211336256274,25.098259847186128,25.268569946289062,224917200
2015-09-01,24.68368944719395,25.07136694780219,24.058473694109427,24.13914680480957,307383600
2015-09-02,24.701616338576237,25.174448013305664,24.455114225615663,25.174448013305664,247555200
2015-09-03,25.208057526080186,25.27304427956988,24.659033922356738,24.73298454284668,212935600
2015-09-04,24.41925998608582,24.75091457032204,24.316178063434936,24.486486434936523,199985200
2015-09-08,25.0422357704758,25.223749415539015,24.721784720864484,25.167726516723633,219374400
2015-09-09,25.49265595887787,25.550918532625268,24.59852941702481,24.683685302734375,340043200
2015-09-10,24.710575216197196,25.385091280879728,24.62766243437784,25.22598648071289,251571200
2015-09-11,25.051197036127483,25.59349822998047,25.044474562517546,25.59349822998047,199662000
2015-09-14,26.124599351683436,26.194067201152144,25.73916152298625,25.840002059936523,233453600
2015-09-15,25.978941322573725,26.113395951330677,25.640562500950097,26.057373046875,173364800
2015-09-16,26.050642791706853,26.115629546628753,25.86912918257928,26.086498260498047,148694000
2015-09-17,25.918431607130465,26.104426309438182,25.48369341758183,25.52851104736328,256450400
2015-09-18,25.14531230866613,25.61366453139606,25.06912200325826,25.423185348510742,297141200
2015-09-21,25.472485711608034,25.85344236693549,25.470246027111912,25.81758689880371,200888000
2015-09-22,25.407502608336912,25.58677655538758,25.21478371364652,25.411985397338867,201384800
2015-09-23,25.463528861425985,25.70778960375562,25.38957992997141,25.618152618408203,143026800
2015-09-24,25.37836669424306,25.882572655055835,25.181166756166522,25.770526885986328,200878000
2015-09-25,26.093222682332716,26.149245574241068,25.5509197893008,25.705543518066406,224607600
2015-09-28,25.51282568676956,25.674171895678256,25.196857452392578,25.196857452392578,208436000
2015-09-29,25.28425261036825,25.43663494850679,24.17051721819608,24.43942642211914,293461600
2015-09-30,24.688165512159813,24.99517154939205,24.365474844587325,24.71729850769043,265892000
2015-10-01,24.441672498620512,24.564923571343716,24.04727077558962,24.555959701538086,255716400
2015-10-02,24.204135375817142,24.876410208622598,24.101053439948966,24.735231399536133,232079200
2015-10-05,24.623180682290823,24.95707834695101,24.44166706073994,24.82486343383789,208258800
2015-10-06,24.791251685464392,25.039993484121485,24.598532783627668,24.943634033203125,192787200
2015-10-07,25.03999113226044,25.04671360569818,24.5178590822946,24.82486343383789,187062400
2015-10-08,24.69264670069219,24.69264670069219,24.24894471071407,24.538022994995117,247918400
2015-10-09,24.650068390320957,25.160996807043833,24.53578123089104,25.12514305114746,211064400
2015-10-12,25.261849661192326,25.266330741435645,24.972771259520766,25.008625030517578,121868800
2015-10-13,24.83382795350022,25.1990966005633,24.80245527017863,25.051197052001953,132197200
2015-10-14,24.939157198421825,24.990697314846262,24.55147793418035,24.6971378326416,177849600
2015-10-15,24.858474076269335,25.120660762215397,24.75987325365055,25.066879272460938,150694000
2015-10-16,25.04896024962485,25.09826067807755,24.76884573312845,24.883132934570312,156930400
2015-10-19,24.82934502917273,25.042231322989416,24.674721308804738,25.037750244140625,119036800
2015-10-20,24.950358977705847,25.584538642829024,24.833832093042265,25.494901657104492,195871200
2015-10-21,25.546438204219225,25.900503284391082,25.479210051387575,25.492656707763672,167180800
2015-10-22,25.620389265700716,25.88257598876953,25.56884745302967,25.88257598876953,166616400
2015-10-23,26.15148123213002,26.718434247076598,26.06856845906971,26.6848201751709,237467600
2015-10-26,26.460727987726326,26.471931538296044,25.75259793990561,25.833271026611328,265335200
2015-10-27,25.860166664731032,26.11563090930809,25.54419674083244,25.669689178466797,279537600
2015-10-28,26.20302639203805,26.734124009038084,26.00806611776851,26.727399826049805,342205600
2015-10-29,26.599673748659985,27.04561728898953,26.50331428679338,27.009761810302734,204909200
2015-10-30,27.1128380624234,27.164379874808386,26.76773684599318,26.778942108154297,197461200
2015-11-02,27.0702604062672,27.195751129404943,26.80359090991662,27.155414581298828,128813200
2015-11-03,27.068022844831653,27.673069442414718,27.047853713081217,27.46690559387207,182076000
2015-11-04,27.592397154535842,27.747020900378182,27.254020081010584,27.339174270629883,179544400
2015-11-05,27.422437786228294,27.611481338312984,27.046603387668622,27.2131404876709,158210800
2015-11-06,27.255903114128582,27.413437990731037,27.145628700506865,27.24464988708496,132169200
2015-11-09,27.22214620581893,27.413439053970233,27.017350858292687,27.134376525878906,135485600
2015-11-10,26.308442047852964,26.57175110364436,26.119398460129865,26.279184341430664,236511600
2015-11-11,26.18916134612279,26.425463648090126,25.928101602614554,26.130647659301758,180872000
2015-11-12,26.164410576337538,26.290438494586024,26.02712942953046,26.042882919311523,130102400
2015-11-13,25.925850995157077,26.00912040774217,25.26645209463557,25.28220558166504,183249600
2015-11-16,25.066159438063565,25.70980491355159,24.980640745523743,25.69630241394043,152426800
2015-11-17,25.86284639217702,25.89210410509022,25.50276533210706,25.586034774780273,110467600
2015-11-18,26.051882252140704,26.441219192006294,25.993368560767326,26.396209716796875,186698800
2015-11-19,26.47497150451801,26.949828749701645,26.276927452076905,26.731529235839844,173183200
2015-11-20,26.82606722056435,26.98810414707415,26.747299747122685,26.848573684692383,137148400
2015-11-23,26.841811380090192,26.945336271468783,26.40746321531177,26.49973487854004,129930000
2015-11-24,26.405212037935286,26.859813920179256,26.35795157371696,26.754039764404297,171212800
2015-11-25,26.82831184389144,26.832813822449566,26.537996038955068,26.56275177001953,85553200
2015-11-27,26.621260235284563,26.648266950315282,26.465974628610375,26.513235092163086,52185600
2015-11-30,26.55374344506798,26.873316886396125,26.49973173375955,26.623510360717773,156721200
2015-12-01,26.72478363198333,26.738286131114823,26.299437739327033,26.407461166381836,139409600
2015-12-02,26.40746624208892,26.58075636025735,26.123903403816158,26.168912887573242,133546400
2015-12-03,26.229671779586834,26.28368349155291,25.70530299645381,25.925851821899414,166278000
2015-12-04,25.94611021757754,26.837311292183443,25.9056009997772,26.787799835205078,231108000
2015-12-07,26.77654561210243,26.97458970295678,26.513234864567096,26.619009017944336,128336800
2015-12-08,26.447969985021057,26.691025267759507,26.29943734579293,26.607757568359375,137238000
2015-12-09,26.474980043173172,26.486233271703043,25.89885045607709,26.02037811279297,185445600
2015-12-10,26.114893795785594,26.317439849550986,25.99561715217966,26.144149780273438,116850800
2015-12-11,25.92360702162482,25.96861650319326,25.396987158865464,25.471254348754883,187544800
2015-12-14,25.246199053634182,25.358724454708142,24.708327773860752,25.3137149810791,257274800
2015-12-15,25.192190440855068,25.38573429187087,24.83435872858108,24.86586570739746,213292400
2015-12-16,24.99639645318205,25.203442811607765,24.4855318075227,25.057159423828125,224954000
2015-12-17,25.21019798716026,25.261960443326753,24.526044845581055,24.526044845581055,179091200
2015-12-18,24.510280346888408,24.647559737854884,23.812621581675568,23.862133026123047,385813200
2015-12-21,24.143451819748623,24.163707286494162,23.758615121598442,24.154705047607422,190362400
2015-12-22,24.170454647753953,24.242470830260057,23.956655371844313,24.1321964263916,131157600
2015-12-23,24.141199125031314,24.49677980942645,24.12544563734299,24.442768096923828,130629600
2015-12-24,24.530544026755354,24.530544026755354,24.2942399341923,24.312244415283203,54281600
2015-12-28,24.213212969373373,24.235719421321342,23.89589225752135,24.03992462158203,106816800
2015-12-29,24.071436621428216,24.62731244741854,24.048931881781158,24.472026824951172,123724800
2015-12-30,24.43602082511842,24.46302582726484,24.12094930306407,24.152456283569336,100855200
2015-12-31,24.082685469836317,24.087185730146636,23.589823691295113,23.688846588134766,163649200
2016-01-04,23.092469461544965,23.713610331495133,22.95518829613928,23.709108352661133,270597600
2016-01-05,23.799116089398588,23.82162082031462,23.047447431397405,23.114961624145508,223164000
2016-01-06,22.6311135619092,23.038456779406197,22.475829638610904,22.662620544433594,273829600
2016-01-07,22.208021925215185,22.53434502937481,21.701657422000714,21.706157684326172,324377600
2016-01-08,22.178766106994683,22.304794057151277,21.77592480402753,21.820934295654297,283192000
2016-01-11,22.273280189837518,22.29353393971297,21.9064462500791,22.174257278442383,198957600
2016-01-12,22.628861278962535,22.66036825729513,22.244022854897278,22.49608039855957,196616800
2016-01-13,22.577094873452022,22.77288967617828,21.89744225248481,21.917695999145508,249758400
2016-01-14,22.04598160898453,22.61311072662906,21.546368434822075,22.39706039428711,252680400
2016-01-15,21.649890724125214,21.989717982749493,21.460848837421395,21.859188079833984,319335600
2016-01-19,22.147253108401078,22.20126482709412,21.492354365866788,21.753414154052734,212350800
2016-01-20,21.402330758209725,22.097738623752576,21.024245345147918,21.78266716003418,289337600
2016-01-21,21.843429256646218,22.02797083685336,21.36632267791624,21.672391891479492,208646000
2016-01-22,22.19675792537983,22.833652048076623,22.138245958525182,22.824649810791016,263202000
2016-01-25,22.847157496142078,22.84940848500449,22.32729067401783,22.379053115844727,207178000
2016-01-26,22.489331818323304,22.703129441961522,22.070737094209072,22.50283432006836,300308000
2016-01-27,21.613876033272483,21.746655162652843,21.006237927545712,21.024242401123047,533478800
2016-01-28,21.107515542267087,21.271801671005875,20.79244406686214,21.175029754638672,222715200
2016-01-29,21.33256788400009,21.90644645690918,21.233544971670028,21.90644645690918,257666000
2016-02-01,21.710650950198147,21.76466266143647,21.46984666288399,21.701648712158203,163774000
2016-02-02,21.474352578867418,21.613884729731595,21.217794736666875,21.262805938720703,149428800
2016-02-03,21.37983640075646,21.793929250041646,21.17278997611387,21.68365478515625,183857200
2016-02-04,21.69043312718145,22.023053229116783,21.5388313080044,21.857873916625977,185886800
2016-02-05,21.839769736993652,21.930278870059077,21.199421375297714,21.274089813232422,185672400
2016-02-08,21.07270600414181,21.654224844439824,21.052342357349705,21.498098373413086,216085600
2016-02-09,21.33519013242165,21.70853933097506,21.25373206268932,21.493579864501953,177324800
2016-02-10,21.70401287881343,21.801309921553056,21.292197849935643,21.330663681030273,169374400
2016-02-11,21.22205032873997,21.432483350272403,20.950522902652605,21.201684951782227,200298800
2016-02-12,21.312556988350742,21.382700745252002,21.045555999939317,21.267301559448242,161405600
2016-02-16,21.500370553675044,21.914448841105195,21.40759990601844,21.866931915283203,196231600
2016-02-17,21.87371537772114,22.222174489604072,21.75605468895267,22.201810836791992,179452800
2016-02-18,22.36472139871926,22.37603568810699,21.74247346139411,21.780941009521484,156084000
2016-02-19,21.72211193777007,21.894079140646554,21.676858228427058,21.731163024902344,141496800
2016-02-22,21.792251555446594,21.925752907328235,21.704005630608744,21.921226501464844,137123200
2016-02-23,21.812620317469428,21.83524717134706,21.394017478619176,21.425695419311523,127770400
2016-02-24,21.265042117091483,21.808093505328504,21.11570177690352,21.74473762512207,145022800
2016-02-25,21.7334262954955,21.894079208374023,21.55240800492678,21.894079208374023,110330800
2016-02-26,21.993635925463597,22.179178881360585,21.853348401686738,21.92801856994629,115964400
2016-02-29,21.91670641163121,22.226699678106144,21.869189498022948,21.87824058532715,140865200
2016-03-01,22.095459131771733,22.801426602595313,22.043415816934203,22.747121810913086,201628400
2016-03-02,22.742600717332223,22.828583461581438,22.545743442752926,22.796905517578125,132678400
2016-03-03,22.758432551190197,23.01411922654083,22.72901609361463,22.966602325439453,147822800
2016-03-04,23.163468887608364,23.475723675015796,22.937196852186524,23.30828285217285,184220400
2016-03-07,23.167993722692326,23.267553971361494,22.844424640836174,23.05033302307129,143315600
2016-03-08,22.80369010682502,23.02543740912557,22.717707374999783,22.860258102416992,126247600
2016-03-09,22.923615276300346,22.98470968172931,22.688292194185372,22.880624771118164,108806800
2016-03-10,22.946245689330233,23.134050148301274,22.661142469303154,22.891939163208008,134054400
2016-03-11,23.134048193599433,23.143099280521703,22.966607401333224,23.138574600219727,109632800
2016-03-14,23.05938621658574,23.285658274165492,23.029969744256338,23.197410583496094,100304400
2016-03-15,23.52323347933923,23.799285555257,23.498343424866768,23.663522720336914,160270800
2016-03-16,23.670310680989743,24.054972335581546,23.66578427489726,23.97804069519043,153214000
2016-03-17,23.87622139799819,24.091180840249617,23.749509626611857,23.939579010009766,137682800
2016-03-18,24.06176968937493,24.097974047092787,23.801558205132718,23.96673583984375,176820800
2016-03-21,23.968990774965118,24.3581788545761,23.790235704617366,23.964466094970703,142010800
2016-03-22,23.815130700563138,24.276725840064824,23.80607961237857,24.147750854492188,129777600
2016-03-23,24.093442565514504,24.22694221270348,23.96220439530553,24.014245986938477,102814000
2016-03-24,23.86490635855755,24.041398229347966,23.73366819390685,23.910160064697266,104532000
2016-03-28,23.984831583241125,24.02782381491597,23.772135354515047,23.801551818847656,77645600
2016-03-29,23.73367201849436,24.38986122117192,23.731408814927196,24.364971160888672,124760400
2016-03-30,24.584454768509033,24.98495547537294,24.573140477234638,24.790361404418945,182404400
2016-03-31,24.826563900665512,24.867292929364638,24.63649452463016,24.66138458251953,103553600
2016-04-01,24.613872021359132,24.88992418397419,24.4826338249817,24.88766098022461,103496000
2016-04-04,24.9849591317675,25.385461623560946,24.951017979295706,25.14335060119629,149424800
2016-04-05,24.77905088322981,25.055103040436407,24.758685502519864,24.84693145751953,106314800
2016-04-06,24.94196200286057,25.111665993901667,24.70890040505678,25.107139587402344,105616400
2016-04-07,24.87860723229722,24.984955355017746,24.46453075895347,24.5595645904541,127207600
2016-04-08,24.643281785008824,24.83787409655263,24.475839279478535,24.586713790893555,94326800
2016-04-11,24.656854552601413,25.027940410763577,24.625176617854738,24.668167114257812,117630000
2016-04-12,24.74058416056817,25.00306055703974,24.586720829790774,24.989484786987305,108929200
2016-04-13,25.07093990889034,25.41939729222358,25.07093990889034,25.351516723632812,133029200
2016-04-14,25.256485526945426,25.430714236790166,25.190866428705064,25.365095138549805,101895600
2016-04-15,25.367357091296842,25.410349328859326,24.82883028837945,24.855981826782227,187756000
2016-04-18,24.638758124557654,24.652333892236424,24.197528411813874,24.31971549987793,243286000
2016-04-19,24.410222977367255,24.437376239107543,24.036875554768923,24.19074058532715,129539600
2016-04-20,24.129643875461802,24.457737556836925,23.99840571238447,24.240516662597656,122444000
2016-04-21,24.195261577040657,24.195261577040657,23.876217273926873,23.97804069519043,126210000
2016-04-22,23.76082605832255,24.09344621449906,23.67258010582493,23.91242790222168,134732400
2016-04-25,23.758560651725116,23.90563780102329,23.647687852052886,23.776662826538086,112126400
2016-04-26,23.511924115124508,23.82644205389541,23.511924115124508,23.611482620239258,224064800
2016-04-27,21.72211330329464,22.335310252927346,21.649706328003063,22.133928298950195,458408400
2016-04-28,22.086412431487112,22.14750511847199,21.32613829168342,21.45737648010254,328970800
2016-04-29,21.26730905441592,21.43248840706545,20.932427394109794,21.21074104309082,274126000
2016-05-02,21.262776699181792,21.28766675328731,20.907529785324392,21.188106536865234,192640400
2016-05-03,21.314822269926196,21.663281366246807,21.197161586412495,21.536569595336914,227325200
2016-05-04,21.54109452081471,21.699485962571515,21.228839770528293,21.31256103515625,164102000
2016-05-05,21.39906746114708,21.41500286744286,21.098569987548814,21.22605323791504,143562000
2016-05-06,21.255648170316455,21.273858822090435,20.90961973417624,21.107675552368164,174799600
2016-05-09,21.17141575710455,21.34670520938341,21.078078574390002,21.12360954284668,131745600
2016-05-10,21.24654308032093,21.301178512140535,20.968810218591916,21.267030715942383,134747200
2016-05-11,21.280686351593356,21.30117398285851,21.04848277628276,21.059865951538086,114876400
2016-05-12,21.107669778993984,21.121328198295856,20.367808628448472,20.56586265563965,305258800
2016-05-13,20.488466903791494,20.86864137283403,20.488466903791494,20.606843948364258,177571200
2016-05-16,21.03255799536755,21.487857446267302,20.864097684846925,21.371755599975586,245039200
2016-05-17,21.52427450982309,21.5584205669201,21.173693850052576,21.2829647064209,187667600
2016-05-18,21.435489923385195,21.674520991995124,21.3740235508649,21.526548385620117,168249600
2016-05-19,21.544755985262864,21.544755985262864,21.30117100557176,21.444589614868164,121768400
2016-05-20,21.544756874215505,21.724600257195345,21.5174382983911,21.676794052124023,128104000
2016-05-23,21.824768211574394,22.12526562008119,21.779237248571153,21.952251434326172,152074400
2016-05-24,22.132097745705188,22.330151816165124,22.045589773017973,22.28689956665039,140560800
2016-05-25,22.462187175661384,22.705772195110654,22.334703946589983,22.678455352783203,152675200
2016-05-26,22.692116161484822,22.93114897797213,22.455360327707282,22.858301162719727,225324800
2016-05-27,22.637484245340822,22.871963132776415,22.594230251291048,22.84464454650879,145364800
2016-05-31,22.67390006405315,22.856020440804034,22.49633365197679,22.733089447021484,169228800
2016-06-01,22.541868093041938,22.660246886366746,22.38479101200226,22.414384841918945,116693200
2016-06-02,22.21859969779231,22.273235113230708,21.997779316991924,22.24591827392578,160766400
2016-06-03,22.26185477016167,22.37112560641008,22.1844530023928,22.29144859313965,114019600
2016-06-06,22.30738551484315,23.19521936975564,22.207220864266038,22.453081130981445,93170000
2016-06-07,22.59422878727063,22.735372201930687,22.52821017735685,22.544145584106445,89638000
2016-06-08,22.541869405927436,22.664800435311093,22.464469352331687,22.523658752441406,83392400
2016-06-09,22.423484380413168,22.76268177965261,22.414378188489007,22.68528175354004,106405600
2016-06-10,22.43031397067114,22.616986566211928,22.41893253319425,22.49860954284668,126851600
2016-06-13,22.466750418504912,22.564639863203237,22.104786476730396,22.159421920776367,152082000
2016-06-14,22.154864340465654,22.418938773768836,22.025104106674686,22.186735153198242,127727600
2016-06-15,22.268685783411325,22.402999962509963,22.088842374994137,22.11388397216797,117780800
2016-06-16,21.95680788955315,22.252753127152243,21.870301648434932,22.207223892211914,125307200
2016-06-17,21.995515408100566,22.00234462144658,21.695017863070003,21.701847076416016,244032800
2016-06-20,21.85436392148318,21.984124137793835,21.63354350813392,21.649478912353516,137647600
2016-06-21,21.61305902529588,21.93404413901869,21.553869628070824,21.833879470825195,142185600
2016-06-22,21.911278573299274,22.056974208762426,21.70639354317016,21.751924514770508,116876400
2016-06-23,21.840705564248605,21.92038258558164,21.68362676731434,21.87712860107422,128960800
2016-06-24,21.150928134085255,21.54931498992115,21.091738743477556,21.262475967407227,301245600
2016-06-27,21.171420532073174,21.182803710961903,20.829946007362317,20.952877044677734,181958400
2016-06-28,21.148649948964444,21.32166414568785,20.975635752241036,21.305727005004883,161779600
2016-06-29,21.392240041997287,21.524277269128728,21.314838250054,21.490129470825195,146124000
2016-06-30,21.499232979627187,21.802005686783623,21.467362168347563,21.7633056640625,143345600
2016-07-01,21.73826451524654,21.96136193566166,21.701841474526535,21.82932472229004,104106000
2016-07-05,21.715501360026124,21.717778342983515,21.503787102545367,21.624441146850586,110820800
2016-07-06,21.535655532195683,21.776965330917307,21.483297087776542,21.74736976623535,123796400
2016-07-07,21.786070612908745,21.968191025990517,21.767859961063753,21.840707778930664,100558400
2016-07-08,21.965907020418804,22.056967197846593,21.86574238839382,22.0091609954834,115648400
2016-07-11,22.025099162261355,22.22998415299696,22.020546934391074,22.07745933532715,95179600
2016-07-12,22.120713250890383,22.241367272101378,22.109331811940137,22.17762565612793,96670000
2016-07-13,22.175350667633943,22.234538319250756,22.045588714831684,22.052419662475586,103568800
2016-07-14,22.17079971876806,22.53503881870016,22.154864312421935,22.48950958251953,155676000
2016-07-15,22.51910302038946,22.605610999187544,22.423490583976943,22.487232208251953,120548000
2016-07-18,22.469019737799965,22.794558806447593,22.44625512018853,22.72626495361328,145975600
2016-07-19,22.66479806510259,22.764964464531793,22.614714865387988,22.735370635986328,95119600
2016-07-20,22.764963661535447,22.869682285959044,22.705774269703365,22.755857467651367,105104000
2016-07-21,22.726262605703987,22.992612251581413,22.566906825229403,22.635202407836914,130808000
2016-07-22,22.596500765009953,22.605606957825405,22.38023259350751,22.459911346435547,113254800
2016-07-25,22.366583990396087,22.50089648551524,22.063809459488553,22.159421920776367,161531600
2016-07-26,22.041035224862693,22.302832624371444,21.9499750332733,22.006887435913086,224959200
2016-07-27,23.737028539192586,23.755240928260108,23.391001831054744,23.43653106689453,369379200
2016-07-28,23.409214293402172,23.77800562061437,23.40693731055435,23.75296401977539,159479200
2016-07-29,23.718813555670316,23.80076755467956,23.602711767602433,23.723365783691406,110934800
2016-08-01,23.76889907881645,24.165008954984405,23.76889907881645,24.142244338989258,152671600
2016-08-02,24.1422456907347,24.146797919457065,23.675563220974293,23.784835815429688,135266400
2016-08-03,23.859959975674617,24.0944388443081,23.850853780982273,24.083057403564453,120810400
2016-08-04,24.165456255771122,24.261586651709102,24.09679068939377,24.23183250427246,109634800
2016-08-05,24.32337490021253,24.639234288460308,24.30277628597231,24.600324630737305,162213600
2016-08-08,24.60948715124124,24.804039001464844,24.52709091876358,24.804039001464844,112148800
2016-08-09,24.771994361398967,24.934500993309076,24.721639849436276,24.90474510192871,105260800
2016-08-10,24.881853608815113,24.925341907703924,24.66441560684608,24.71934700012207,96034000
2016-08-11,24.83836914609631,24.932211964247323,24.685018036971154,24.70332908630371,109938000
2016-08-12,24.668999846418515,24.8200634057395,24.668999846418515,24.76055335998535,74641600
2016-08-15,24.75139199583661,25.07182834461946,24.73765958322399,25.058095932006836,103472800
2016-08-16,25.0924322894583,25.22976342968378,24.99630188829086,25.03521156311035,135177600
2016-08-17,24.97111627186542,25.03291561353197,24.797164833037684,24.99858283996582,101424000
2016-08-18,25.000879796385863,25.085565351322884,24.952812850963635,24.9665470123291,87938800
2016-08-19,24.895588314079816,25.10616187580563,24.801747248014788,25.030630111694336,101472400
2016-08-22,24.91618537887745,24.971116769936508,24.685013228240997,24.836076736450195,103280800
2016-08-23,24.854384631065013,25.02146985831504,24.840652220635842,24.913894653320312,85030800
2016-08-24,24.84981423476044,24.891013223048102,24.64610861107084,24.72621726989746,94700400
2016-08-25,24.579734540782386,24.691886673061536,24.417227891003797,24.620933532714844,100344800
2016-08-26,24.584313218873458,24.70790844864497,24.332540630944195,24.47673797607422,111065200
2016-08-29,24.403490561337307,24.591174432069376,24.32795880029892,24.44926643371582,99881200
2016-08-30,24.215801743174932,24.376019010004008,24.147136202398336,24.261577606201172,99455600
2016-08-31,24.18376044028327,24.392042905682008,24.17918180583116,24.284467697143555,118649600
2016-09-01,24.29362907409736,24.44469261514723,24.174610743222345,24.42867088317871,106806000
2016-09-02,24.65068667289205,24.719352238716972,24.449270357370363,24.657554626464844,107210000
2016-09-06,24.696463889241397,24.788017393410165,24.607199702892252,24.650686264038086,107521600
2016-09-07,24.680436836338693,24.89329794549112,24.506485390542494,24.80174446105957,169457200
2016-09-08,24.547686247936387,24.552263136701015,24.087631219518045,24.151718139648438,212008000
2016-09-09,23.950300315527222,24.19749420262541,23.604686737060547,23.604686737060547,186228000
2016-09-12,23.494826106333228,24.197496422009813,23.46735953427949,24.13340950012207,181171200
2016-09-13,24.60719374239886,24.90016348778386,24.54539439990324,24.707901000976562,248704800
2016-09-14,24.88643115460536,25.870626286950476,24.8566752687782,25.582233428955078,443554800
2016-09-15,26.0606044333641,26.488616040660265,25.97591714049353,26.451993942260742,359934400
2016-09-16,26.348992641681043,26.58016304815976,26.101798760335285,26.30321502685547,319547600
2016-09-19,26.36502455044726,26.5916181560551,25.920991119493728,25.996522903442383,188092000
2016-09-20,25.87520813630495,26.1201127277421,25.751611181808023,25.994226455688477,138057200
2016-09-21,26.058310715168247,26.090354172737744,25.735586822150456,25.989646911621094,144012800
2016-09-22,26.172756842947617,26.307798649490568,26.092648184610844,26.234556198120117,124296000
2016-09-23,26.188771766205747,26.27345903799541,25.531879192381638,25.797382354736328,209924800
2016-09-26,25.552487489063047,25.95303257460885,25.53188886571493,25.836301803588867,119477600
2016-09-27,25.86376074247659,25.90495972324331,25.712697230919463,25.88435935974121,98429600
2016-09-28,26.02168755723604,26.239125530994784,25.962177536935968,26.081195831298828,118564400
2016-09-29,25.900377067046257,26.046861911321002,25.589096336403145,25.676071166992188,143548000
2016-09-30,25.740168003580504,25.94845225875798,25.58910621359226,25.87520980834961,145516400
2016-10-03,25.797386922770695,25.875208003159123,25.698967223190934,25.75389862060547,86807200
2016-10-04,25.877496222342135,26.163599804302354,25.77907652029831,25.8637638092041,118947200
2016-10-05,25.955318465634114,26.014828502290214,25.79281183336047,25.87520980834961,85812400
2016-10-06,26.0239841495634,26.170469060900054,25.893520970834256,26.067472457885742,115117200
2016-10-07,26.163605005110146,26.220825732876538,25.9804997240005,26.10638427734375,97433600
2016-10-10,26.326098843670863,26.722066855353653,26.257435051527892,26.56184959411621,144944000
2016-10-11,26.939510363601958,27.166105639172304,26.596186093481776,26.619075775146484,256164000
2016-10-12,26.859406016999273,27.003603351129488,26.722076636210637,26.85711669921875,150347200
2016-10-13,26.73123283788793,26.880007065108106,26.486328216305616,26.774721145629883,140769600
2016-10-14,26.9807131513981,27.0470893958653,26.809050992125677,26.923492431640625,142608800
2016-10-17,26.854821662971865,26.971550643764818,26.72893541360221,26.905176162719727,94499600
2016-10-18,27.049376049096928,27.05624225539342,26.882290795519253,26.886869430541992,98214000
2016-10-19,26.836513021204336,26.95324375868656,26.046867920781168,26.806758880615234,80138400
2016-10-20,26.747253906948913,26.866272238030678,26.625946258085435,26.79302978515625,96503200
2016-10-21,26.73580360475311,26.75869328542046,26.61449598066098,26.6877384185791,92770800
2016-10-24,26.802179994203005,26.948664870898615,26.779292059638845,26.92806625366211,94154800
2016-10-25,26.99673361095342,27.090576425127797,26.8502487149759,27.065399169921875,192516000
2016-10-26,26.16359988222903,26.48174692661736,25.93471701597914,26.45656967163086,264536800
2016-10-27,26.410793330304532,26.518368554939595,26.11553422850968,26.202510833740234,138248000
2016-10-28,26.062891508815476,26.36959369845516,25.966759381906105,26.0285587310791,151446800
2016-10-31,26.012541073173228,26.145293569875925,25.90954272383994,25.987363815307617,105677600
2016-11-01,25.969049856566283,26.040002986475454,25.29842298701894,25.518150329589844,175303200
2016-11-02,25.497553859616954,25.714991902906835,25.45864418807882,25.541040420532227,113326800
2016-11-03,25.531840025263218,25.642266892785667,25.20285698396342,25.26727294921875,107730400
2016-11-04,24.96819711570307,25.363897198636803,24.871573166671375,25.039514541625977,123348000
2016-11-07,25.32478577413851,25.423710787131366,25.182149178250135,25.400705337524414,130240000
2016-11-08,25.377696072141084,25.70207867743133,25.237360559169108,25.55023956298828,97016800
2016-11-09,25.278771128467262,25.610055193362072,24.857766343733797,25.50882911682129,236705600
2016-11-10,25.55714694936273,25.55714694936273,24.347042916636287,24.797956466674805,228538000
2016-11-11,24.643816878508083,25.04641843220124,24.512683871227594,24.945192337036133,136575600
2016-11-14,24.779551198150394,24.80255665103576,23.944441147507167,24.319435119628906,204702000
2016-11-15,24.517278491798816,24.772642986196743,24.422955634114782,24.641510009765625,129058000
2016-11-16,24.547191721948405,25.35929806283131,24.5241862694052,25.3040828704834,235362000
2016-11-17,25.262660499750137,25.386891991434144,25.037204713333104,25.29486846923828,110528000
2016-11-18,25.241963923155183,25.43061141206758,25.22816100488457,25.32018280029297,113715600
2016-11-21,25.333990290230282,25.76419767272217,25.30868376711859,25.704383850097656,117058400
2016-11-22,25.754989164063183,25.86311669131896,25.62845833307263,25.720481872558594,103862000
2016-11-23,25.61926047122181,25.653769524216692,25.382300998635436,25.589353561401367,109705600
2016-11-25,25.566348190163666,25.736592395764816,25.52493767463953,25.71818733215332,45903600
2016-11-28,25.635360230695518,25.8746207353781,25.626157701068912,25.66756820678711,108776000
2016-11-29,25.485827700139822,25.773400231067928,25.322486713197073,25.64226722717285,114115200
2016-11-30,25.674473200356314,25.812507653355425,25.3684956301527,25.426010131835938,144649200
2016-12-01,25.391500921084965,25.522633904830364,25.083222302593835,25.189048767089844,148347600
2016-12-02,25.115427883165925,25.32708079195349,25.041809403796204,25.283370971679688,106112000
2016-12-05,25.306376896982407,25.313278355303645,24.903775446348597,25.101625442504883,137298000
2016-12-06,25.191343103769622,25.389193062169785,25.12002570778911,25.29486846923828,104782000
2016-12-07,25.1361368988208,25.580148897147293,25.113131450477074,25.543338775634766,119994800
2016-12-08,25.504230050636142,25.86542104085599,25.44441447910836,25.794103622436523,108273200
2016-12-09,25.83780824536823,26.387646614869272,25.83780824536823,26.215103149414062,137610400
2016-12-12,26.06326785277385,26.45666677418299,25.879220773133106,26.065568923950195,105497600
2016-12-13,26.18979988188101,26.668320906667244,26.16909550595621,26.50037956237793,174935200
2016-12-14,26.465870513966813,26.73273686092633,26.452067596683612,26.50037956237793,136127200
2016-12-15,26.544089097434888,26.854668774561183,26.509581804601382,26.645315170288086,186098000
2016-12-16,26.794853821721503,26.801755280446198,26.606206344032927,26.679824829101562,177404400
2016-12-19,26.640719315305457,27.00420965154858,26.629215712268476,26.833967208862305,111117600
2016-12-20,26.856971003832687,27.031815579034852,26.84316808520206,26.905282974243164,85700000
2016-12-21,26.87077395485473,27.00880839792081,26.866171812137395,26.930587768554688,95132800
2016-12-22,26.767249498113298,26.804059622741242,26.60390851928433,26.753446578979492,104343600
2016-12-23,26.592404319614282,26.806358337402344,26.592404319614282,26.806358337402344,56998000
2016-12-27,26.80635457374884,27.10083025720737,26.79945311530583,26.976598739624023,73187600
2016-12-28,27.036411240360742,27.151440222715447,26.73273479715244,26.861568450927734,83623600
2016-12-29,26.79025947134298,26.942098628262887,26.77875762185743,26.854677200317383,60158000
2016-12-30,26.836263714914587,26.96279455077799,26.555592698514783,26.645315170288086,122345200
2017-01-03,26.640713430059037,26.762643872420238,26.401452932413115,26.721233367919922,115127600
2017-01-04,26.652224324113234,26.804063477233335,26.629218870514205,26.691333770751953,84472400
2017-01-05,26.668320134489942,26.884575193415053,26.643013616734745,26.82706069946289,88774400
2017-01-06,26.866170143698557,27.183651273757864,26.79485273283738,27.126136779785156,127007600
2017-01-09,27.13534272038212,27.475829361813165,27.133043403931662,27.374603271484375,134247600
2017-01-10,27.323987696089937,27.464323215522036,27.21586191121894,27.40220832824707,97848400
2017-01-11,27.31707946434306,27.59084897621346,27.284871492970403,27.5494384765625,110354400
2017-01-12,27.35389587030523,27.44591941905576,27.195155292590645,27.434415817260742,108344800
2017-01-13,27.40221048203356,27.51954056188967,27.33319237501152,27.386106491088867,104447600
2017-01-17,27.225059408102727,27.662169903440613,27.19745357495073,27.606956481933594,137759200
2017-01-18,27.60696682825164,27.721995856702687,27.54024978112559,27.604665756225586,94852000
2017-01-19,27.468925485392642,27.627664311475066,27.462024026241657,27.556346893310547,102389200
2017-01-20,27.710481866659634,27.710481866659634,27.544841602138572,27.606956481933594,130391600
2017-01-23,27.606966867156412,27.793313331844537,27.55405274170474,27.6253719329834,88200800
2017-01-24,27.503433666464463,27.629964509038164,27.491930064774497,27.60005760192871,92844000
2017-01-25,27.7035842916051,28.090081806735956,27.671376311611134,28.03946876525879,129510400
2017-01-26,27.991157509373394,28.168303159062784,27.97505351896557,28.053274154663086,105350400
2017-01-27,28.099282181284575,28.147594147568313,27.97505065861076,28.055570602416992,82251600
2017-01-30,27.82091088008753,27.981950759887695,27.758795999365482,27.981950759887695,121510000
2017-01-31,27.871526791718377,27.92674021974775,27.74959633368536,27.917537689208984,196804000
2017-02-01,29.224262715655932,30.02026481103238,29.219662328692067,29.619962692260742,447940000
2017-02-02,29.442833657681263,29.767214635648823,29.39682098886058,29.569364547729492,134841600
2017-02-03,29.518742867675616,29.721195040945894,29.48423557014394,29.69588851928711,98029200
2017-02-06,29.70739189237126,30.0225702420806,29.65447602268937,29.97425651550293,107383600
2017-02-07,30.031777997065394,30.38836869676868,30.01107361389482,30.259536743164062,152735200
2017-02-08,30.218118783795905,30.41826811436979,30.18821012137677,30.376855850219727,92016400
2017-02-09,30.41844179425914,30.603286818135548,30.295982715136457,30.596355438232422,113399600
2017-02-10,30.605596265834553,30.716501857724786,30.510862716732902,30.527034759521484,80262000
2017-02-13,30.748858871211922,30.91984116877839,30.67261015171443,30.797378540039062,92141600
2017-02-14,30.838953699461445,31.213262187926112,30.788121247247183,31.19709014892578,132904800
2017-02-15,31.31262889622328,31.485920446782508,31.10467692017684,31.31031608581543,142492400
2017-02-16,31.347285656547058,31.400427411306826,31.15550925170677,31.27334976196289,90338400
2017-02-17,31.215589613122148,31.38425908773884,31.215589613122148,31.358842849731445,88792800
2017-02-21,31.47669262459316,31.596842482635175,31.418928744368962,31.585289001464844,98028800
2017-02-22,31.52287893037912,31.682307682045224,31.448943053528396,31.67999839782715,83347600
2017-02-23,31.74239806487526,31.765501493928575,31.492857761966008,31.54599952697754,83152800
2017-02-24,31.402746774646385,31.576038360595703,31.257180714248527,31.576038360595703,87106400
2017-02-27,31.68694138899264,31.756258722811197,31.48823357904668,31.638418197631836,81029600
2017-02-28,31.673080673342007,31.756260774172254,31.58527847645834,31.652286529541016,93931600
2017-03-01,31.860232400519113,32.3824163916019,31.79322787856917,32.29923629760742,145658400
2017-03-02,32.34776761708699,32.41246287027101,32.06125754896711,32.10747146606445,104844000
2017-03-03,32.065880545692764,32.30848951475482,32.02197943859438,32.29693603515625,84432400
2017-03-06,32.20219428981536,32.29461857758971,32.02428414639865,32.19526290893555,87000000
2017-03-07,32.13055609787816,32.34312659475874,32.06817016680321,32.23684310913086,69785200
2017-03-08,32.105157184096726,32.30155574588277,32.0751223701116,32.1167106628418,74828800
2017-03-09,32.0566404915996,32.068190445792496,31.66615614282426,32.04277420043945,88623600
2017-03-10,32.17447553943943,32.19989178322456,32.03353155583584,32.1490592956543,78451200
2017-03-13,32.08205460341001,32.21606367840276,32.07512322110441,32.16292190551758,69686800
2017-03-14,32.18602558324106,32.26689287710669,32.0797385226766,32.11439895629883,61236400
2017-03-15,32.211439243327874,32.52105268203677,32.12363704927191,32.45404815673828,102767200
2017-03-16,32.51411445453541,32.5834317760032,32.407827424868074,32.50718307495117,76928000
2017-03-17,32.57882375766877,32.57882375766877,32.32235202535992,32.345458984375,175540000
2017-03-20,32.44017506789506,32.69433740496831,32.40089607500655,32.685096740722656,86168000
2017-03-21,32.8352917141338,32.99472054637454,32.28537858857916,32.310794830322266,158119600
2017-03-22,32.31310613499406,32.71745317302266,32.292308464990825,32.67586135864258,103440800
2017-03-23,32.63888743408401,32.71282686095234,32.488702820993375,32.56032943725586,81385200
2017-03-24,32.69434763794183,32.7498022176487,32.42863526880281,32.49563980102539,89582400
2017-03-27,32.20681637913718,32.62964824085136,32.02890271013015,32.551090240478516,94300400
2017-03-28,32.55803025555578,33.28123154879322,32.49102218845944,33.22578048706055,133499200
2017-03-29,33.198032951886006,33.38519075793911,33.08481808011475,33.29969787597656,116760000
2017-03-30,33.315882636755454,33.387509255140365,33.15645382776915,33.25580596923828,84829200
2017-03-31,33.20728317039026,33.33436434857821,33.043232281161146,33.19342041015625,78646800
2017-04-03,33.20498767713941,33.29971775329288,33.05249019997456,33.202674865722656,79942800
2017-04-04,33.09869627711697,33.47762710917722,33.080211416330286,33.44990158081055,79565600
2017-04-05,33.322810259170346,33.60932022602162,33.228076698482546,33.2765998840332,110871600
2017-04-06,33.33898291823909,33.3921281999704,33.14489722371151,33.19342041015625,84596000
2017-04-07,33.20960307310597,33.31357733372976,33.1033195269134,33.11949157714844,66688800
2017-04-10,33.179555847635505,33.2442510756305,33.0178142520225,33.0802001953125,75733600
2017-04-11,33.02706638137571,33.121799961435954,32.36162556132028,32.72438430786133,121517600
2017-04-12,32.717450050383505,32.844527715419915,32.58112466824049,32.7636604309082,81400000
2017-04-13,32.78908183353735,32.897678183969354,32.59037399291992,32.59037399291992,71291600
2017-04-17,32.689724731172724,32.78214902839294,32.54878076283502,32.77059555053711,66328400
2017-04-18,32.673553715856414,32.81911625943817,32.60423637215595,32.625030517578125,58790000
2017-04-19,32.78213681645737,32.809862332481956,32.45172580612209,32.50486755371094,69313600
2017-04-20,32.62964547182509,33.022438965982026,32.61578271124467,32.91153335571289,93278400
2017-04-21,32.91154769071936,32.96699875719339,32.77522578480094,32.87226867675781,69283600
2017-04-24,33.15644557162086,33.26041978292252,33.082506160972926,33.18879318237305,68537200
2017-04-25,33.251194061188805,33.47993672371542,33.24194986789126,33.394447326660156,75486000
2017-04-26,33.38057959462292,33.41061792992952,33.12873001195959,33.19804382324219,80164800
2017-04-27,33.253499487413826,33.30895406388303,33.11255552381096,33.22346115112305,56985200
2017-04-28,33.2927774759267,33.341300669562116,33.103313848608956,33.19111251831055,83441600
2017-05-01,33.526149553957254,34.01136391757358,33.49380192971616,33.86811065673828,134411600
2017-05-02,34.0899086741621,34.216989836275026,33.928170615848046,34.082977294921875,181408800
2017-05-03,33.63935976585729,34.07836720551908,33.33436842652095,33.97901153564453,182788000
2017-05-04,33.85425428224311,33.99750757011488,33.69020331901312,33.856563568115234,93487600
2017-05-05,33.90969733385166,34.42264072641439,33.90969733385166,34.41802215576172,109310800
2017-05-08,34.43419065356473,35.51321909494186,34.43419065356473,35.353790283203125,195009600
2017-05-09,35.55250166092058,35.78586992640068,35.455458793091545,35.580230712890625,156521600
2017-05-10,35.4970453320954,35.56867194825436,35.145840106230295,35.41155242919922,103222800
2017-05-11,35.369801601438134,35.745658910310475,35.337320455257014,35.71781539916992,109020400
2017-05-12,35.89181788100036,36.2908739365039,35.88485788911661,36.21663284301758,130108000
2017-05-15,36.19575499014061,36.34424074052335,35.973028134656275,36.12383270263672,104038800
2017-05-16,36.17950202596057,36.20734198695468,35.89645062192659,36.070457458496094,80194000
2017-05-17,35.63661487281056,35.86166408215146,34.73409921788966,34.85938262939453,203070800
2017-05-18,35.09602551609839,35.57628262123861,35.063544376331315,35.39067459106445,134272800
2017-05-19,35.58557047581027,35.72477386484505,35.41156358438235,35.51132583618164,107843200
2017-05-22,35.7294077451704,35.863973471889224,35.47651863090263,35.727088928222656,91865600
2017-05-23,35.93821805739705,35.93821805739705,35.569324336589276,35.68301010131836,79675600
2017-05-24,35.69228325002992,35.768846686765585,35.420832996246155,35.57627868652344,76712000
2017-05-25,35.66675288101401,35.81060090988415,35.50434724213878,35.69923400878906,76942400
2017-05-26,35.72941089114566,35.785094364401445,35.56932400319178,35.6389274597168,87710400
2017-05-30,35.59484119138891,35.82916914409434,35.5739612188087,35.6528434753418,80507600
2017-05-31,35.722459394582664,35.76886052990759,35.35356558950685,35.44172668457031,97804800
2017-06-01,35.536842864976805,35.57396518048359,35.31643486944589,35.539161682128906,65616400
2017-06-02,35.631966612345444,36.06582260131836,35.47187972823621,36.06582260131836,111082800
2017-06-05,35.80829753012786,35.83381868263159,35.604131850277305,35.713172912597656,101326800
2017-06-06,35.70620697236029,36.1493453010279,35.67836700705885,35.83381271362305,106499600
2017-06-07,35.96607062483511,36.18879749569685,35.84078366231808,36.047271728515625,84278400
2017-06-08,36.01941227722577,36.08669335761769,35.822203128879956,35.95909118652344,85003200
2017-06-09,36.00550639611998,36.00550639611998,33.87798257029216,34.564727783203125,259530800
2017-06-12,33.813010334042374,33.89421140172117,33.06361832949146,33.738765716552734,289229200
2017-06-13,34.14247031488895,34.20975141652605,33.67612961736451,34.010223388671875,136661600
2017-06-14,34.221356015522005,34.221356015522005,33.372201518307364,33.6784553527832,126124800
2017-06-15,33.251551226267416,33.52067913475004,32.99402094249624,33.47659683227539,128661600
2017-06-16,33.358286301332036,33.52533322761829,32.991711298658295,33.00795364379883,201444400
2017-06-19,33.330438043573054,34.04502670838691,33.330438043573054,33.95222091674805,130165600
2017-06-20,34.075179545849174,34.075179545849174,33.62740362744633,33.64364242553711,99600400
2017-06-21,33.761972901353,33.88957864340851,33.55084372269558,33.84317398071289,85063200
2017-06-22,33.819979618154086,34.03574645919202,33.669171525002966,33.787498474121094,76425200
2017-06-23,33.671473033600236,34.142451100544626,33.666831861560944,33.93828201293945,141757600
2017-06-26,34.14478754190472,34.40231785027864,33.72949270452707,33.83157730102539,102769600
2017-06-27,33.643643468366285,33.91045609832989,33.321150911590316,33.34667205810547,99047600
2017-06-28,33.52299386950965,33.898847453269674,33.214421362527546,33.833885192871094,88329600
2017-06-29,33.57404423508429,33.67148764914415,33.010260183521176,33.3350715637207,125997600
2017-06-30,33.513714088391175,33.63204099616929,33.358268414814425,33.4139518737793,92096400
2017-07-03,33.61348197207128,33.710925376297865,33.20050602741556,33.29330825805664,57111200
2017-07-05,33.337392618356084,33.592600538490956,33.11234347794667,33.43019485473633,86278400
2017-07-06,33.181946800684734,33.29331019195842,33.040421089620494,33.114662170410156,96515200
2017-07-07,33.15411643051047,33.583334907577324,33.15411643051047,33.451087951660156,76806800
2017-07-10,33.43483496042663,33.86173089842264,33.263146934412056,33.655242919921875,84362400
2017-07-11,33.57868183594897,33.83853448003167,33.49748076106818,33.76428985595703,79127200
2017-07-12,33.84317376647763,33.91509603695035,33.59956698976132,33.81301498413086,99538000
2017-07-13,33.75732725439386,34.451035803707775,33.74340727350098,34.28398895263672,100797600
2017-07-14,34.33039583744347,34.645928438020356,34.18191011600604,34.578643798828125,80528400
2017-07-17,34.527606707527475,35.01018267036603,34.46960441447506,34.69929122924805,95174000
2017-07-18,34.61576565314673,34.831536010902305,34.49280108266514,34.8199348449707,71475200
2017-07-19,34.91273417035607,35.13082332697542,34.7897696101649,35.038021087646484,83692000
2017-07-20,35.149395819331225,35.20507930499484,34.845464316299086,34.88026428222656,68974800
2017-07-21,34.799051397356024,34.90345479996306,34.541521116163516,34.864013671875,105010400
2017-07-24,34.93593760584311,35.36747475871802,34.77816954577707,35.28627014160156,85972800
2017-07-25,35.218987415187335,35.692284493098995,35.218987415187335,35.437076568603516,75415600
2017-07-26,35.578604828269064,35.71316702089403,35.51132019177788,35.6041259765625,63124000
2017-07-27,35.671407062358746,35.72709053321311,34.17494874241261,34.931297302246094,129905200
2017-07-28,34.775847185583764,34.85472943749042,34.61344150807646,34.68536376953125,68854800
2017-07-31,34.77816410050082,34.87792985848564,34.367510525584244,34.5067138671875,79383600
2017-08-01,34.59256504206811,34.85241415241093,34.43247816509669,34.81297302246094,141474400
2017-08-02,36.954411813041766,37.06345638107044,36.23054450202435,36.45791244506836,279747200
2017-08-03,36.43703863608513,36.474160950665876,35.966060332900575,36.093666076660156,108389200
2017-08-04,36.209671567836246,36.51824063755716,36.12150695352806,36.283912658691406,82239600
2017-08-07,36.439355248149226,36.87089239354546,36.34887182444575,36.84537124633789,87481200
2017-08-08,36.79665353312838,37.54604211525849,36.720090086877995,37.1400260925293,144823600
2017-08-09,36.9497649953883,37.416105514287985,36.91496504928129,37.36738204956055,104526000
2017-08-10,37.243945192944345,37.267238638725885,36.01645807921951,36.17717361450195,163217200
2017-08-11,36.47532276168161,36.93417606669716,36.351875279020774,36.68029022216797,105028400
2017-08-14,37.10885236838199,37.316151228789415,36.97608613268702,37.2322998046875,88490800
2017-08-15,37.420962268073296,37.779657832245334,37.29984276218854,37.63990783691406,117862000
2017-08-16,37.71911011424637,37.85187282362059,37.302180829366435,37.48851776123047,110686400
2017-08-17,37.38835216535511,37.43260757279651,36.764124170110456,36.76878356933594,111762400
2017-08-18,36.768795595916046,37.150784713502915,36.5032666184969,36.68494415283203,109712400
2017-08-21,36.68493880130041,36.775777555216585,36.128259554669306,36.617393493652344,105474000
2017-08-22,36.854957371464366,37.26722706602458,36.80604612622486,37.21598434448242,86418400
2017-08-23,37.050622350639216,37.37670924800208,37.00636693869412,37.262577056884766,77596400
2017-08-24,37.36738319710516,37.43959143915482,36.92949567049138,37.097198486328125,79275600
2017-08-25,37.18570814999838,37.39766638293493,37.09720089162589,37.234622955322266,101920400
2017-08-28,37.29984246277203,37.733074197574055,37.250927654646475,37.60962677001953,103864000
2017-08-29,37.29052877524253,37.99394528318715,37.26723533152812,37.94503402709961,118067600
2017-08-30,38.15233307291767,38.17329503991752,37.87515744009567,38.04751968383789,109078400
2017-08-31,38.11506596467956,38.32003690260881,38.07779787522322,38.198917388916016,107140400
2017-09-01,38.385249996452664,38.41785868256609,38.112733786630436,38.2105598449707,66364400
2017-09-05,38.14069688008228,38.25715702322757,37.39768059816229,37.7517204284668,117874000
2017-09-06,37.898453140961124,37.963670522676125,37.38835725576962,37.71211624145508,86606800
2017-09-07,37.75403893758368,37.78897910426357,37.35108793792291,37.56071472167969,87714000
2017-09-08,37.46755033610366,37.53509564260675,36.92484574480057,36.94813919067383,114446000
2017-09-11,37.38369128578587,37.744718298738775,37.24160982471719,37.61661148071289,126323200
2017-09-12,37.87515877319203,38.18960250557941,36.98074594224573,37.46754837036133,286856000
2017-09-13,37.23696891843019,37.25793444748649,36.78044709993865,37.185726165771484,179629600
2017-09-14,37.03199406138133,37.12748866854169,36.82236369128421,36.86661911010742,95042800
2017-09-15,36.91086616450887,37.493166692687424,36.80139338088487,37.23928451538086,196458400
2017-09-18,37.292856552023125,37.383695295624975,36.80139474584889,36.95745086669922,113077600
2017-09-19,37.15310158306575,37.21366311254684,36.90387880537779,36.9714241027832,83242400
2017-09-20,36.77810477619086,36.861956205442226,35.83012123973316,36.351863861083984,211805600
2017-09-21,36.28897304494731,36.28897304494731,35.578565622840415,35.72763442993164,150046800
2017-09-22,35.296719016121365,35.46675328961148,35.06845825748036,35.37824249267578,186581600
2017-09-25,34.935712069931256,35.36428450753414,34.7423878221462,35.06614685058594,177549200
2017-09-26,35.352627647527754,35.85107673302411,35.33166568252132,35.66939926147461,146640000
2017-09-27,35.82313244404268,36.03741863130181,35.76257090902376,35.92328643798828,102016800
2017-09-28,35.84409641492313,35.93493516844684,35.56692075430234,35.7020149230957,88022000
2017-09-29,35.68571600201449,35.90000222315323,35.40388091253344,35.89767074584961,105199200
2017-10-02,35.93027956667778,35.97453498662579,35.571583914714,35.82546615600586,74795200
2017-10-03,35.87204879737292,36.12360311051281,35.84875890327996,35.98152160644531,64921200
2017-10-04,35.78354017706002,35.837110840962715,35.51102390318841,35.748600006103516,80655200
2017-10-05,35.911634993358895,36.20511672212214,35.881357783911426,36.1934700012207,85135200
2017-10-06,36.09565556603391,36.21677510506576,36.000157399603395,36.17251968383789,69630400
2017-10-09,36.29130674360093,36.505592965768344,36.21677410523374,36.29829406738281,65051600
2017-10-10,36.34952776101765,36.80139354150929,36.12592634750615,36.312259674072266,62468000
2017-10-11,36.328582241859074,36.56383048330453,36.27733948763024,36.46367645263672,67622400
2017-10-12,36.41707953274286,36.65465560938733,36.27266657277076,36.33555603027344,64500400
2017-10-13,36.50558912676728,36.63369597276531,36.43105649623809,36.5661506652832,65576800
2017-10-16,36.77809993812558,37.267233803427715,36.719869885307716,37.23928451538086,96486000
2017-10-17,37.215989661342135,37.46987182902115,37.08788283918476,37.376705169677734,75989200
2017-10-18,37.36505860103378,37.43260745030128,37.17406588237725,37.21133041381836,65496800
2017-10-19,36.51025169959222,36.587115813870575,36.10730063450979,36.330902099609375,170336800
2017-10-20,36.47764645930194,36.743175445556645,36.32624969367869,36.393795013427734,95896400
2017-10-23,36.54286310559142,36.72920004305189,36.21910405396044,36.375160217285156,87937200
2017-10-24,36.403101797207604,36.666302798854936,36.38213982913323,36.59177017211914,71028800
2017-10-25,36.54750179317839,36.69657054784606,36.165512887212536,36.4310417175293,84828400
2017-10-26,36.62205489253367,36.761808483170924,36.517241476596446,36.66398239135742,68002000
2017-10-27,37.10185976956351,38.1057488893798,36.96443769463346,37.97764205932617,177816800
2017-10-30,38.173286361826044,39.146894516535305,38.133690359578786,38.83245086669922,178803200
2017-10-31,39.10730812671052,39.51491855976353,38.883706679435335,39.37283706665039,144187200
2017-11-01,39.566160191268466,39.582466314093104,38.57392124433074,38.8720588684082,134551200
2017-11-02,38.80450743887397,39.2470544051936,38.497051063391076,39.15621566772461,165573600
2017-11-03,40.528121815557064,40.588679798570986,39.85731038613164,40.178741455078125,237594400
2017-11-06,40.14845455042654,40.75870790356975,39.9970578389901,40.58634567260742,140105200
2017-11-07,40.50716243754375,40.819274726553346,40.43495772707984,40.71678924560547,97446000
2017-11-08,40.68185130490328,41.04986572265625,40.60498719669403,41.04986572265625,97638000
2017-11-09,40.7866538797509,41.01724614317385,40.32780082937432,40.96600341796875,117930400
2017-11-10,40.93328296542886,40.99639849993857,40.736927487906414,40.83042907714844,100582000
2017-11-13,40.55694272704739,40.790700322015965,40.5335655408074,40.66680908203125,67928400
2017-11-14,40.449408180641015,40.55226208172439,40.01461895951602,40.05202102661133,99130000
2017-11-15,39.73177533088447,39.8135919089244,39.36010164246712,39.52373123168945,116632400
2017-11-16,40.014611922630635,40.17590518761419,39.80890772349603,39.995914459228516,94550000
2017-11-17,39.98188974925974,40.063706318434406,39.654630606275354,39.77384567260742,87598000
2017-11-20,39.80657224212664,39.869687780332924,39.635930226680074,39.734107971191406,65049600
2017-11-21,39.921110410671325,40.60368196550586,39.921110410671325,40.4727783203125,100525200
2017-11-22,40.524210357777335,40.907572609846746,40.451746085565624,40.898223876953125,102355600
2017-11-24,40.93095191185509,41.024453513062106,40.82575815192538,40.90056228637695,56106800
2017-11-27,40.9192789171522,40.92629136157278,40.51955175088505,40.69486999511719,82867200
2017-11-28,40.7439455280813,40.877185489404816,40.173576481492574,40.456424713134766,105715200
2017-11-29,40.353564015160494,40.42135213023279,39.074910025823634,39.617225646972656,166665600
2017-11-30,39.839306639255796,40.23903371052628,39.37413129123352,40.17124557495117,166108800
2017-12-01,39.72710667768056,40.12917006813431,39.38815884314384,39.9842414855957,159037200
2017-12-04,40.31849649404904,40.35122240453448,39.652289694840306,39.6920280456543,130169600
2017-12-05,39.519056556395874,40.094101782104794,39.36477569500352,39.65463638305664,109400800
2017-12-06,39.15439352879619,39.785538263351555,38.911287221974995,39.50736618041992,114240000
2017-12-07,39.51203467441735,39.841633644959046,39.48398491245016,39.57982635498047,102693200
2017-12-08,39.853333145307786,39.97254823316245,39.46295839467937,39.591522216796875,93420800
2017-12-11,39.55177980714525,40.41434580408775,39.455938348183324,40.362918853759766,141095200
2017-12-12,40.241367263998576,40.29747036907101,40.08007752477358,40.13617706298828,77636800
2017-12-13,40.323172410848755,40.566278663503006,40.2062936502376,40.2694091796875,95273600
2017-12-14,40.29979558936755,40.470441149509966,40.124477446896066,40.257720947265625,81906000
2017-12-15,40.587332355787815,40.713559887653396,40.31383639769752,40.66680908203125,160677200
2017-12-18,40.87952449840411,41.42184019960957,40.874848348339455,41.23950958251953,117684400
2017-12-19,40.914579856867505,40.99873270965546,40.694847209762465,40.8000373840332,109745600
2017-12-20,40.8771703734716,41.00573770394797,40.498484388119515,40.755619049072266,93902400
2017-12-21,40.713552805108094,41.146005707313414,40.69719163107256,40.909908294677734,83799600
2017-12-22,40.83276787373455,41.00574974798811,40.79069322605128,40.909908294677734,65397600
2017-12-26,39.92579541025149,40.08241256095756,39.66398449497271,39.872032165527344,132742000
2017-12-27,39.76216479201962,39.921118230359454,39.67099948077001,39.87904357910156,85992800
2017-12-28,39.97254804917525,40.171243428209586,39.850993103171035,39.991249084472656,65920800
2017-12-29,39.86033752972982,39.87669870309674,39.55645200818158,39.55878829956055,103999600
2018-01-02,39.77617832995853,40.27641925330551,39.56579443310673,40.267066955566406,102223600
2018-01-03,40.33019115208112,40.80238241744237,40.19695119893329,40.26006317138672,118071600
2018-01-04,40.33253619262437,40.549932623249475,40.22500969017766,40.447078704833984,89738400
2018-01-05,40.542916251500806,40.994066679999236,40.451750935713896,40.90757751464844,94640000
2018-01-08,40.755619049072266,41.050152196917644,40.65743776626764,40.755619049072266,82271200
2018-01-09,40.80238443961448,40.921599515903196,40.53590095325459,40.75095748901367,86336000
2018-01-10,40.47746781204214,40.74395133955629,40.44006573912767,40.74161148071289,95839600
2018-01-11,40.81172918317203,41.02211311511454,40.7883555686387,40.9730224609375,74670800
2018-01-12,41.18340935111223,41.459245154422774,41.0595181171993,41.3961296081543,101672400
2018-01-16,41.58547252280897,41.933772604993706,41.17406046145214,41.18574905395508,118263600
2018-01-17,41.17640562887445,41.901055717964766,40.923950524053495,41.86599349975586,137547200
2018-01-18,41.92908718934309,42.09973275509077,41.667279896046836,41.90337371826172,124773600
2018-01-19,41.75143564894141,41.97818075507873,41.47092730566695,41.716373443603516,129700400
2018-01-22,41.44521953992409,41.55742217931307,41.28158994771982,41.375091552734375,108434400
2018-01-23,41.44522063076343,41.9454617211586,41.33301798842127,41.38444137573242,130756400
2018-01-24,41.433527740131495,41.44521633156787,40.48680890350173,40.725242614746094,204420400
2018-01-25,40.793030969529916,40.89588486778186,39.862676869004524,39.99825668334961,166116000
2018-01-26,40.206305044653156,40.206305044653156,39.75281475426623,40.09176254272461,156572000
2018-01-29,39.7761868421077,39.7761868421077,39.05387684544463,39.26192092895508,202561600
2018-01-30,38.693894624711604,39.124007745796824,38.499875391787135,39.0305061340332,184192800
2018-01-31,39.007123526143936,39.374124613366014,38.92063436894064,39.13802719116211,129915600
2018-02-01,39.07725255770871,39.41620032091382,38.98141109794126,39.219844818115234,188923200
2018-02-02,38.80375590576933,38.990762671698725,37.42458769489759,37.518089294433594,346375200
2018-02-05,37.19082244248908,38.30818309023463,36.466172711856956,36.58071517944336,290954000
2018-02-06,36.19268205071455,38.27078653650845,35.99866285535439,38.109493255615234,272975200
2018-02-07,38.12352220639921,38.195986484247946,37.18381931919892,37.29368209838867,206434400
2018-02-08,37.46899249081761,37.63496190465887,36.2394291809823,36.267478942871094,217562000
2018-02-09,36.86599613070262,37.0584569628266,35.262922282513344,36.71108627319336,282690400
2018-02-12,37.201636376347686,38.4667265805271,36.96927155384121,38.18976974487305,243278000
2018-02-13,38.01138368785197,38.66857413140311,37.94096978650724,38.57234191894531,130196800
2018-02-14,38.26720363607734,39.3234010321367,38.22965267274699,39.28350067138672,162579600
2018-02-15,39.85151934431027,40.62606519891659,39.666099508224036,40.602596282958984,204588800
2018-02-16,40.454725377080166,41.032115117639805,40.31624696133215,40.471153259277344,160704400
2018-02-20,40.38197101922367,40.900679588295006,40.234102152798535,40.33502960205078,135722000
2018-02-21,40.56503256469426,40.86780765643654,40.13785756271119,40.15194320678711,149886400
2018-02-22,40.32329783542082,40.82792439358309,40.302174732554704,40.48759460449219,123967600
2018-02-23,40.76219436119442,41.22692040214116,40.73168083348682,41.191715240478516,135249600
2018-02-26,41.39122004619365,42.10473876856565,41.358360702033096,42.006160736083984,152648800
2018-02-27,42.03667174392078,42.360569950834076,41.81604319718002,41.870025634765625,155712400
2018-02-28,42.074225856264114,42.39343245337469,41.79022800216865,41.80665588378906,151128400
2018-03-01,41.9052339409774,42.19627640895745,40.52513788389774,41.07435989379883,195208000
2018-03-02,40.55799620973738,41.37948338697755,40.47584605945342,41.358360290527344,153816000
2018-03-05,41.12364926720145,41.71746684872899,40.961698366530335,41.50153350830078,113605600
2018-03-06,41.75737398689694,41.83717475100933,41.33958930254335,41.466331481933594,95154000
2018-03-07,41.06027491477236,41.273862430596104,40.903019234965775,41.081398010253906,126814000
2018-03-08,41.18701833932262,41.57194361047891,41.09078970758341,41.52969741821289,95096400
2018-03-09,41.76910458230956,42.2479126835741,41.63531780640628,42.24321746826172,128740800
2018-03-12,42.31596951674786,42.808863174580104,42.29719582170219,42.651607513427734,128828400
2018-03-13,42.85580825010609,43.06939575890961,42.069529876916704,42.240867614746094,126774000
2018-03-14,42.3230244232332,42.369965835063375,41.73389842335402,41.88176727294922,117473600
2018-03-15,41.89584418772932,42.30424194138419,41.79492034377192,41.93104934692383,90975200
2018-03-16,41.93105312956666,42.04136741352731,41.689301464223135,41.78318786621094,157618800
2018-03-19,41.618895738906545,41.654100905167574,40.75985386813316,41.144779205322266,133787200
2018-03-20,41.13069152832031,41.49683953309172,41.06027762400275,41.13069152832031,78597600
2018-03-21,41.08375888035603,41.09549513150145,40.19655273105725,40.19890213012695,148219600
2018-03-22,39.90079799352127,40.529820619288714,39.57220461907548,39.630882263183594,165963200
2018-03-23,39.5229238913069,39.88203087822492,38.713172912597656,38.713172912597656,164115200
2018-03-26,39.44782118743007,40.62841548606614,39.065241676811105,40.550960540771484,150164800
2018-03-27,40.76453853670361,41.10956343270425,39.17789604359712,39.51118469238281,163690400
2018-03-28,39.25535895321478,39.905508501898744,38.771855553481785,39.07463073730469,166674000
2018-03-29,39.386782699739925,40.31154297775571,39.17319520783287,39.37974166870117,153594000
2018-04-02,39.11218373669499,39.65201896404017,38.60286204080597,39.1215705871582,150347200
2018-04-03,39.34688954482369,39.60741848522696,38.69908950068041,39.52292251586914,121112000
2018-04-04,38.69908884100521,40.372573155198666,38.673270529102645,40.278690338134766,138422000
2018-04-05,40.506362030743446,40.89363314796675,40.38900671262728,40.55799865722656,107732800
2018-04-06,40.12846839403067,40.482880082690045,39.47831908067078,39.52056884765625,140021200
2018-04-09,39.87264006137012,40.62605912311723,39.865599029495826,39.912540435791016,116070800
2018-04-10,40.60493471440127,40.839645319686824,40.259909838119526,40.663612365722656,113634400
2018-04-11,40.42420849279554,40.82087000785947,40.29981215251393,40.4734992980957,89726400
2018-04-12,40.70117124541933,41.07436028792793,40.61432587688714,40.87250900268555,91557200
2018-04-13,41.02272639139374,41.27151910294791,40.80444720984534,41.010990142822266,100497200
2018-04-16,41.08139942006313,41.353664598056646,41.0344580124711,41.266822814941406,86313600
2018-04-17,41.42407623230813,41.99911650197846,41.40529895401935,41.83481979370117,106421600
2018-04-18,41.733887619020656,41.9709475967017,41.515608498889755,41.740928649902344,83018000
2018-04-19,40.78331886242555,41.16589834553228,40.525139311410044,40.55799865722656,139235200
2018-04-20,40.04163301530664,40.1871524529709,38.82817596401007,38.896244049072266,261964400
2018-04-23,39.15677747678798,39.177900575378345,38.51366901785712,38.78358840942383,146062000
2018-04-24,38.88451831529907,39.039428225186825,37.84005649511789,38.24375915527344,134768000
2018-04-25,38.16863731070807,38.82582771877816,38.11935008940759,38.4103889465332,113528400
2018-04-26,38.52071313940064,38.89859745277348,38.344680140899015,38.544185638427734,111852000
2018-04-27,38.49253285734537,38.56998777396035,37.70155939528785,38.09822082519531,142623200
2018-04-30,38.05363485006051,39.257697923260864,37.98556676309641,38.78827667236328,169709600
2018-05-01,39.05820292848709,39.71304411315623,38.79063291154478,39.6895751953125,214277600
2018-05-02,41.128348454227634,41.71982032748539,40.79271392537692,41.44286346435547,266157600
2018-05-03,41.28090316830111,41.66113320985868,40.94291931740563,41.51795959472656,136272800
2018-05-04,41.83716129232139,43.24542478603207,41.81838401597067,43.146846771240234,224805200
2018-05-07,43.463710341007975,44.04814106669595,43.36278649476054,43.45901870727539,169805600
2018-05-08,43.41911505261652,43.70780808695571,43.10929534247727,43.66790771484375,113611200
2018-05-09,43.78526492315641,43.98476679241279,43.473099382720285,43.975379943847656,92844800
2018-05-10,44.0645728909975,44.68185938348441,44.043446213428126,44.60440444946289,111957200
2018-05-11,44.64682115330001,44.7811202353957,44.16616310265883,44.43476486206055,104848800
2018-05-14,44.53371481746541,44.656235967916004,44.262758245240285,44.331085205078125,83115200
2018-05-15,44.008296792998124,44.076627354090526,43.612464172969005,43.92818832397461,94780800
2018-05-16,43.841004468520254,44.40412571212167,43.824509647791004,44.33815002441406,76732400
2018-05-17,44.29573644198409,44.51014751846301,43.90932697002195,44.05776596069336,69176000
2018-05-18,44.10490308433846,44.25098366663279,43.85515101968935,43.897560119628906,73190800
2018-05-21,44.295752863411764,44.59498581760541,44.03893260593715,44.20857620239258,73603200
2018-05-22,44.385279304995024,44.50308713532342,44.00829280986027,44.09782791137695,60962800
2018-05-23,43.90697946331335,44.41355169174006,43.76796349223717,44.38056564331055,80233600
2018-05-24,44.47716935972642,44.493660586497064,43.87399384244604,44.331085205078125,92936000
2018-05-25,44.34994044932966,44.6845142986647,44.21328291731223,44.43240737915039,69844000
2018-05-29,44.201500640550265,44.472457219965484,44.02949861480413,44.27218246459961,90056400
2018-05-30,44.2297722871285,44.29574438476563,44.00829298997112,44.17793655395508,74762000
2018-05-31,44.1119774419747,44.34994803599016,43.857512021089384,44.029510498046875,109931200
2018-06-01,44.293393009412675,44.82823801484715,44.23684395189632,44.82352828979492,93770000
2018-06-04,45.15338689688778,45.57278250226014,45.0850599344167,45.19815444946289,105064800
2018-06-05,45.49031809732934,45.69530257509716,45.323029393544196,45.5468635559082,86264000
2018-06-06,45.622267652366574,45.72829399486384,45.219363236624766,45.70473098754883,83734400
2018-06-07,45.74242747573462,45.756563841147845,45.3183185372882,45.582210540771484,85388800
2018-06-08,45.04264641511956,45.238207849226285,44.71278592096952,45.16752243041992,106627200
2018-06-11,45.08506190990398,45.231142481373176,44.81646017789385,45.056785583496094,73234000
2018-06-12,45.09448993960545,45.38194138925669,45.03794087574918,45.3041877746582,67644400
2018-06-13,45.33717074386563,45.44555554341027,44.870652683238966,44.93191146850586,86553600
2018-06-14,45.13218279322,45.13689611332946,44.818813517322575,44.95547103881836,86440400
2018-06-15,44.7740470200036,44.8046782086226,44.357006263123864,44.4936637878418,246876800
2018-06-18,44.26747838860552,44.58320256034685,44.10725784482574,44.47010803222656,73939600
2018-06-19,43.62188694452313,43.90227017955534,43.223695869239414,43.7514762878418,134314000
2018-06-20,43.90699230036049,44.10726351180362,43.76090810442532,43.94233322143555,82514800
2018-06-21,44.11903132362873,44.37820998177126,43.574759736739,43.69728088378906,102847600
2018-06-22,43.852795049886204,43.8598632336105,43.51822117116477,43.5700569152832,108801600
2018-06-25,43.21192549562606,43.57006242888947,42.582831898081864,42.922119140625,126652400
2018-06-26,43.11530634927581,43.94938411540659,43.00927643734278,43.45458984375,98276800
2018-06-27,43.643090484345954,44.12610333725696,43.36035239331826,43.39098358154297,101141200
2018-06-28,43.37685028509541,43.87399953844859,43.30616485853516,43.70671081542969,69460800
2018-06-29,43.892854866130506,44.104911190433064,43.0964761052573,43.614830017089844,90950800
2018-07-02,43.31086637604602,44.13080775314985,43.21661796791336,44.10253143310547,70925200
2018-07-03,44.24627381087891,44.28397318836197,43.24490701595224,43.334442138671875,55819200
2018-07-05,43.65016137767174,43.92112157794117,43.41925900843449,43.68314743041992,66416800
2018-07-06,43.68786030860455,44.39706223311594,43.636024569780716,44.28868103027344,69940800
2018-07-09,44.649171565377365,44.92719634335544,44.6020491482026,44.90363693237305,79026400
2018-07-10,44.93427859588051,45.06857769589515,44.809398948202585,44.849456787109375,63756400
2018-07-11,44.41355569937035,44.715143482285086,44.203857887887295,44.26747512817383,75326000
2018-07-12,44.65624668107368,45.09920538074771,44.604410935570954,45.00967025756836,72164400
2018-07-13,45.02143742844953,45.20050402258601,44.979024743264155,45.08034133911133,50055600
2018-07-16,45.125113793493355,45.39135705389442,44.8659351203138,44.981388092041016,60172400
2018-07-17,44.708073766542675,45.207577840766284,44.57848442788754,45.108619689941406,62138000
2018-07-18,45.18636055558849,45.1910738743591,44.75047024713303,44.861209869384766,65573600
2018-07-19,44.69392781889089,45.36778864020919,44.69392781889089,45.20992660522461,81147200
2018-07-20,45.18637831095939,45.33952707669777,44.80703689306761,45.10626983642578,82704800
2018-07-23,44.927203484664524,45.22879491198378,44.66331503037205,45.14632797241211,63957600
2018-07-24,45.344238015820956,45.62933457754806,45.24999317957946,45.47382736206055,74791600
2018-07-25,45.48796680446535,45.909720923914165,45.339527761896065,45.902652740478516,66839600
2018-07-26,45.85319416824973,46.17127695843873,45.617578351876254,45.758949279785156,76304000
2018-07-27,45.942700152902404,45.98982256720947,44.790539686327264,44.99787902832031,96096000
2018-07-30,45.21465005836353,45.2853354853208,44.547860810814726,44.74577713012695,84118000
2018-07-31,44.83765890299014,45.271190836033,44.61146629715371,44.83530044555664,157492000
2018-08-01,46.91815445381714,47.5378212863695,46.48933216360012,47.4765625,271742800
2018-08-02,47.259803022542634,49.097606414885774,47.205612411911986,48.86434555053711,249616000
2018-08-03,48.7795141514494,49.182418547865296,48.41430912684515,49.005706787109375,133789600
2018-08-06,49.00807087516418,49.30259053186589,48.78894997627922,49.26018142700195,101701600
2018-08-07,49.31908266786328,49.361491770413686,48.71590342386616,48.798370361328125,102349600
2018-08-08,48.548610329531655,48.9632926213491,48.18811863605624,48.83134841918945,90102000
2018-08-09,49.36856091792828,49.427464847205165,48.81957586564242,49.21541213989258,93970400
2018-08-10,49.02860717781089,49.44001750555235,48.8654616408131,49.06880187988281,98444800
2018-08-13,49.48966660204789,49.87743127630117,49.108994898045374,49.3856315612793,103563600
2018-08-14,49.690653943503335,49.78522930486312,49.2414119574974,49.593711853027344,82992000
2018-08-15,49.46839617036378,49.82778902521528,49.25796293194664,49.70956802368164,115230400
2018-08-16,50.06658953343815,50.553659437598704,50.00038606730865,50.43780517578125,114001600
2018-08-17,50.4661720946504,51.53252402645565,50.399968635033375,51.44504165649414,141708000
2018-08-20,51.56800870100237,51.823362921071144,50.861045725428916,50.94380187988281,121150800
2018-08-21,51.26062646675485,51.35283870270329,50.60568111471057,50.844486236572266,104639200
2018-08-22,50.622235974791955,51.15659362058982,50.5607587429564,50.84685516357422,76072400
2018-08-23,50.752260359491814,51.31972317326829,50.74044114888997,50.95087432861328,75532800
2018-08-24,51.2133452207593,51.284274943614335,50.861045296696645,51.109310150146484,73905600
2018-08-27,51.34337923890554,51.719324763645,51.1494986735286,51.53017044067383,82100400
2018-08-28,51.7831663768743,52.14492238496493,51.761887460591076,51.946311950683594,91107200
2018-08-29,52.0527085641898,52.8424276423776,51.8777437807323,52.721839904785156,109019200
2018-08-30,52.78568406644188,53.9702573574271,52.58470689450583,53.20655059814453,195175200
2018-08-31,53.55647918343615,54.11448247965439,53.43589505535609,53.82129669189453,173360400
2018-09-04,54.00572312173843,54.18778088108534,53.58485661111945,53.993900299072266,109560400
2018-09-05,54.14285341285009,54.30363223674393,53.22309420206611,53.64159393310547,133332000
2018-09-06,53.490282393938976,53.75509993549646,52.324624853348354,52.750221252441406,137160000
2018-09-07,52.45465930046942,53.2869325453365,52.18511556397365,52.324615478515625,150479200
2018-09-10,52.2418677340193,52.45466773356044,51.18260841073498,51.62239074707031,158066000
2018-09-11,51.54671589005231,53.033937997206316,51.203875733106486,52.92753982543945,142996000
2018-09-12,53.18526639470711,53.19945233807959,51.97941069858313,52.27023696899414,197114800
2018-09-13,52.8495121102655,53.991527300779616,52.62489295197468,53.53282928466797,166825600
2018-09-14,53.376787478992235,53.63450842198434,52.61308074363496,52.9251823425293,127997200
2018-09-17,52.525592202926,52.71474653653947,51.37175762273958,51.515987396240234,148780400
2018-09-18,51.494699140442705,52.454656645298286,51.33628344092451,51.60110092163086,126286800
2018-09-19,51.66257836751287,51.92739226002057,50.90596466904896,51.631839752197266,108495200
2018-09-20,52.07398836223533,52.55632846390417,51.81626383542605,52.02433395385742,106435200
2018-09-21,52.20166425202721,52.3388010443892,51.376480376679865,51.463966369628906,384986800
2018-09-24,51.265350143429465,52.3151494694153,51.22042559146119,52.20402145385742,110773600
2018-09-25,51.95812282593677,52.68400140445,51.9463000058917,52.53504180908203,98217600
2018-09-26,52.25367960280906,52.90389507297976,51.960490237444716,52.11654281616211,95938800
2018-09-27,52.92044888482368,53.53992575525717,52.8542418072406,53.187625885009766,120724800
2018-09-28,53.149793573596064,53.39805838572912,52.96773583814115,53.37441635131836,91717600
2018-10-01,53.89696364312672,54.24453373923677,53.51865853436576,53.73381805419922,94403200
2018-10-02,53.731456333562136,54.38167197676256,53.58486341577916,54.21143341064453,99152800
2018-10-03,54.39349883270777,55.202130277796414,54.32965846372666,54.87111282348633,114619200
2018-10-04,54.566089500033,54.93730520599613,53.60849859022037,53.90641784667969,128168000
2018-10-05,53.899331189879966,54.00572939058797,52.15438771011894,53.031585693359375,134322000
2018-10-08,52.53978898349141,53.15217302088543,52.0645381588214,52.90863800048828,118655600
2018-10-09,52.87788730397269,53.736172895235825,52.549233077184034,53.64159393310547,107564000
2018-10-10,53.308221027600226,53.5186542874467,51.0833006862872,51.15659713745117,167962400
2018-10-11,50.721543060089694,51.89902330763163,50.201371338479035,50.70499038696289,212497600
2018-10-12,52.11654480060176,52.69819370350563,51.27008201426514,52.51613235473633,161351600
2018-10-15,52.29151237472821,52.449928078120834,51.37175316034392,51.39303207397461,123164000
2018-10-16,51.76425673692637,52.72421449906567,51.25117791678364,52.52560043334961,116736000
2018-10-17,52.56105763845365,52.64144705306185,51.86118772679396,52.298606872558594,91541600
2018-10-18,51.51126635289086,51.9557785717102,50.362157818907235,51.07621383666992,130325200
2018-10-19,51.558542953192145,52.31515664645652,51.40958333577089,51.854095458984375,132314800
2018-10-22,51.9675848788607,52.811684539021144,51.76661134631194,52.17092514038086,115168400
2018-10-23,51.0312752497084,52.785674386526175,50.76409464590403,52.662723541259766,155071200
2018-10-24,52.63199362779541,53.017391656334006,50.726267969157426,50.8563117980957,163702000
2018-10-25,51.47580005736859,52.34354194395916,51.24881410296684,51.96996307373047,119423200
2018-10-26,51.04783130446249,52.062169603151254,50.284124580632735,51.14241027832031,189033600
2018-10-29,51.82572439213365,51.94394539631925,48.72833263934348,50.18245315551758,183742000
2018-10-30,49.924726306779235,50.87758726765469,49.48021780499368,50.43307876586914,146640000
2018-10-31,51.27953799594369,52.123633992083754,51.218060771877376,51.7476921081543,153435600
2018-11-01,51.792616501453125,52.57523887892228,51.26298516681588,52.542137145996094,233292800
2018-11-02,49.546428313026276,50.51583847534508,48.572284692079506,49.05699157714844,365314800
2018-11-05,48.30511196562412,48.326390884436485,46.85572103174801,47.66435241699219,264654800
2018-11-06,47.74236376500268,48.40440202496884,47.68798312025159,48.17978286743164,127531600
2018-11-07,48.699960659016895,49.66700760551551,48.264908230328544,49.64099884033203,133697600
2018-11-08,49.82132566766374,49.85454290419516,49.0549542402841,49.46780014038086,101450400
2018-11-09,48.7702258096886,48.879366587122874,47.98724409420614,48.51397705078125,137463200
2018-11-12,47.21614107916425,47.417819511836335,45.979978204665024,46.07014083862305,204542000
2018-11-13,45.467478543802656,46.78430756047721,45.42476859914762,45.60983657836914,187531600
2018-11-14,46.006077416821554,46.14369273389911,44.11505882624037,44.32148361206055,243204000
2018-11-15,44.69872824786671,45.54814450930108,44.34519912826086,45.41527557373047,185915200
2018-11-16,45.19935533527785,46.2599389233287,44.9525992928305,45.91827392578125,147713200
2018-11-19,45.080727252963975,45.24681341876194,43.892020958745455,44.09844207763672,167701200
2018-11-20,42.32131712569472,43.05684633458593,41.64273330485172,41.99151611328125,271300800
2018-11-21,42.64400598376729,42.7721322184991,41.889498500776384,41.944068908691406,124496800
2018-11-23,41.50750213069516,41.901366338883015,40.833664515506804,40.87874221801758,94496000
2018-11-26,41.341405328689035,41.50986287918792,40.39708001756018,41.43156433105469,179994000
2018-11-27,40.693666190363125,41.46715900960743,40.54419042635813,41.341407775878906,165549600
2018-11-28,41.93219192550799,43.01412876378861,41.50511064186913,42.931087493896484,184250000
2018-11-29,43.33919219005899,43.37240942608668,42.16234624717858,42.60129165649414,167080000
2018-11-30,42.776860200784085,42.78635290696132,42.003371186044795,42.37113571166992,158126000
2018-12-03,43.76627212076378,43.8801592662894,42.99515437591232,43.851688385009766,163210000
2018-12-04,42.9334627157085,43.27512777330079,41.823054898940676,41.922706604003906,165377200
2018-12-06,40.752991064638586,41.469538637221746,40.43505405642255,41.45530319213867,172393600
2018-12-07,41.163450556848574,41.40071754199759,39.9320343246601,39.977115631103516,169126400
2018-12-10,39.149052745025465,40.356740836565265,38.75281731229737,40.240482330322266,248104000
2018-12-11,40.729256594178395,40.76009884419869,39.62359143727057,40.010337829589844,189126800
2018-12-12,40.43028940365676,40.79093620431171,40.10286345370511,40.12184524536133,142510800
2018-12-13,40.45165403262589,40.94516985024621,40.22862246288901,40.560794830322266,127594400
2018-12-14,40.09812024955147,40.117102042698306,39.21548678046134,39.262939453125,162814800
2018-12-17,39.25582820608512,39.943904744588174,38.61046161430654,38.89755630493164,177151600
2018-12-18,39.23921640915953,39.74933899527448,39.00432078305257,39.402931213378906,135366000
2018-12-19,39.38633159988153,39.730368109654314,37.74681536137408,38.17389678955078,196189200
2018-12-20,38.05762010916007,38.463348216247596,36.84756074809764,37.21057891845703,259092000
2018-12-21,37.21770403005254,37.52615187290748,35.50226452935719,35.76325607299805,382978400
2018-12-24,35.151107914787005,35.95781796306272,34.780971939167266,34.83791732788086,148676800
2018-12-26,35.18669870684758,37.30549139242431,34.811816392339566,37.291255950927734,234330000
2018-12-27,36.97569172966579,37.196351942081705,35.60666362348881,37.04924392700195,212468400
2018-12-28,37.3695483010569,37.61156162757762,36.66961145378511,37.06821823120117,169165600
2018-12-31,37.61394158656188,37.81087365387044,37.12754345601977,37.4265022277832,140014000
2019-01-02,36.750288975035055,37.689867977237725,36.59369187126671,37.469207763671875,148158800
2019-01-03,34.16169817620422,34.57454401761466,33.69191057763836,33.73699188232422,365248800
2019-01-04,34.29220295413125,35.24601741169735,34.11899903898665,35.177207946777344,234428400
2019-01-07,35.281600249745665,35.31244611659193,34.617251961933846,35.09890365600586,219111200
2019-01-08,35.48565702140331,36.02188283523813,35.238900899053064,35.76800537109375,164101200
2019-01-09,35.89612398881753,36.66487039683081,35.50226350768915,36.375404357910156,180396400
2019-01-10,36.18320950118543,36.53199220371461,35.79409185202172,36.49165725708008,143122800
2019-01-11,36.27338262516767,36.467939696000656,35.948324350827995,36.133392333984375,108092800
2019-01-14,35.791720467734464,35.89137215120563,35.404974184896176,35.59004211425781,129756800
2019-01-15,35.65411777539392,36.39438975385984,35.601918738921825,36.31846618652344,114843600
2019-01-16,36.32083304295525,36.98518137158213,36.30185124837653,36.762149810791016,122278800
2019-01-17,36.58656655845522,37.407511879044904,36.363535024290115,36.980430603027344,119284800
2019-01-18,37.36954213953472,37.459704733067994,37.008895385807726,37.20820236206055,135004000
2019-01-22,37.110928234724035,37.186851783715795,36.211684376745275,36.37302780151367,121576000
2019-01-23,36.57470054471934,36.80959613916495,35.99339721507011,36.5201301574707,92522400
2019-01-24,36.56521442488471,36.65300204893597,36.00289284093378,36.23066711425781,101766000
2019-01-25,36.8902641000177,37.51902368512095,36.61503719155783,37.43123245239258,134142000
2019-01-28,36.96381515140883,37.091941326997095,36.45843902887305,37.08482360839844,104768400
2019-01-29,37.072957901306765,37.519020889305224,36.565206814706706,36.70044708251953,166348800
2019-01-30,38.73383999592237,39.42191288765638,38.017292600660475,39.2083740234375,244439200
2019-01-31,39.41241649238441,40.098117890187325,39.04465196516823,39.49071502685547,162958400
2019-02-01,39.61410265633867,40.09337942283648,39.36971429863973,39.50970458984375,130672400
2019-02-04,39.72086140802062,40.72924595668123,39.690015545649196,40.63196563720703,125982000
2019-02-05,41.01397692943241,41.54070999970741,40.89297205344229,41.32716751098633,144406400
2019-02-06,41.43868450470518,41.65697335385666,41.011606755653766,41.341407775878906,112958400
2019-02-07,40.904829885716296,41.27022309791329,40.41606043860214,40.55842208862305,126966800
2019-02-08,40.26771919259328,40.665654071185585,40.13189521411374,40.606082916259766,95280000
2019-02-11,40.75857057003458,40.79669696838124,40.32965767846831,40.3725471496582,83973600
2019-02-12,40.53221952951651,40.746674255434215,40.43690349004798,40.720462799072266,89134000
2019-02-13,40.83959548318567,41.099324812062115,40.48931684716783,40.55126953125,89960800
2019-02-14,40.43927581927432,40.808613992609324,40.3606414751641,40.699005126953125,87342800
2019-02-15,40.80624378561589,40.913471144288906,40.44881683274918,40.60846710205078,98507200
2019-02-19,40.439295571023116,40.851527058825205,40.38687264934473,40.72999954223633,75891200
2019-02-20,40.791941569049854,41.29948893444707,40.74428537587072,40.99209976196289,104457600
2019-02-21,40.93728769197398,41.07310799901791,40.579860855843705,40.760955810546875,68998800
2019-02-22,40.884871894446135,41.223235588397145,40.837215701877646,41.216087341308594,75652800
2019-02-25,41.49964124582385,41.90710582108216,41.44959988672047,41.516319274902344,87493600
2019-02-26,41.39242582162674,41.7712975211783,41.26375008174526,41.5401611328125,68280800
2019-02-27,41.27326982515091,41.699797583479636,41.15889061962103,41.668819427490234,111341600
2019-02-28,41.537772157173244,41.67835919496109,41.20417154412631,41.258975982666016,112861600
2019-03-01,41.528236712468996,41.735543135571554,41.197021288508566,41.69265365600586,103544800
2019-03-04,41.86422115680062,42.35508684168328,41.45437136174755,41.902347564697266,109744800
2019-03-05,41.92380078697351,41.93809728384338,41.59020010429096,41.82610321044922,78949600
2019-03-06,41.621171381521776,41.81656650222476,41.44722463850816,41.58543014526367,83241600
2019-03-07,41.43054036805001,41.56636432916655,40.98971605951243,41.10409164428711,99185600
2019-03-08,40.584644905268135,41.23992771815008,40.38924973945073,41.20180130004883,95997600
2019-03-11,41.816560802649775,42.681531325611424,41.78320110804429,42.62910842895508,128044000
2019-03-12,42.89123050226052,43.527449985065225,42.74111003200352,43.108070373535156,129870400
2019-03-13,43.42736668986569,43.677566237487994,43.11044774766869,43.2986946105957,124130000
2019-03-14,43.82053342503637,43.86819325045519,43.501232955961775,43.780025482177734,94318000
2019-03-15,44.04690664893718,44.63785139707803,43.7824106162076,44.349525451660156,156171600
2019-03-18,44.273273139252964,44.89042929325558,44.270887966592596,44.80226516723633,104879200
2019-03-19,44.880918764015625,45.03342080641028,44.301885128904274,44.44723892211914,126585600
2019-03-20,44.37574491965877,45.15255512807773,44.01831798035479,44.835636138916016,124140800
2019-03-21,45.27885239233845,46.7824280245225,45.228811013616244,46.48695373535156,204136800
2019-03-22,46.546508338197334,47.106478547794836,45.45993125023579,45.524269104003906,169630800
2019-03-25,45.63388456100003,45.74587861908732,44.46390988385612,44.973838806152344,175381200
2019-03-26,45.66962661852125,45.96033411700319,43.98257123970182,44.509178161621094,199202000
2019-03-27,44.97621570071659,45.216881824139065,44.45199033761694,44.90949630737305,119393600
2019-03-28,45.02387105568849,45.169224796190974,44.685507385455566,44.96906661987305,83121600
2019-03-29,45.23356826498443,45.29313941789581,44.92617907983829,45.26216125488281,94256000
2019-04-01,45.66485430363971,45.67438408651486,44.88804792365926,45.569541931152344,111448000
2019-04-02,45.53379608332538,46.336817529759834,45.524266300655576,46.231971740722656,91062800
2019-04-03,46.0485090099495,46.82293412913364,46.02467909036973,46.54890823364258,93087200
2019-04-04,46.41545501139502,46.791945110655476,46.02228688104425,46.629913330078125,76457200
2019-04-05,46.811001327366576,46.96588847372943,46.687092337463056,46.94205856323242,74106400
2019-04-08,46.8038588026213,47.7117225101516,46.78479559908021,47.680747985839844,103526800
2019-04-09,47.73317206117505,48.33603179875124,47.473439087978925,47.537776947021484,143072800
2019-04-10,47.34237292686506,47.833242156932975,47.22323065116516,47.80464553833008,86781200
2019-04-11,47.85946596865772,47.89520720622881,47.285199178784595,47.40672302246094,83603200
2019-04-12,47.466283877663756,47.690271947006345,46.75381536646613,47.38764953613281,111042800
2019-04-15,47.31855853470994,47.621181009035936,47.182734561059235,47.47344207763672,70146400
2019-04-16,47.52824418170382,47.983364968636586,47.3137858769923,47.47820281982422,102785600
2019-04-17,47.54729995142792,48.46231543377523,47.32569705378426,48.40274429321289,115627200
2019-04-18,48.400362590881734,48.64579541672132,48.25739402484164,48.57669448852539,96783200
2019-04-22,48.33126412020742,48.83404475360525,48.214503361460345,48.73634719848633,77758000
2019-04-23,48.71251655805477,49.50362313511346,48.58622601734535,49.43928527832031,93292000
2019-04-24,49.41070093750083,49.677578559143974,49.33683328407709,49.36304473876953,70162400
2019-04-25,49.28439996099873,49.5060028744457,48.87693173068337,48.91505813598633,74172800
2019-04-26,48.82451383821142,48.848343752952516,48.162082930875414,48.68154525756836,74596400
2019-04-29,48.70536025633508,49.07946874270756,48.576688199963,48.755401611328125,88818800
2019-04-30,48.38606647084663,48.467082355820594,47.444843102407766,47.816566467285156,186139600
2019-05-01,50.01117521030859,51.30505889994742,49.8562880319381,50.16367721557617,259309200
2019-05-02,50.00163618282265,50.671215281428715,49.594171580722325,49.83721923828125,127985200
2019-05-03,50.25183551985448,50.478205146321336,50.094566822586664,50.45676040649414,83569600
2019-05-06,48.679161066436805,49.7633567622048,48.490917825549325,49.677574157714844,129772400
2019-05-07,49.05802986425357,49.42498651293276,47.85469202351123,48.338409423828125,155054800
2019-05-08,48.109665351644786,48.92936506074803,48.07392411151205,48.34794998168945,105358000
2019-05-09,47.75223838411033,48.057242419549205,46.861056195160906,47.8284912109375,139634400
2019-05-10,47.22330340337194,47.56536448730354,46.11101450339134,47.1658935546875,164834800
2019-05-13,44.90064671970861,45.32403198718554,43.738123877782556,44.42463302612305,229722400
2019-05-14,44.58970162425282,45.37667558537332,44.35049932422456,45.127906799316406,146118800
2019-05-15,44.556202404072714,45.867029661329525,44.49640184388846,45.66849136352539,106178800
2019-05-16,45.4268958737944,46.039252991844464,45.17094773855048,45.467559814453125,132125600
2019-05-17,44.7140705245547,45.66370365738736,44.673406583972145,45.20922088623047,131516400
2019-05-20,43.89838725228515,44.09692550943149,43.123370837032205,43.795528411865234,154449200
2019-05-21,44.305046778965554,44.97002882815284,44.18066057086273,44.63514709472656,113459200
2019-05-22,44.17107963556311,44.422242678436454,43.666362841765874,43.721378326416016,118994400
2019-05-23,43.00855148223366,43.185558754487744,42.53253784346839,42.97506332397461,146118800
2019-05-24,43.10423814743245,43.56829102566304,42.72629821206873,42.810020446777344,94858800
2019-05-28,42.7980494924858,43.19751665668393,42.55645662789228,42.632999420166016,111792800
2019-05-29,42.2000441934054,42.90090841293389,42.09957972523513,42.42967987060547,113924800
2019-05-30,42.56603133944261,42.87220986761559,42.25985281126963,42.64975357055664,84873600
2019-05-31,42.15460804379681,42.575606305283934,41.8579996140433,41.87713623046875,108174400
2019-06-03,42.00390878409617,42.55885600339575,40.728960589625665,41.45374298095703,161584400
2019-06-04,41.96563871336283,43.01573632949458,41.74557310553312,42.97028732299805,123872000
2019-06-05,44.080180266448075,44.25001543111583,43.32908551905767,43.66396713256836,119093600
2019-06-06,43.793134501142,44.36482755162113,43.57067458111561,44.30502700805664,90105200
2019-06-07,44.61360655057878,45.90769148933359,44.43659923654732,45.48430252075195,122737600
2019-06-10,45.881376473575656,46.73293577866847,45.835927468539325,46.0655632019043,104883600
2019-06-11,46.61095223695524,46.88364266564571,46.30955870522477,46.59899139404297,107731600
2019-06-12,46.39326612217786,46.87645558984888,46.259313473699386,46.45067596435547,73012800
2019-06-13,46.57267065219424,47.072602406865755,46.30955040496847,46.44110870361328,86698400
2019-06-14,45.81918104965697,46.30715192007323,45.520178306772145,46.10383224487305,75046000
2019-06-17,46.14210618535647,46.63486581817367,45.96748958898146,46.3789176940918,58676400
2019-06-18,46.8955931379687,47.90980815375586,46.69466416124891,47.46967697143555,106204000
2019-06-19,47.76389181421512,47.811735172431156,47.19698378872574,47.330936431884766,84496800
2019-06-20,47.92894825704651,47.986358104546575,47.36921593118183,47.71127700805664,86056000
2019-06-21,47.55339956808391,48.04376482331306,47.39791594328948,47.548614501953125,191202400
2019-06-24,47.491204251365325,47.87871430604713,47.402700603352024,47.50077438354492,72881600
2019-06-25,47.46488790932587,47.663426161251905,46.7137931929715,46.7807731628418,84281200
2019-06-26,47.30702234220642,48.07725375444767,47.20655785147097,47.7926025390625,104270000
2019-06-27,47.90980612080103,48.215988288918595,47.737583898017675,47.77824783325195,83598800
2019-06-28,47.52469168182497,47.72083923918838,47.1347945750101,47.342899322509766,124442400
2019-07-01,48.59871477331292,48.91446345681218,47.99592415477376,48.21120834350586,109012000
2019-07-02,48.177720388644275,48.5891485023053,48.165759547562075,48.493465423583984,67740800
2019-07-03,48.625025041282115,48.90250048134883,48.48389661312159,48.89532470703125,45448000
2019-07-05,48.6417651514746,49.05558390419779,48.53412124966637,48.85226058959961,69062000
2019-07-08,48.03420208422318,48.17533053234699,47.46011815799339,47.84523391723633,101354400
2019-07-09,47.649087439105884,48.201644052257606,47.55579870766386,48.137062072753906,82312000
2019-07-10,48.28296724647705,48.73266491650779,48.21359656204675,48.61306381225586,71588400
2019-07-11,48.63220718977892,48.8905460488803,48.24948579291271,48.25905227661133,80767200
2019-07-12,48.42649079222815,48.79725497916496,48.36669023465564,48.62981414794922,70380800
2019-07-15,48.81878002796971,49.24455968604115,48.797252704231944,49.08668899536133,67789600
2019-07-16,48.938385998971945,49.301974430162524,48.677656430195476,48.9168586730957,67467200
2019-07-17,48.80920639335762,49.05797505883854,48.622628981763015,48.64176559448242,56430000
2019-07-18,48.797255539973115,49.246956906066245,48.725494140074105,49.194332122802734,74162400
2019-07-19,49.22543030950413,49.39526551603992,48.40496832917344,48.459983825683594,83717200
2019-07-22,48.71352835732806,49.569872702739694,48.70396187494887,49.567481994628906,89111600
2019-07-23,49.86408841046526,49.97172866225892,49.584218645891866,49.95498275756836,73420800
2019-07-24,49.67513109219279,50.029149402153855,49.555529966536255,49.91433334350586,59966400
2019-07-25,49.96694883497979,50.05067106733842,49.45027119228103,49.5196418762207,55638400
2019-07-26,49.62968053839526,50.167885587126946,49.54835265146059,49.69187545776367,70475600
2019-07-29,49.864098572785444,50.385557683272346,49.85931350619357,50.155921936035156,86693600
2019-07-30,49.9358620581026,50.27074740921103,49.58901951404553,49.94064712524414,135742800
2019-07-31,51.768137442475606,52.95218755117396,50.54342339953186,50.959632873535156,277125600
2019-08-01,51.16535089156151,52.153257179746014,49.452665854213244,49.85691452026367,216071600
2019-08-02,49.163234154260714,49.37851470178692,48.23034691506533,48.802040100097656,163448400
2019-08-05,47.35964892958403,47.51751962109188,46.0655640412733,46.24735641479492,209572000
2019-08-06,46.957786951818015,47.37878519253508,46.414796893585645,47.12283706665039,143299200
2019-08-07,46.742507730135785,47.735195505332065,46.36217706782614,47.610809326171875,133457600
2019-08-08,47.88828556685008,48.68482942826137,47.6945323451434,48.66090774536133,108038000
2019-08-09,48.33436350922728,48.684923651503915,47.85173786990309,48.25992965698242,98478800
2019-08-12,47.93097076329877,48.51444257030938,47.81811826695935,48.13746643066406,89927600
2019-08-13,48.267127875565244,50.93716177711402,48.13746584722147,50.17601013183594,188874000
2019-08-14,48.78096824288931,49.568532297848215,48.64410316767906,48.68252182006836,146189600
2019-08-15,48.852997569788144,49.256382389403456,47.942974606430376,48.440006256103516,108909600
2019-08-16,49.04988469774485,49.74140568988817,48.944235250189195,49.58293151855469,110481600
2019-08-19,50.5721820740641,51.07881647496091,50.43051745097723,50.507354736328125,97654400
2019-08-20,50.634624409226056,51.22769905454453,50.50016279412302,50.509765625,107537200
2019-08-21,51.14125698244228,51.29972750063154,50.807502749106995,51.05721664428711,86141600
2019-08-22,51.189283823360064,51.48942268562583,50.60341217800857,51.01400375366211,89014800
2019-08-23,50.28645752648354,50.91555099493653,48.262323049739784,48.656105041503906,187272000
2019-08-26,49.42926854605089,49.748616731609175,49.237178943574676,49.58053970336914,104174400
2019-08-27,49.90948253160488,50.07515974076012,48.86980125519638,49.02107238769531,103493200
2019-08-28,49.00667191279658,49.395650682194926,48.819385567248915,49.35002899169922,63755200
2019-08-29,50.0631602076527,50.260053051987526,49.621356699521705,50.18561553955078,83962000
2019-08-30,50.461749711640046,50.531380318643734,49.75101924277267,50.120792388916016,84573600
2019-09-03,49.56612247903739,49.69818428979416,49.03547910827453,49.39084243774414,80092000
2019-09-04,50.036735067652984,50.29845519886603,49.77981818268151,50.228824615478516,76752400
2019-09-05,50.90354224548307,51.376561303793046,50.78588651283309,51.21088409423828,95654800
2019-09-06,51.39577500112992,51.4846149241543,51.02600190350711,51.206085205078125,77449200
2019-09-09,51.585461226459756,51.96964040269282,50.680245133535024,51.42458724975586,109237600
2019-09-10,51.35014804449725,52.05127185370454,50.83391076513622,52.03206253051758,127111600
2019-09-11,52.36102889134553,53.7152553373028,52.27938833354673,53.686439514160156,177158400
2019-09-12,53.97696341496987,54.365942133767874,53.511147403478866,53.56637191772461,128906800
2019-09-13,52.824426967075894,53.01411307002046,52.108897118568684,52.524288177490234,159053200
2019-09-16,52.27937453367597,52.85564321495497,52.23855609745347,52.8004150390625,84632400
2019-09-17,52.81483190453855,53.02132756869173,52.61313582378596,52.99251174926758,73274800
2019-09-18,53.07894858894895,53.50874942392138,52.68996985697935,53.489540100097656,101360000
2019-09-19,53.307049108889316,53.72724341657254,52.91326716138404,53.054935455322266,88242400
2019-09-20,53.155792256513266,53.439121573319625,52.21695705097918,52.27938461303711,221652400
2019-09-23,52.572318178824,52.78601688512093,52.2601730542611,52.517093658447266,76662000
2019-09-24,53.07174174905982,53.42230547207564,52.14971625438767,52.26736831665039,124763200
2019-09-25,52.47628374422586,53.184610784898084,52.13772620032262,53.07175827026367,87613600
2019-09-26,52.82442795501207,53.050132915210256,52.54349848236231,52.79801559448242,75334000
2019-09-27,52.95408716657338,53.05493702755311,52.17132649489073,52.541099548339844,101408000
2019-09-30,53.04052537419581,53.924135874983264,53.01411301418795,53.77766799926758,103909600
2019-10-01,54.04180014068749,54.79814854366671,53.832901018952796,53.926544189453125,139223200
2019-10-02,53.559163835182936,53.684022592147706,52.32739312326195,52.574710845947266,138449200
2019-10-03,52.447459000713295,53.05494337549281,51.65509540469614,53.02132797241211,114426000
2019-10-04,54.17864796678167,54.622854799302026,53.75845370070148,54.507598876953125,138478800
2019-10-07,54.32992905331613,55.20873272385884,54.2266793952243,54.519615173339844,122306000
2019-10-08,54.221881339577685,54.75972776925968,53.8641145411307,53.88092041015625,111820000
2019-10-09,54.512413024902344,54.694896109411246,54.17865880193493,54.512413024902344,74770400
2019-10-10,54.728505896765036,55.331186933368876,54.577238437627656,55.24714660644531,113013600
2019-10-11,55.93387223570824,57.059993724351415,55.78020129962542,56.716636657714844,166795600
2019-10-14,56.40209028471779,57.17765169810714,56.34686576310509,56.6349983215332,96427600
2019-10-15,56.75985041805286,57.06238901917909,56.397284055002885,56.502933502197266,87360000
2019-10-16,56.03471119953323,56.483721327443455,55.99389276314205,56.27482223510742,73903200
2019-10-17,56.44771784318485,56.70223502398383,56.070745319870674,56.49333953857422,67585200
2019-10-18,56.327655968301634,57.045589398505086,56.255621913343404,56.7646598815918,97433600
2019-10-21,57.0311814328969,57.864367125177715,56.9831599524487,57.74911117553711,87247200
2019-10-22,57.90518270314261,58.15489658740651,57.53540962798938,57.61705017089844,82293600
2019-10-23,58.1308924623088,58.40461894002899,57.9195935448391,58.39020919799805,75828800
2019-10-24,58.70955335592496,58.7791876143368,58.06125423337426,58.48625183105469,69275200
2019-10-25,58.38540931615225,59.242603940499954,58.31817850890162,59.20658874511719,73477200
2019-10-28,59.40828511149882,59.847688843365425,59.24020808221215,59.79966735839844,96572800
2019-10-29,59.78045498091568,59.96774132739238,58.24374555756727,58.416622161865234,142839600
2019-10-30,58.76957895706002,58.89924097507983,57.917187665272955,58.4094123840332,124522000
2019-10-31,59.36506765293137,59.82848030145837,56.968756318935924,59.73003387451172,139162000
2019-11-01,59.917312039179826,61.45162155934046,59.82607232816422,61.42521286010742,151125200
2019-11-04,61.78776829370831,61.912630719316276,61.31955618049986,61.828590393066406,103272000
2019-11-05,61.72054454973453,61.99427467320338,61.545268167001495,61.7397575378418,79897600
2019-11-06,61.65331800351261,61.82619827037496,61.317163964504836,61.766170501708984,75864400
2019-11-07,62.3128369540104,62.70058009435856,62.16111169690049,62.47901153564453,94940400
2019-11-08,62.30080757426929,62.722263418043795,61.85767774048204,62.65001678466797,69986400
2019-11-11,62.20687176554438,63.211143940607684,62.202057773794586,63.146121978759766,81821200
2019-11-12,62.989598769693245,63.288235410018565,62.83788080237024,63.088340759277344,87388800
2019-11-13,62.88845502939462,63.767490271321854,62.87400569881237,63.692832946777344,102734400
2019-11-14,63.51942564466405,63.79156691909785,63.122054404391484,63.252105712890625,89182800
2019-11-15,63.50253703760484,64.00828536539575,63.34118382253905,64.00347137451172,100206400
2019-11-18,64.01311651070851,64.40567368628587,63.635016010866224,64.32620239257812,86703200
2019-11-19,64.51887757210454,64.54296223689062,63.91439437873861,64.13114166259766,76167200
2019-11-20,63.95051616700854,64.08056012443966,62.71263645285633,63.384559631347656,106234400
2019-11-21,63.50496816719241,63.5820361437923,62.90047770949757,63.100372314453125,121395200
2019-11-22,63.24004853424612,63.38213847508004,62.81859270394661,63.04497528076172,65325200
2019-11-25,63.26894500831201,64.16725062153702,63.2231863603436,64.150390625,84020400
2019-11-26,64.28768982373602,64.34067315372796,63.218395236341195,63.64948654174805,105207600
2019-11-27,63.96015765000588,64.538160314546,63.89513565756925,64.50444030761719,65235600
2019-11-29,64.20578830500924,64.54295150714015,64.03720302914049,64.3623275756836,46617600
2019-12-02,64.36715556270056,64.6031735303105,63.44718305749584,63.61817169189453,94487200
2019-12-03,62.20930803145001,62.503123340399675,61.722830078760026,62.48386001586914,114430400
2019-12-04,62.87398990266559,63.41345104116114,62.780061927870314,63.035343170166016,67181600
2019-12-05,63.52906394668115,64.03481252591874,63.273782660423635,63.960147857666016,74424400
2019-12-06,64.41774268897909,65.26546863947017,64.37438734550834,65.19562530517578,106075600
2019-12-09,65.02461888758106,65.21728148518294,63.79878528754208,64.2828598022461,128042400
2019-12-10,64.68746799612504,65.04149128263923,64.0275834068731,64.6585693359375,90420400
2019-12-11,64.73803158690569,65.28953877362453,64.66337427533851,65.2100601196289,78756800
2019-12-12,64.48996114027678,65.64113724354316,64.3791805323222,65.376220703125,137310400
2019-12-13,65.37622984964455,66.30102352499274,65.248589228168,66.26490020751953,133587600
2019-12-16,66.71046260860425,67.62321792745732,66.70564861456403,67.39923858642578,128186000
2019-12-17,67.32938692874545,67.85921278461262,67.14394163202556,67.53168487548828,114158400
2019-12-18,67.38476487826064,67.89051335467951,67.22100094482415,67.37031555175781,116028400
2019-12-19,67.31250658669452,67.71710235790785,67.18005200015853,67.43773651123047,98369200
2019-12-20,67.96999593464518,68.07114122602003,67.08613954782287,67.2980728149414,275978000
2019-12-23,67.5605836287108,68.45647873677,67.52204963647512,68.39627075195312,98572000
2019-12-24,68.56246401614918,68.61063335694011,68.13619401362658,68.46131134033203,48478800
2019-12-26,68.59376902155901,69.8364629694818,68.56487035875298,69.8196029663086,93121200
2019-12-27,70.11099073385043,70.79736320865955,69.38849493923185,69.7930908203125,146266000
2019-12-30,69.71120798213394,70.4890977572307,68.69008295692782,70.20732116699219,144114400
2019-12-31,69.82442624116057,70.72754632193524,69.72568423037599,70.72032165527344,100805600
2020-01-02,71.34404690340438,72.39407791515757,71.09117632272992,72.33386993408203,135480400
2020-01-03,71.56321309934685,72.38926493117573,71.40667380039741,71.63064575195312,146322800
2020-01-06,70.75402098693286,72.23995000976231,70.50355369984423,72.201416015625,118387200
2020-01-07,72.21107183045073,72.46635318310075,71.64271179235746,71.86186981201172,108872000
2020-01-08,71.56562119935828,73.31887745373415,71.56562119935828,73.01783752441406,132079200
2020-01-09,73.99320238999518,74.76145686133366,73.74274246581768,74.56879425048828,170108400
2020-01-10,74.8024026801614,75.30092656417412,74.23644614635045,74.73737335205078,140644800
2020-01-13,75.05287832688332,76.36059415429726,74.93486566437117,76.33409881591797,121532000
2020-01-14,76.27148630079421,76.48100893453174,75.18051779267843,75.30333709716797,161954400
2020-01-15,75.10346327281154,75.98249863335472,74.54954524384856,74.98063659667969,121923600
2020-01-16,75.52247441714353,76.03063354644571,75.16122656820497,75.91984558105469,108829200
2020-01-17,76.16790890123319,76.7627640392473,75.86205500785368,76.76036071777344,137816400
2020-01-21,76.38949561952354,76.83021490503033,76.10290497799846,76.24018096923828,110843200
2020-01-22,76.72422448512405,77.06379835057774,76.41837061392836,76.51229858398438,101832400
2020-01-23,76.56528622859716,76.96024675038308,76.01859307367198,76.88077545166016,104472000
2020-01-24,77.1264324079885,77.86819158420508,76.46895853504518,76.65921783447266,146537600
2020-01-27,74.67235687385795,75.08417746726008,73.42484908589569,74.40503692626953,161940000
2020-01-28,75.28406920782065,76.68089158109271,75.18532722614749,76.50990295410156,162234000
2020-01-29,78.13789211329937,78.95671888560305,77.39853661303275,78.11139678955078,216229200
2020-01-30,77.19626294921763,78.05121329496869,76.76517176985938,77.99822998046875,126743200
2020-01-31,77.29017484753824,77.71163064497078,74.24606365244907,74.53987884521484,199588400
2020-02-03,73.2851511845041,75.49839714349714,72.78422401879573,74.3351821899414,173788400
2020-02-04,75.93672133535755,76.97952779146334,75.53212542449515,76.78926849365234,136616400
2020-02-05,77.91394467954083,78.21258127557842,76.81334832632962,77.4154281616211,118826800
2020-02-06,77.68515330009288,78.32335641079244,77.12883215929374,78.3209457397461,105425600
2020-02-07,77.82123085871221,78.06987612347613,76.76629893571341,77.25634765625,117684000
2020-02-10,75.8441484328751,77.623291015625,75.7644885208781,77.623291015625,109348800
2020-02-11,78.11816550122239,78.19058359645562,76.93769897957516,77.15496063232422,94323200
2020-02-12,77.60398368209574,78.9920538114317,77.60398368209574,78.98722839355469,113730400
2020-02-13,78.26060628866534,78.7506551305069,78.05782821966719,78.42475891113281,94747600
2020-02-14,78.3933688702963,78.69271421468866,77.93712009409066,78.4440689086914,80113600
2020-02-18,76.12900107799734,77.1887659353896,75.94794846047884,77.0077133178711,152531200
2020-02-19,77.24911404532844,78.3523297233802,77.24911404532844,78.12299346923828,93984000
2020-02-20,77.88401513292217,78.37164756799683,76.81700838375629,77.32154083251953,100566000
2020-02-21,76.91598466630131,77.35775721221363,74.95578935685651,75.57136535644531,129554000
2020-02-24,71.75961758398634,73.43012593023869,69.82114748147725,71.98170471191406,222195200
2020-02-25,72.65037937541128,73.03179362770307,69.07277807692655,69.54351043701172,230673600
2020-02-26,69.1693328941365,71.90926363042658,69.16209108503992,70.64672088623047,198054800
2020-02-27,67.85850576335429,69.0413810989832,65.89347830358477,66.0286636352539,320605600
2020-02-28,62.10347552395671,67.20915879544067,61.88862284247871,65.99006652832031,426510000
2020-03-02,68.14338895911868,72.7686815326321,67.0425894386722,72.1337890625,341397200
2020-03-03,73.30701482551375,73.38667475068135,68.99312746023453,69.8428726196289,319475600
2020-03-04,71.5616724101691,73.24183913660247,70.76262721041282,73.08251190185547,219178400
2020-03-05,71.33958803602016,72.31244423319401,70.34742279267013,70.71194458007812,187572800
2020-03-06,68.07579124975517,70.2049720207652,67.88991319528947,69.77285766601562,226176800
2020-03-09,63.67016438238683,67.13188921300795,63.48911178224734,64.25436401367188,286744800
2020-03-10,66.90259043839642,69.14764074332749,65.02687994218032,68.88209533691406,285290000
2020-03-11,66.96293286366341,67.8875051992336,65.62796418784407,66.48977661132812,255598800
2020-03-12,61.7848064103127,65.1789387030404,59.868062216126,59.923583984375,418474000
2020-03-13,63.94538103600016,67.57367559511492,61.06301877546382,67.10293579101562,370732000
2020-03-16,58.40758870653268,62.542829050103194,57.93685251654096,58.47035598754883,322423600
2020-03-17,59.74978006097213,62.1879532458274,57.55059398806874,61.041290283203125,324056000
2020-03-18,57.881318208922394,60.35087498179023,57.24159672400037,59.547000885009766,300233600
2020-03-19,59.72081496454535,61.03646337436918,58.56690646649194,59.09075164794922,271857200
2020-03-20,59.67012006159394,60.79264863512061,55.04000233501268,55.3393440246582,401693200
2020-03-23,55.05931255400759,55.16070158535809,51.32479999006741,54.16370391845703,336752800
2020-03-24,57.05813597182242,59.793238287645494,56.56084531140466,59.59770202636719,287531200
2020-03-25,60.53192552123785,62.34245170831376,58.97487373705756,59.269386291503906,303602000
2020-03-26,59.510798931904375,62.44626304168301,59.47217348326275,62.388328552246094,252087200
2020-03-27,61.0147434951052,61.76792134587147,59.638744081772344,59.80531311035156,204216800
2020-03-30,60.529509863529455,61.683418202528024,60.206026401052306,61.512020111083984,167976400
2020-03-31,61.702731524008335,63.365997685508034,60.833677514674484,61.38648986816406,197002000
2020-04-01,59.505949975988514,60.041865925626624,57.726807741641096,58.1565055847168,176218400
2020-04-02,58.018904539368904,59.18005454951663,57.188476078420805,59.12694549560547,165934000
2020-04-03,58.61277240805976,59.31284110700112,57.68819653151743,58.2772216796875,129880000
2020-04-06,60.56812804276326,63.515662294825994,60.20119742720632,63.361167907714844,201820400
2020-04-07,65.3720525473446,65.58932155008534,62.523494730385906,62.627296447753906,202887200
2020-04-08,63.42635444288139,64.54405384793799,63.06184016051964,64.23023223876953,168895200
2020-04-09,64.86511973614601,65.19584133375365,63.899505790640596,64.69371795654297,161834800
2020-04-13,64.77097468626023,66.07214313145124,64.17229133387406,65.96350860595703,131022800
2020-04-14,67.59296937908287,69.58454794114515,67.12222968123038,69.29486083984375,194994800
2020-04-15,68.17234288135833,69.1210568119712,67.74506136385055,68.66239166259766,131154400
2020-04-16,69.37453866907585,69.57249130619873,68.16027936470277,69.20796966552734,157125200
2020-04-17,68.72515410233876,69.27072829912615,66.83496081662895,68.2688980102539,215250000
2020-04-20,67.09811926901436,67.99854979022932,66.83257389218826,66.85188293457031,130015200
2020-04-21,66.69497985985144,66.92914162387588,64.0757495798799,64.78547668457031,180991600
2020-04-22,66.05041238241853,67.0860355273564,65.71003990834832,66.6515121459961,116862400
2020-04-23,66.59598178954948,68.01543553598502,66.35457829164004,66.39320373535156,124814400
2020-04-24,66.91704870248016,68.31960235496462,66.86876505886688,68.30994415283203,126161200
2020-04-27,68.02750161594408,68.68895219864656,67.58091104598891,68.35823059082031,117087600
2020-04-28,68.81929803212363,69.0003506347447,67.15844834573424,67.25017547607422,112004800
2020-04-29,68.73481966758834,69.92735352024151,68.53204161617626,69.45903015136719,137280800
2020-04-30,69.99735834734561,71.10057413486881,69.60870223992275,70.92434692382812,183064000
2020-05-01,69.10174923798432,72.17964374552773,69.0051893150792,69.78250885009766,240616800
2020-05-04,69.80667664361658,70.89781817578982,69.11867496549594,70.7698745727539,133568000
2020-05-05,71.2285224464027,72.66245995311394,71.0836788601292,71.83203125,147751200
2020-05-06,72.53209353947886,73.20319497472518,72.14826285856589,72.57313537597656,142333600
2020-05-07,73.19837114485792,73.66911092684012,72.89661676334377,73.32389831542969,115215200
2020-05-08,73.98231154076618,75.122398042806,73.65553308459083,75.06914520263672,133838400
2020-05-11,74.57775171164975,76.74415709638575,74.36957888241814,76.2503662109375,145946400
2020-05-12,76.93296121988755,77.38319101183461,75.25793117438776,75.37895965576172,162301200
2020-05-13,75.55806719087377,76.47788793234099,73.39407770388901,74.46881103515625,200622400
2020-05-14,73.70879908605315,74.9868600913296,72.98746637441403,74.92634582519531,158929200
2020-05-15,72.70183169409641,74.5293593473761,72.66794016355354,74.48336791992188,166348400
2020-05-18,75.80501206443797,76.61105881687796,75.11514797210022,76.23828887939453,135178400
2020-05-19,76.25522871352638,77.10000541594032,75.76627615398213,75.79774475097656,101729600
2020-05-20,76.65461600601195,77.34205706251838,76.61588599602642,77.27186584472656,111504800
2020-05-21,77.1338852173559,77.67367499164858,76.45854411277335,76.69576263427734,102688800
2020-05-22,76.43433589476804,77.27185842972254,76.33267609193112,77.18955993652344,81803200
2020-05-26,78.30544078691085,78.4845606060167,76.61104175906425,76.66671752929688,125522000
2020-05-27,76.52388732434491,77.14596806852482,75.78560919845494,77.000732421875,112945200
2020-05-28,76.67639044487011,78.29091382648822,76.4004493161322,77.03463745117188,133560800
2020-05-29,77.27667344915052,77.73658013010277,76.6037554918858,76.95957946777344,153532400
2020-06-01,76.91360133395523,78.02706486056282,76.78288850329889,77.90603637695312,80791200
2020-06-02,77.63977407114822,78.29090791932163,77.19922860751555,78.2667007446289,87642800
2020-06-03,78.58621141173712,78.95898118849432,78.01495316022684,78.69755554199219,104491200
2020-06-04,78.52088097581583,78.81860638544032,77.64705128445249,78.01982116699219,87560400
2020-06-05,78.26912701737099,80.30240419943048,78.2400813612976,80.24188995361328,137250400
2020-06-08,79.93931540745123,80.75020774515244,79.23009024878114,80.71631622314453,95654400
2020-06-09,80.3968056767083,83.65730597576551,80.36533708864444,83.26517486572266,147712400
2020-06-10,84.21162466782144,85.87455499385788,83.77350211039672,85.40738677978516,166651600
2020-06-11,84.55290729433239,84.9765069301838,81.20526313670851,81.30692291259766,201662400
2020-06-12,83.44187634114364,84.18740853476542,80.90027823694467,82.00889587402344,200146000
2020-06-15,80.6654845616587,83.6742509001126,80.50330314287096,83.02311706542969,138808800
2020-06-16,85.07334504214955,85.49452921505798,83.44188334314991,85.22341918945312,165428800
2020-06-17,85.96653487900272,86.02704912393895,84.98378413219785,85.10481262207031,114406400
2020-06-18,85.06126525513555,85.55506368475906,84.5311597469356,85.13872528076172,96820400
2020-06-19,85.84309961565448,86.3078449275457,83.54597361995395,84.65217590332031,264476000
2020-06-22,85.0443003318489,87.00980187063504,84.99830891368086,86.86698913574219,135445200
2020-06-23,88.10871145181427,90.1371494523212,87.68995035620205,88.72111511230469,212155600
2020-06-24,88.35079128217394,89.26818923809188,86.78225950639512,87.155029296875,192623200
2020-06-25,87.3099530977363,88.35079512662277,86.55231359048508,88.31206512451172,137522400
2020-06-26,88.20796811592135,88.42824081207692,85.45093609470156,85.59859466552734,205256800
2020-06-29,85.50661981464565,87.66577111516035,85.02976731524565,87.57136535644531,130646000
2020-06-30,87.15988171149978,88.58802392767775,87.14052040168764,88.3023910522461,140223200
2020-07-01,88.37983297329643,88.9220381809634,88.08694613026117,88.1353530883789,110737200
2020-07-02,89.0406511103845,89.67483914156468,88.02159341265586,88.1353530883789,114041600
2020-07-06,89.56108299075036,90.9601720457748,89.52961440129422,90.49300384521484,118655600
2020-07-07,90.87062222466152,91.64762315168353,90.10088271239697,90.21222686767578,112424400
2020-07-08,91.18770707353977,92.34473915860562,91.10056271828748,92.31327056884766,117092000
2020-07-09,93.20403412942578,93.2572869587544,91.66455533300416,92.71024322509766,125642800
2020-07-10,92.30599364635842,92.93050469526396,91.69601281004776,92.87240600585938,90257200
2020-07-13,94.17469096863013,96.77922651804644,92.23097365442625,92.44398498535156,191649200
2020-07-14,91.82674120591236,94.16501274371473,90.89482765300735,93.97379302978516,170989200
2020-07-15,95.84486367498508,96.09418202713559,93.42429428051739,94.62005615234375,153198000
2020-07-16,93.49452529827339,94.31025628529977,92.85791414474407,93.45579528808594,110577600
2020-07-17,93.90600170117715,94.06091431617955,92.79495374103925,93.2669677734375,92186800
2020-07-20,93.35411067179673,95.37044189094031,93.01038653957822,95.23246765136719,90318000
2020-07-21,96.02158957813295,96.09662665534265,93.66879530005893,93.9181137084961,103433200
2020-07-22,93.62037944003524,94.86213298167614,93.53324246932021,94.18195343017578,89001600
2020-07-23,93.91567346927818,93.99313346599342,89.08664175912257,89.89511108398438,197004400
2020-07-24,88.09664593771886,90.01615612762265,86.31267968652797,89.67243194580078,185438800
2020-07-27,90.73264205708286,91.88967418415685,90.50995376100627,91.79769134521484,121214000
2020-07-28,91.36923715007886,91.54594138277622,90.28481935549645,90.28966522216797,103625600
2020-07-29,90.77137079362801,92.20435141750036,90.73506372270917,92.0203857421875,90329200
2020-07-30,91.19496376791191,93.23792519284922,90.78830982976133,93.13384246826172,158130000
2020-07-31,99.61611941491957,103.03396237192649,97.62156512089064,102.8838882446289,374336800
2020-08-03,104.76226254133908,108.09054616095987,104.4645371706777,105.47633361816406,308151200
2020-08-04,105.66514250286653,107.26998160372126,104.9438099795325,106.18072509765625,173071600
2020-08-05,105.90234853375506,106.8850992523654,105.43759589570149,106.56558227539062,121776800
2020-08-06,106.89721697372634,110.7773905993439,106.30902020460445,110.2835922241211,202428800
2020-08-07,109.80586023116359,110.26174899503663,106.98081367668276,107.77619171142578,198045600
2020-08-10,109.21901552378732,110.35873735584337,106.69708588297902,109.34268951416016,212403600
2020-08-11,108.60796447088038,109.10507306907006,105.83141158748525,106.09088134765625,187902400
2020-08-12,107.17966637873178,109.87377217439806,106.98567459916234,109.61672973632812,165598000
2020-08-13,110.9940770606822,112.55816241863091,110.5066629686095,111.5566635131836,210082000
2020-08-14,111.38208013380518,111.54697388434195,109.65067355223327,111.4572525024414,165565200
2020-08-17,112.577581010581,112.60183183496459,110.5406375676734,111.16626739501953,119561600
2020-08-18,110.91893054414521,112.5169615015718,110.58428839700858,112.09259796142578,105633600
2020-08-19,112.49996719549999,113.64453639963617,112.13865437861999,112.23322296142578,145538000
2020-08-20,112.27444791147464,114.83760501028006,112.25747159683876,114.7236328125,126907200
2020-08-21,115.6814742972318,121.11817961837231,115.6693525872738,120.6356201171875,338054800
2020-08-24,124.83319799639226,124.91807958440302,120.21612802925294,122.07847595214844,345937600
2020-08-25,120.95330633788029,121.42131690614454,119.35769534098384,121.07697296142578,211495600
2020-08-26,122.391288286882,123.17939196014703,121.32673854222942,122.72350311279297,163022400
2020-08-27,123.32486945527224,123.65708422717836,120.11425182681509,121.25640106201172,155552400
2020-08-28,122.22881026536905,122.64589926041506,120.83690034715939,121.05999755859375,187630000
2020-08-31,123.74922172483744,127.06652934071126,122.21666180862303,125.16537475585938,225702700
2020-09-01,128.77368605712132,130.75244043183687,126.61064913629612,130.1510467529297,151948100
2020-09-02,133.4586359792648,133.83692501161136,123.18662126963814,127.45449829101562,200119000
2020-09-03,123.09935930505591,124.97140134269283,116.8818246649217,117.25041198730469,257599600
2020-09-04,116.46472703859587,119.98572845730746,107.56036930998823,117.3280029296875,332607200
2020-09-08,110.5284785969539,115.4171459794859,109.29661549435876,109.43241119384766,231366600
2020-09-09,113.73909857280785,115.56264615107492,111.79915150644727,113.79729461669922,176940500
2020-09-10,116.74601936225844,116.88181506989982,109.12202651754133,110.0822982788086,182274400
2020-09-11,111.1298709484181,111.77005705290503,106.69709205627441,108.63703918457031,180860300
2020-09-14,111.27538137934282,112.44904864015743,109.41303369608222,111.89616394042969,140150100
2020-09-15,114.7769823425134,115.26196916143692,110.1987055878256,112.07075500488281,184642000
2020-09-16,111.77007759799923,112.51695412354394,108.67585899150183,108.76315307617188,154679000
2020-09-17,106.42551466292394,108.83104527474275,105.4458391619844,107.02689361572266,178011000
2020-09-18,107.08509999522968,107.5506832359034,102.90450823656477,103.63198852539062,287104900
2020-09-21,101.40104892896447,106.88140167582651,100.0042844680874,106.77470397949219,195713800
2020-09-22,109.29663089711133,109.47122644967507,105.8823269140235,108.45275115966797,183055400
2020-09-23,108.26846907252015,108.74375412227577,103.56409061974239,103.9035873413086,150718700
2020-09-24,102.01212050333626,106.93958810787352,101.84722676940335,104.97054290771484,167743300
2020-09-25,105.17425574034796,109.06385261398287,104.43707360612179,108.90865325927734,149981400
2020-09-28,111.55668035738763,111.85736984450415,109.39363569114487,111.5081787109375,137672400
2020-09-29,111.11049343812664,111.84766814275456,110.1599159291002,110.66429901123047,99382200
2020-09-30,110.37329066576835,113.73910005377913,110.20839693905525,112.33263397216797,142675200
2020-10-01,114.10770215411938,114.18530182393523,112.35205217632898,113.2832260131836,116120400
2020-10-02,109.50031753591523,111.90585528542881,108.85043700934379,109.62641143798828,144712000
2020-10-05,110.48971695476313,113.14744304282974,110.14052580154997,113.00194549560547,106243800
2020-10-06,112.22596446136349,112.63335907710525,108.87955784841913,109.76223754882812,161498200
2020-10-07,111.17838574960963,112.08046156708008,110.70309331868141,111.62457275390625,96849000
2020-10-08,112.7594330889432,112.90493061170089,111.1492733309645,111.51786804199219,83477200
2020-10-09,111.81858182665755,113.48693799664116,111.4693906561813,113.45783996582031,100506900
2020-10-12,116.45501458369142,121.42128150561734,115.69843644721472,120.66470336914062,240226800
2020-10-13,121.50859444916024,121.62499394990238,116.05734733652297,117.46380615234375,262330500
2020-10-14,117.36681195189107,119.33585728240598,116.02825097556021,117.55110931396484,150712000
2020-10-15,115.15526489684527,117.56079523723751,114.60238025084043,117.08551025390625,112559200
2020-10-16,117.63839325335097,117.90029026113083,115.24255735409358,115.44625091552734,115393800
2020-10-19,116.35804207693808,116.80422908289772,112.1871596819352,112.49755096435547,120639300
2020-10-20,112.71092747344602,115.40746025257594,112.15804282671203,113.98159790039062,124423700
2020-10-21,113.16681779596242,115.14556482205545,112.95342242055368,113.3608169555664,89946000
2020-10-22,113.92339674553574,114.49568501963495,111.14927164811971,112.27444458007812,101988000
2020-10-23,112.89524032049677,113.05043966735408,110.84859518576691,111.58577728271484,82572600
2020-10-26,110.58670829378724,113.05044248419397,109.49063323015535,111.5954818725586,111850700
2020-10-27,112.02227408844243,113.75852810945555,111.10080192212806,113.09894561767578,92276800
2020-10-28,111.59548115439539,111.96406850952522,107.76408046155812,107.86107635498047,143937800
2020-10-29,108.99594153712782,113.41901900582575,108.83104039265947,111.85736083984375,146129200
2020-10-30,107.72525497153092,108.62733062614099,104.48554702075934,105.59131622314453,190272600
2020-11-02,105.83383850866505,107.35669702970988,104.09758457442842,105.50404357910156,122866900
2020-11-03,106.3673230400161,108.14236934595198,105.46524717293197,107.1239013671875,107624400
2020-11-04,110.71277506341616,112.1192336829344,108.97652160464787,111.49845123291016,138235500
2020-11-05,114.40838224963099,116.02824377297978,113.3608163942021,115.4559555053711,126387100
2020-11-06,114.96527887670223,115.8203256136095,112.83736946099638,115.32479095458984,114457900
2020-11-09,117.08347300114552,118.53122507296646,112.7596464655049,113.02198791503906,154515300
2020-11-10,112.27382528066764,114.25597883957684,110.8940807658282,112.68191528320312,138023400
2020-11-11,113.86731293234887,116.23812654293447,113.13857769111563,116.10209655761719,112295000
2020-11-12,116.22842646880996,117.1126214574974,115.20819406878398,115.83004760742188,103162300
2020-11-13,116.05355128357041,116.27702600238625,114.52806537956721,115.87865447998047,81581900
2020-11-16,115.54826720324448,117.55957633149036,114.80010222486767,116.88914489746094,91183000
2020-11-17,116.16039565890526,117.24863549686008,115.58712010448728,116.00492858886719,74271000
2020-11-18,115.24706694247119,116.42275908285534,114.65436159878705,114.68350982666016,76322100
2020-11-19,114.25597458875419,115.68429695756758,113.49809106564801,115.27620697021484,74113000
2020-11-20,115.27622108410968,115.40253254906611,113.9644988709724,114.01307678222656,73604300
2020-11-23,113.85761126601786,114.28513837643995,110.52486130551306,110.62202453613281,127959300
2020-11-24,110.68033196208322,112.56532241854126,109.39775058959653,111.90460205078125,113874200
2020-11-25,112.27380983588145,113.43978322932423,111.90457924459807,112.74019622802734,76499200
2020-11-27,113.26491785124114,114.15883152801634,112.92484280171581,113.28434753417969,46691300
2020-11-30,113.6535782947568,117.54016723580712,113.49811117883634,115.67460632324219,169410200
2020-12-01,117.57902381222483,119.9692749139944,116.60737666127397,119.24053955078125,127728200
2020-12-02,118.56037345602128,119.87210294466338,117.4624149241799,119.59032440185547,89004200
2020-12-03,120.01784962535093,120.27047995352808,118.74499426371094,119.45429992675781,78967600
2020-12-04,119.12391895649799,119.37654924842553,118.07453843287111,118.78384399414062,78260400
2020-12-07,118.84215122001115,121.03807568238211,118.78385476777048,120.24132537841797,86712000
2020-12-08,120.84375108576852,121.43645640289948,119.6000365852931,120.85346221923828,82225500
2020-12-09,120.99920839659741,122.37894545635208,117.5692954268489,118.32717895507812,115089200
2020-12-10,117.08347009062476,120.35792333365181,116.7433951040976,119.74578094482422,81312200
2020-12-11,118.95875310526962,119.27939842297663,117.13205925122674,118.93932342529297,86939800
2020-12-14,119.12392925566253,119.85266455789507,118.09398573402578,118.32717895507812,79184500
2020-12-15,120.81459511068267,124.27366377761385,120.61055011219938,124.25422668457031,157243700
2020-12-16,123.79755773169585,124.73033062366706,122.9716517851633,124.18621063232422,98208600
2020-12-17,125.24529842903367,125.90602613060179,124.40968137555939,125.05097198486328,94359800
2020-12-18,125.30361605465058,125.43964605507787,122.5441344465272,123.0688247680664,192541500
2020-12-21,121.47531311924551,124.67203286094654,119.94982751976666,124.59429931640625,121251600
2020-12-22,127.87847449783371,130.59908932336018,125.97403967211778,128.1408233642578,168904800
2020-12-23,128.4128836440795,128.67521768491736,127.07200590849821,127.24691009521484,88223700
2020-12-24,127.59669160383469,129.67601559807733,127.38292807699283,128.22825622558594,54930100
2020-12-28,130.19097883452193,133.44598718799116,129.7245776284665,132.81442260742188,124486200
2020-12-29,134.13588116304936,134.85489050709643,130.53106400488656,131.04603576660156,121047300
2020-12-30,131.7359140805847,132.13429294527648,129.61771571736733,129.92864990234375,96452100
2020-12-31,130.27844532518537,130.91973597132423,127.98535756948488,128.9278564453125,99116600
2021-01-04,129.73429883825594,129.8217435013824,123.16596368827079,125.74082946777344,143301900
2021-01-05,125.23559175221487,128.00479186519019,124.78862757117713,127.29547882080078,97664900
2021-01-06,124.0987683518539,127.33435496235823,122.7967573877346,123.0105209350586,155088000
2021-01-07,124.72063157172194,127.89792197499627,124.2348079857969,127.20804595947266,109578200
2021-01-08,128.67524616951312,128.8695874924766,126.5376250523671,128.3060302734375,105158200
2021-01-11,125.52707332046941,126.47928319135579,124.85663454489163,125.3230209350586,100384500
2021-01-12,124.85665810373773,126.01292057820679,123.26315737935117,125.14815521240234,91951100
2021-01-13,125.10928088256377,127.72301407124303,124.84694682860504,127.17889404296875,88636800
2021-01-14,127.0914246638891,127.28575108963446,125.10925657328106,125.25501251220703,90221800
2021-01-15,125.1287025525268,126.52787663913662,123.39917203606663,123.53520202636719,111598500
2021-01-19,124.15704975663279,125.06068915645737,123.34086985277312,124.20563507080078,90757300
2021-01-20,125.01209934367105,128.7335089174472,124.90521758681017,128.2865447998047,104319500
2021-01-21,130.00637029637122,135.70993338633443,129.80231790485385,132.98931884765625,120150900
2021-01-22,132.41604973812463,135.88483658611096,131.19177987621222,135.126953125,114459400
2021-01-25,139.0135690829673,140.97628571065687,132.6686993609781,138.86781311035156,157611700
2021-01-26,139.52852500725305,140.20867499016745,137.36174136904043,139.1009979248047,98390600
2021-01-27,139.363363343346,140.20870656534407,136.42899920964183,138.03221130371094,140843800
2021-01-28,135.564189064389,137.96415826033868,132.8241374993332,133.2030792236328,142621100
2021-01-29,131.97880528014946,132.86300755142042,126.51815423658083,128.21853637695312,177523800
2021-02-01,129.95780442586786,131.5415940017464,127.21775238608966,130.3367462158203,106239800
2021-02-02,131.8816988036164,132.4452560805373,130.79345844882445,131.16268920898438,83305400
2021-02-03,131.91081569341782,131.92054165395052,129.82178018887643,130.14242553710938,89880900
2021-02-04,132.43552171463995,133.50432478243863,130.7739984115147,133.49461364746094,84183100
2021-02-05,133.6551792335879,133.7232884555335,132.20525610000038,133.08103942871094,75693800
2021-02-08,132.37062753976116,133.27561713779653,131.29048728628555,133.22695922851562,71297200
2021-02-09,132.9448026300194,134.1709170758531,132.1955269668042,132.35121154785156,76774200
2021-02-10,132.80856880476307,133.30485887781032,130.78452077617774,131.74789428710938,73046600
2021-02-11,132.24411789704274,132.72094164331565,130.17142759822354,131.49484252929688,64280000
2021-02-12,130.73581307823173,131.88406238888496,130.093564388388,131.72836303710938,60145100
2021-02-16,131.84518629017936,132.35118706954955,129.2178071626484,129.6070556640625,80576300
2021-02-17,127.7192714814344,128.66317890424816,125.98715607320858,127.32029724121094,97918500
2021-02-18,125.72439023440656,126.50287241895496,123.98254952435698,126.2206802368164,96856700
2021-02-19,126.7364300489586,127.19378780631597,125.33516499223074,126.37637329101562,87668800
2021-02-22,124.56642052486617,126.23042665376691,122.22125536466936,122.6104965209961,103916400
2021-02-23,120.43072920624994,123.30136816472337,115.20518512538801,122.47423553466797,158273000
2021-02-24,121.57899194807914,122.18230857916163,118.94189453786483,121.97795867919922,111039900
2021-02-25,121.32598240071049,123.05809741548158,117.29735317502876,117.73524475097656,148199500
2021-02-26,119.29221728289741,121.49142336780443,117.93961010314024,117.99800109863281,164560400
2021-03-01,120.42099709481208,124.4885510714253,119.48682297794498,124.3523178100586,116307900
2021-03-02,124.95565484356455,125.25731317881322,121.6471165286429,121.75415802001953,102260900
2021-03-03,121.45248092660913,122.32827149061751,118.56237577745944,118.77645874023438,112966300
2021-03-04,118.47481493176636,120.27504677444026,115.4290174341431,116.89839172363281,178155000
2021-03-05,117.72552038212189,118.65969453198089,114.40724922583529,118.15367889404297,153766600
2021-03-08,117.67686731260757,117.74498394850409,113.08383865170997,113.22980499267578,154376600
2021-03-09,115.8279835568737,118.77647261328785,115.59444185391254,117.83256530761719,129525800
2021-03-10,118.4164400921035,118.88352353506721,116.23669261108125,116.75244140625,111943300
2021-03-11,119.24356031125248,119.89553490297892,117.99799469596714,118.67916107177734,103026500
2021-03-12,117.16110504968663,117.910387910508,115.95446453359608,117.77415466308594,88105100
2021-03-15,118.14395874848536,120.6642817142442,117.18058534747087,120.65454864501953,92403800
2021-03-16,122.31853204805573,123.7976465733389,121.36489925795071,122.19203186035156,115227900
2021-03-17,120.71293967926185,122.47424657756945,119.04893377660937,121.40383911132812,111932600
2021-03-18,119.57441725151209,119.86634995731801,117.08328587882134,117.28763580322266,121229700
2021-03-19,116.67458589773459,118.16342636251116,116.46050290360724,116.76216125488281,185549500
2021-03-22,117.0930131834112,120.5377847911862,117.024896545298,120.07069396972656,111912300
2021-03-23,120.0123099463268,120.89782623844285,118.8543196786337,119.24356079101562,95467100
2021-03-24,119.51601473844956,119.59386443754735,116.83999258124882,116.85945129394531,88530500
2021-03-25,116.32425877519718,118.38723138862223,115.79878440882977,117.34600830078125,98844700
2021-03-26,117.11246742653448,118.21207408800578,115.72093550893463,117.94933319091797,94071200
2021-03-29,118.37751959042377,119.2825021466437,117.48227010500301,118.12451171875,80819200
2021-03-30,116.87891042664381,117.16111000084517,115.66253679171842,116.674560546875,85671900
2021-03-31,118.3774946900482,120.19718506636265,117.89094519064328,118.86404418945312,118323800
2021-04-01,120.33344161440051,120.83944989383653,119.19490999339443,119.69119262695312,75089100
2021-04-05,120.53777850848313,122.7661761594041,119.75929632134557,122.51316833496094,88651200
2021-04-06,123.09703422020135,123.71008397089403,122.26990148299974,122.81483459472656,80171300
2021-04-07,122.44507369286691,124.47884745021324,121.77363287146659,124.45938873291016,83466700
2021-04-08,125.4811068462127,126.88237171232534,125.06268142419076,126.85317993164062,88844600
2021-04-09,126.3082511367721,129.4610823431084,125.987126690143,129.4221649169922,106686700
2021-04-12,128.95510707935833,129.27623158953074,127.1159502289636,127.70954132080078,91420000
2021-04-13,128.87724772998885,131.03752892907758,128.380957683949,130.81370544433594,91266500
2021-04-14,131.3099933958929,131.36837696548068,128.1182295730411,128.478271484375,87222800
2021-04-15,130.22013564136392,131.36838551347583,130.04497007288896,130.8818359375,89347100
2021-04-16,130.6871670710185,131.04720886250462,129.69460217348174,130.55093383789062,84922400
2021-04-19,129.91845343765638,131.82573417670255,129.75302837507442,131.21267700195312,94264200
2021-04-20,131.38784340823202,131.88411859918818,128.2641887932471,129.5292205810547,94812300
2021-04-21,128.7993593544661,130.15196610925796,127.76787698944187,129.90869140625,68847100
2021-04-22,129.46108603950333,130.54122653689166,127.8749447465964,128.39068603515625,84566500
2021-04-23,128.60478264515086,131.48514771146148,128.60478264515086,130.70668029785156,78657500
2021-04-26,131.20297351815344,131.42678218788413,129.96713331445437,131.09593200683594,66905100
2021-04-27,131.37809693084532,131.76734545845767,130.5023137282654,130.7747802734375,66015800
2021-04-28,130.69696109558785,131.38786811328342,129.50005314627617,129.98660278320312,107760100
2021-04-29,132.7988386951313,133.38270410909877,128.88697605750357,129.88926696777344,151101000
2021-04-30,128.23500614148355,129.96712145874997,127.5441140528076,127.92362213134766,109839500
2021-05-03,128.48799878924353,130.46340362512916,128.28365629304724,128.97454833984375,75135100
2021-05-04,127.66086791309522,127.95280060042849,123.29164779323206,124.41071319580078,137564700
2021-05-05,125.7243763335603,126.94074997232987,124.52746883053813,124.65397644042969,84000900
2021-05-06,124.44962368045476,126.25958831497178,123.71006640231249,126.24986267089844,78128300
2021-05-07,127.54628780481441,127.94592476658238,126.21086763240989,126.92244720458984,78973300
2021-05-10,126.14264776926625,126.26935540308767,123.60828686336556,123.64727783203125,88071200
2021-05-11,120.38186236478138,123.08192191649415,119.67029018955704,122.73101806640625,126142800
2021-05-12,120.284401882613,121.49309231644543,119.16343556175418,119.67030334472656,112172300
2021-05-13,121.43458279999426,122.96494285084451,121.12266251691543,121.81473541259766,105861300
2021-05-14,123.06241748790161,124.66100988052594,122.67251527187383,124.23211669921875,81918000
2021-05-17,123.61802565600583,123.72524895126948,122.00968366381709,123.0819091796875,74244600
2021-05-18,123.3646094337638,123.78375308679564,121.62955208202142,121.69778442382812,63342900
2021-05-19,120.05045503106065,121.76601312715728,119.75802646818856,121.54182434082031,92612000
2021-05-20,122.06817912472063,124.49530918227134,121.94145662294912,124.09565734863281,76857100
2021-05-21,124.59281771546705,124.7682733974029,122.04871404578164,122.2631607055664,79295400
2021-05-24,122.82848472896345,124.70975612799803,122.76025239580743,123.89096069335938,63092900
2021-05-25,124.59278434432386,125.08016771850949,123.13065653206684,123.69601440429688,72009500
2021-05-26,123.75450113667013,124.17364475386753,123.22813421483384,123.64727783203125,56575900
2021-05-27,123.24764397847942,124.41734339161216,121.92198067731965,122.11692810058594,94625600
2021-05-28,122.3995899273286,122.6237861257757,121.40534630909178,121.46382904052734,71311100
2021-06-01,121.92196296159237,122.1851426884376,120.81074644955004,121.14215850830078,67637100
2021-06-02,121.14217571934485,122.07793673418138,120.91798692698966,121.90248107910156,59278900
2021-06-03,121.5320538514475,121.69775987143738,120.02118559755706,120.42083740234375,76229200
2021-06-04,120.93747667465416,122.97471215998662,120.72303005127523,122.7115249633789,75169300
2021-06-07,122.98444744531308,123.1306617200527,121.67828344764422,122.72126770019531,71057600
2021-06-08,123.40357440763638,125.21662075817993,123.02342180669262,123.5400390625,74403800
2021-06-09,123.99817846383709,124.52454534046706,123.32559732645998,123.92019653320312,56877900
2021-06-10,123.81299241371467,124.95345787476269,122.7602659341765,122.92597198486328,71186400
2021-06-11,123.33533219429354,124.22235981657349,122.91618866316138,124.13462829589844,53522400
2021-06-14,124.59279446771667,127.24411353581664,123.86173050218788,127.18563079833984,96906500
2021-06-15,126.6592574474217,127.30259723643738,126.12314095657528,126.36682891845703,62746300
2021-06-16,127.07841452715692,127.58528973592168,125.21664949570912,126.86396789550781,91815000
2021-06-17,126.52279301183641,129.20336059736883,126.37657131032402,128.46253967285156,96721700
2021-06-18,127.40984095504005,128.18963065921508,126.95170632339287,127.16615295410156,108953300
2021-06-21,127.01019740258512,129.06692486047993,125.94772121838587,128.95970153808594,79663300
2021-06-22,128.79396232556323,130.6947253937975,128.29682937988724,130.5972442626953,74783600
2021-06-23,130.39253480000346,130.92865119213846,129.8661605700781,130.3242950439453,60214200
2021-06-24,131.0554073186903,131.240612583958,129.57378007008424,130.0416717529297,68711000
2021-06-25,130.09040620403312,130.50954241745376,129.4568084909208,129.74923706054688,70783700
2021-06-28,130.04163948891443,131.83517920756188,129.9831567614525,131.37704467773438,62111300
2021-06-29,131.3965550234282,133.0438880631515,130.9579196567259,132.88792419433594,64556100
2021-06-30,132.7319822442512,133.94068011687085,132.439553660315,133.50204467773438,63261400
2021-07-01,133.15110203776288,133.86266668828733,132.33229922059724,133.80418395996094,52485800
2021-07-02,134.41825327969627,136.46523779604922,134.272046474327,136.42625427246094,78852600
2021-07-06,136.53353205806397,139.5357553993497,136.53353205806397,138.43429565429688,108181800
2021-07-07,139.91585290212097,141.23177365056304,139.05808151749494,140.91986083984375,104911600
2021-07-08,138.00536723887996,140.42274763655988,137.11833949517367,139.6234588623047,105575500
2021-07-09,139.1458282969305,141.97260274724476,139.04834716131978,141.4462432861328,99890800
2021-07-12,142.5184400812916,142.62566335381342,140.36423246918253,140.8516082763672,76299700
2021-07-13,140.39352411006757,143.7369310790402,140.00362927408963,141.96287536621094,100827100
2021-07-14,144.3607540301203,145.79364043052715,143.95134516697595,145.3842315673828,127050800
2021-07-15,145.47196100861444,146.21276700697837,143.37623575739534,144.73114013671875,106820300
2021-07-16,144.7116519617399,145.9788173432772,142.19679065127386,142.69390869140625,93251400
2021-07-19,140.12058929133983,140.43251704679776,138.0931035014654,138.85340881347656,121434600
2021-07-20,139.83792120496685,143.38601770583355,139.35054523026795,142.45999145507812,96350000
2021-07-21,141.8556806702285,142.44053791570667,140.97840967554887,141.7289581298828,74993500
2021-07-22,142.25529492286392,144.4582288663732,142.12857241610413,143.0935821533203,77338200
2021-07-23,143.82464898024415,144.9651069434816,143.2105505102186,144.80914306640625,71447400
2021-07-26,144.5264945756414,146.04710543551434,143.9708787526298,145.2283172607422,72434100
2021-07-27,145.35501995009983,145.44275893789174,141.87516288945258,143.06436157226562,104818600
2021-07-28,141.15382825419624,143.25929604709813,138.94113715127986,141.3195343017578,118931200
2021-07-29,141.03686397561236,142.84990322262558,140.92964066468824,141.96287536621094,56699500
2021-07-30,140.73467853831747,142.63544169374407,140.47149137109437,142.17730712890625,70440600
2021-08-02,142.6646895204393,143.2397895751834,141.582714310116,141.8459014892578,62880000
2021-08-03,142.12856645538005,144.30225894055675,141.51446802349406,143.63943481445312,64786600
2021-08-04,143.55175020828588,144.05861060643986,142.58674024606307,143.2398223876953,56368300
2021-08-05,143.26903344221475,144.107320690727,142.47948676454712,143.34701538085938,46397700
2021-08-06,142.86867690985883,143.61059289976055,142.16580285802874,142.66366577148438,54126800
2021-08-09,142.72225212556916,143.21035833317768,142.05843483321482,142.6148681640625,48908700
2021-08-10,142.9565505100319,144.196344465899,141.84366893661831,142.13653564453125,69023100
2021-08-11,142.57578725696132,143.22984760890972,142.06815276895088,142.3903045654297,48493500
2021-08-12,142.71249604702388,145.50446416374155,142.37081574173467,145.3482666015625,72282600
2021-08-13,145.4263255685366,145.88514647193662,144.74298004086066,145.55323791503906,59375000
2021-08-16,145.0065478391044,147.59351900321374,142.9857964116818,147.52517700195312,103296000
2021-08-17,146.65639729187643,148.07190241442922,145.54351565601462,146.6173553466797,92229700
2021-08-18,146.23660593235846,147.134719463398,142.67342208980006,142.87843322753906,86326000
2021-08-19,141.5801148978695,144.47946756706352,141.06272340162622,143.21038818359375,86960300
2021-08-20,143.9327425154178,144.9675251601663,143.28843882859866,144.66490173339844,60549600
2021-08-23,144.7820517027598,146.61733569322215,144.37204430196212,146.1487579345703,60131800
2021-08-24,145.89492826143862,147.27139120779157,145.60206158624175,146.06088256835938,48606400
2021-08-25,146.24637657624294,146.74425443123712,144.28419502392072,144.83087158203125,58991300
2021-08-26,144.82115554173248,145.57282857258215,144.00112557816965,144.03041076660156,48597200
2021-08-27,143.97177197062845,145.21156564308194,143.33723999505236,145.0651397705078,55802400
2021-08-30,145.45562564226032,149.83882401907485,145.07490345956626,149.4776153564453,90956700
2021-08-31,149.02856544896787,149.16523456794167,147.69114453920625,148.2183074951172,86453100
2021-09-01,149.19453621732464,151.29338682527435,148.71618680019012,148.88214111328125,80313700
2021-09-02,150.20980882981786,151.03959539227287,148.7747752992504,149.9950408935547,71115500
2021-09-03,150.10242979976638,150.95174481050074,149.4483692072004,150.6295928955078,57808700
2021-09-07,151.28363626481305,153.51915609845358,150.71743128739138,152.9627227783203,82278300
2021-09-08,153.24581573453693,153.3043860941943,150.31717858511598,151.42030334472656,74420200
2021-09-09,151.7912489116524,152.39649574316758,150.2878736971047,150.405029296875,57305700
2021-09-10,151.3128888573864,151.7814665359228,145.16274910531013,145.42633056640625,140893200
2021-09-13,147.04686479158386,147.81806596111582,145.21158088499752,145.9925537109375,102404300
2021-09-14,146.7735217186003,147.4763957492906,143.4153491043727,144.5965576171875,109296300
2021-09-15,145.02608811276684,145.88515965134906,142.88818092204215,145.4849090576172,83281300
2021-09-16,144.90894501042473,145.4263362978241,143.71796490468603,145.2506103515625,68034100
2021-09-17,145.27992686740734,145.27992686740734,142.29270460935308,142.5855712890625,129868800
2021-09-20,140.37935348466607,141.39460787991925,137.909537174392,139.53981018066406,123478900
2021-09-21,140.50621829477157,141.1602935933769,139.38358019514303,140.0181121826172,75834000
2021-09-22,141.01386330488788,142.94675948187773,140.28170408222925,142.3805694580078,76404300
2021-09-23,143.16153904107028,143.581318108749,142.1755699033987,143.33726501464844,64838200
2021-09-24,142.19510285111807,143.96204492535793,142.09747565204063,143.4251251220703,53477900
2021-09-27,142.0096450384804,142.48799456461782,140.39890024168955,141.91201782226562,74150700
2021-09-28,139.8424227657557,141.30674132874793,138.31953384357482,138.5343017578125,108972300
2021-09-29,139.08098176355122,141.013878143942,138.65144592439347,139.4324188232422,74602000
2021-09-30,140.24265523549735,140.94552924628812,137.91926531672686,138.134033203125,89056700
2021-10-01,138.52450892126643,139.5202495626883,135.80088336468526,139.2566680908203,94639600
2021-10-04,138.38785651091933,138.82716398233575,134.98088496397907,135.83018493652344,98322000
2021-10-05,136.17188224652747,138.85646652806082,136.04496985928344,137.7533416748047,80861100
2021-10-06,136.15233067899587,138.76857249312508,135.07849119061893,138.6221466064453,83221100
2021-10-07,139.65692980871162,140.7893396562003,139.32502120039112,139.88145446777344,61732700
2021-10-08,140.60387247260306,140.75029837603776,139.16883903566588,139.50074768066406,58773200
2021-10-11,138.8857090401355,141.36528138783962,138.43664488957629,139.41285705566406,64452200
2021-10-12,139.82288519545196,139.84241361250955,137.68497785008697,138.143798828125,73035900
2021-10-13,137.88022678873125,138.0364094315763,135.88874541033104,137.55807495117188,78762700
2021-10-14,138.7295267040612,140.45742659800283,138.14379338196727,140.34027099609375,69907100
2021-10-15,140.35006796929892,141.45317790755652,140.09624319922384,141.3946075439453,67940300
2021-10-18,140.03766984054468,143.347029376178,139.75457479053856,143.06393432617188,85589200
2021-10-19,143.51298745891924,145.62160993395176,143.06393807186709,145.2213592529297,76378900
2021-10-20,145.1627504339508,146.1877762179813,144.5965455732881,145.7094268798828,58418800
2021-10-21,145.27014914498275,146.0804071368253,144.35250720492448,145.92420959472656,61421000
2021-10-22,146.12922747617256,146.6075619891813,145.1042015405824,145.15301513671875,58883400
2021-10-25,145.14322894722775,145.8168177773373,144.10844635434742,145.10418701171875,50720600
2021-10-26,145.77780790953028,147.25188335627817,145.46541277347194,145.76805114746094,60893400
2021-10-27,145.80709762491546,146.1682914783705,144.95779752805828,145.30923461914062,56094900
2021-10-28,146.256135746264,149.52643805425132,146.1585085567286,148.9407196044922,100077900
2021-10-29,143.7179583128391,146.3732566337639,142.927228830471,146.23658752441406,124953200
2021-11-01,145.44588063726485,146.1389830509936,144.28418557941234,145.41659545898438,74588300
2021-11-02,145.12370582377017,147.96448683414823,145.11393416867705,146.45135498046875,69122000
2021-11-03,146.8125588879088,148.35497602206758,146.25612565424197,147.8863983154297,54511500
2021-11-04,147.97426542713765,148.80403696262286,147.0566234619275,147.3690185546875,60394600
2021-11-05,148.49330137784227,148.79636649786093,146.70422366033108,147.89694213867188,65463900
2021-11-08,148.02403856122066,148.18046407919945,146.80199217243356,147.0757293701172,55020900
2021-11-09,146.8410949734435,148.0435844748696,146.70422637098488,147.4374542236328,56787900
2021-11-10,146.66511965093986,146.7726603269792,144.54364896685252,144.61207580566406,65187100
2021-11-11,145.62882237351127,146.0882980655143,144.37743321812488,144.5631866455078,41000000
2021-11-12,145.11067671997742,147.03662312152338,144.18192440007093,146.63580322265625,63804000
2021-11-15,147.00727451410145,148.48351596746593,146.08829332480207,146.6455535888672,59222800
2021-11-16,146.5868762388628,148.10221638704422,146.00028814358132,147.6231689453125,59256200
2021-11-17,147.6232038564801,151.53375230300938,147.61343285568483,150.05752563476562,88807000
2021-11-18,150.27258025090998,155.12165110785514,149.62733629184328,154.33953857421875,137827700
2021-11-19,154.12449892543512,157.41914644005507,153.02955003283444,156.95965576171875,117305600
2021-11-22,158.0643575600625,161.99446283900974,157.39957149925132,157.41912841796875,117467900
2021-11-23,157.51687668201387,158.18167763297342,155.5029467463392,157.80039978027344,96041900
2021-11-24,157.1551823252834,158.5140974575523,156.07000441983408,158.31857299804688,69463600
2021-11-26,156.00157185337474,156.8618824271744,152.8633499442556,153.30328369140625,76959800
2021-11-29,155.8060008585356,157.58530732404222,155.23896961955737,156.65655517578125,88748200
2021-11-30,156.41218795497596,161.81852071802552,156.34374618750323,161.6034393310547,174048100
2021-12-01,163.73463874085127,166.49158221025922,160.85061260681175,161.0852508544922,152052500
2021-12-02,155.1901268526862,160.52801734787488,154.27114554315142,160.0978546142578,136739200
2021-12-03,160.3520514474846,161.271032766341,156.14820866843903,158.22079467773438,118023100
2021-12-06,160.61602098349957,164.12575013017414,160.60624998109355,161.6230010986328,107497000
2021-12-07,165.2988995417756,167.74299254141582,164.57544264356054,167.3519287109375,120405400
2021-12-08,168.2806769394803,172.02502878126478,166.88264814477856,171.16470336914062,116998900
2021-12-09,170.9985052389604,172.79735388590385,170.03063915946248,170.6563262939453,108923700
2021-12-10,171.29179439045112,175.61294836881706,170.78341894665584,175.4369659423828,115402700
2021-12-13,177.06961358561998,178.0570365302883,171.6046261840087,171.8099365234375,153237000
2021-12-14,171.33091243496327,173.76523433574428,168.3589020297747,170.43148803710938,139380400
2021-12-15,171.19405708911282,175.48588396086842,168.4566698432585,175.2903594970703,131063300
2021-12-16,175.27076132354634,177.08916675225177,166.9315188519041,168.40774536132812,150185800
2021-12-17,166.12984262332955,169.59068583995455,165.89521929851176,167.3127899169922,195432700
2021-12-20,164.51674516713837,166.76531314131543,163.7150906232475,165.95387268066406,107499100
2021-12-21,167.72338564818043,169.3267095815399,165.33794920445052,169.1214141845703,91185900
2021-12-22,169.17031112645324,171.9272548095711,168.300214735498,171.71217346191406,92135300
2021-12-23,171.9174833311616,172.89512039322665,171.35045204505695,172.33786010742188,68356600
2021-12-27,173.12973764737882,176.38527073958,173.11019564746687,176.2972869873047,74919600
2021-12-28,176.1311025117923,177.2749361221624,174.5375492742612,175.28054809570312,79144300
2021-12-29,175.31966069433915,176.59059189162147,174.15627017338588,175.36854553222656,62348900
2021-12-30,175.45653864701075,176.53194546765312,174.10739462067014,174.21493530273438,59773000
2021-12-31,174.10735949284833,175.22186501048878,173.29591904054473,173.5989990234375,64062300
2022-01-03,173.85319685203027,178.79026689432098,173.73588518068755,177.93971252441406,104487900
2022-01-04,178.54586564233023,178.84893075193062,175.1143499260673,175.68138122558594,99310400
2022-01-05,175.59342173117227,176.1408961877194,170.73456355297643,171.00830078125,94537600
2022-01-06,168.83793801323478,171.37980064842037,167.80164498917833,168.15359497070312,96904000
2022-01-07,169.02367835082143,170.24572473108867,167.2052727402814,168.3197784423828,86709100
2022-01-10,165.2988731483881,168.64239004792708,164.40921985835627,168.33932495117188,106765600
2022-01-11,168.46643037323963,171.26245812752686,166.99997473942338,171.16470336914062,76138300
2022-01-12,172.18146241376857,173.2177554801649,170.91054596180936,171.6046600341797,74805200
2022-01-13,171.8490383580425,172.6702498945838,167.94826118313497,168.33932495117188,84505800
2022-01-14,167.50832321300913,169.89375992557677,167.26391395832079,169.19964599609375,80440800
2022-01-18,167.6745127192973,168.68147761318977,165.62148401611884,166.0027618408203,90956700
2022-01-19,166.19829964047344,167.25414945182573,162.22909557704548,162.51260375976562,94815000
2022-01-20,163.24583471657064,165.8854518373375,160.50844792121475,160.83106994628906,91420500
2022-01-21,160.7430445202844,162.61033443094894,158.67045923078265,158.7779998779297,122848900
2022-01-24,156.44148123567246,158.67049246380245,151.2404450916643,158.0056915283203,162294600
2022-01-25,155.42476587834435,159.12023349113454,153.5086052215586,156.20687866210938,115798400
2022-01-26,159.84364519078215,160.713741500623,154.2906743409117,156.1188507080078,108275300
2022-01-27,158.8171416631375,160.1760566161972,154.74039680395836,155.6593780517578,121954600
2022-01-28,162.00425626677838,166.54049197821774,159.15932862262193,166.52093505859375,179935700
2022-01-31,166.3547206203823,171.0864802658057,165.71924760028926,170.87139892578125,115541600
2022-02-01,170.1186576369502,170.93009836904955,168.45667724529795,170.7052459716797,86213900
2022-02-02,170.84207875406224,171.94681342176997,169.45383589849953,171.90769958496094,84914300
2022-02-03,170.57810026310062,172.2987509371964,168.27087633720052,169.03343200683594,89418100
2022-02-04,168.05462031161562,170.4235302318004,167.07573734632456,168.7496337890625,82465400
2022-02-07,169.20962915449093,170.27660749223818,167.33995999905824,168.03497314453125,77251200
2022-02-08,168.1035042386361,171.64706939744136,167.80983647215697,171.13804626464844,74829200
2022-02-09,172.33232573026677,172.91964646810396,171.2066015104205,172.55746459960938,71285000
2022-02-10,170.46265325992954,171.77435265074166,167.92735034711362,168.4853057861328,90865900
2022-02-11,168.690860750742,169.4250227899619,164.4914455219278,165.0787811279297,98670700
2022-02-14,163.8355528500562,165.99888966269845,163.04266044585623,165.3136749267578,86185500
2022-02-15,167.35955476472148,169.29773807776493,166.654758116967,169.14111328125,62527400
2022-02-16,168.2209893560315,169.67951494494773,166.45899759893967,168.9062042236328,61177400
2022-02-17,167.41826624498145,168.27968759105596,164.91232953264935,165.3136749267578,69589300
2022-02-18,166.23384762062662,166.93862933962222,162.68049906023276,163.76705932617188,82772700
2022-02-22,161.49605730830203,163.16995323151656,158.72581758393332,160.85000610351562,91162800
2022-02-23,162.04421705709984,162.64133603328534,156.37649344425944,156.6897430419922,90009200
2022-02-24,149.35788055449572,159.41100713080036,148.7901269618593,159.30332946777344,141147500
2022-02-25,160.38012393186045,161.6330924831591,157.47284137265066,161.36880493164062,91974200
2022-02-28,159.6166064975814,161.9267702066246,158.99990563300975,161.6331024169922,95056600
2022-03-01,161.22197083806662,163.0818568508139,158.5496253630897,159.75364685058594,83474400
2022-03-02,160.91849038376492,163.82577254598857,159.50889722189146,163.04266357421875,79724800
2022-03-03,164.91233720332733,165.34304789639853,162.05400207433684,162.71963500976562,76678400
2022-03-04,161.01640589639365,162.05401907314567,158.67687705595137,159.72427368164062,83737200
2022-03-07,159.91026569329455,161.53521443024337,155.68148559760553,155.93600463867188,96418800
2022-03-08,155.4661583222758,159.44041971330986,152.50992837199067,154.11529541015625,131148300
2022-03-09,158.06995256595388,159.959203685233,156.04367342146804,159.5089111328125,91454900
2022-03-10,156.81697023000987,157.00296029096637,152.6860849715575,155.17245483398438,105342000
2022-03-11,155.57379764949783,155.91641251914996,151.23735509056115,151.46249389648438,96970100
2022-03-14,148.25177493215907,150.86538982544317,146.9302923114544,147.43930053710938,108732100
2022-03-15,147.713390079557,152.28478532825997,147.20438184151632,151.81491088867188,92964300
2022-03-16,153.73352378158447,156.6212246232631,151.19822129277074,156.21987915039062,102300200
2022-03-17,155.26058530967927,157.60011436017203,154.30128444798586,157.22813415527344,75615400
2022-03-18,157.12042735161046,161.00659213717293,156.38626546421042,160.51715087890625,123511700
2022-03-21,160.0570681157996,162.83710569668534,159.56762687828217,161.88758850097656,95811400
2022-03-22,162.0148902010955,165.84232561301783,161.42756947089018,165.2550048828125,81532000
2022-03-23,164.44248019289995,168.9942779440516,164.1096487837443,166.6156005859375,98062700
2022-03-24,167.44765777264146,170.46261801995993,166.61561651162776,170.39410400390625,90131400
2022-03-25,170.20812239603873,171.57855215101324,169.1019802060181,171.03038024902344,80546200
2022-03-28,168.53423961902578,172.01905978493204,168.3678313455488,171.89181518554688,90371900
2022-03-29,172.95877935054617,175.22977935165113,172.6161644453855,175.18084716796875,100589400
2022-03-30,174.77948791199498,175.8171010585222,172.96854916161706,174.01596069335938,92633200
2022-03-31,174.08448573079536,174.27047582290578,170.7171270473916,170.92269897460938,103049300
2022-04-01,170.35495761395958,171.18701389593227,168.30909632537671,170.62904357910156,78751300
2022-04-04,170.8835430731966,174.72076108227714,170.75628355518236,174.67181396484375,76468400
2022-04-05,173.7516811601631,174.53479031608524,170.73672061862993,171.3632049560547,73401800
2022-04-06,168.72019203962893,169.96337702443967,166.53728819844997,168.20138549804688,89058800
2022-04-07,167.5455515170426,169.69909027693134,166.26321768469555,168.50485229492188,77594700
2022-04-08,168.1524524173325,168.1524524173325,165.62693350816983,166.49813842773438,76575500
2022-04-11,165.14731642594322,165.46055114101816,162.0050962053992,162.24981689453125,72246700
2022-04-12,164.47187468621496,166.28279871101802,163.12101178667447,164.11947631835938,79265200
2022-04-13,163.85517369033073,167.42808955183875,163.24827119923606,166.80160522460938,70618900
2022-04-14,167.01694559853848,167.65322825491936,161.55477886000992,161.79949951171875,75329400
2022-04-18,160.4584131571765,163.08182595142617,160.1158132536157,161.58413696289062,69023900
2022-04-19,161.53521398147984,164.2760883021938,160.44865367684753,163.8649444580078,67723800
2022-04-20,165.1962674744082,165.31374357546795,162.59245039656437,163.69857788085938,67929800
2022-04-21,165.34307817395856,167.90774603308134,162.4064301142371,162.90565490722656,87227800
2022-04-22,162.94482378114378,164.3250370614869,158.08955892864606,158.37342834472656,84882400
2022-04-25,157.71758646013552,159.72429911751857,155.11376965466397,159.4404296875,96046400
2022-04-26,158.82372320771267,158.91181906878418,153.4105028966986,153.4888153076172,95623200
2022-04-27,152.61759051221244,156.41564486229873,152.0987839265491,153.26365661621094,88063200
2022-04-28,155.88704759214835,161.0457628626786,155.57379800357486,160.18434143066406,130216800
2022-04-29,158.42236732431553,162.69029635210208,153.92929946524063,154.3208465576172,131747600
2022-05-02,153.40069487713816,154.88858563658798,150.0333364297974,154.62429809570312,123055300
2022-05-03,154.81029731534235,157.31624964341847,153.01895506893698,156.11221313476562,88966500
2022-05-04,156.29817374379095,162.9643614673084,155.89682831665468,162.5140838623047,108256500
2022-05-05,160.38991736716943,160.61505617925764,151.6778534074066,153.4594268798828,130525300
2022-05-06,152.9398334410661,156.30234136161945,151.14584468974874,154.18484497070312,116124600
2022-05-09,151.88108159062776,152.763379211531,148.50879088738637,149.06756591796875,131577900
2022-05-10,152.4594939260044,153.65548649022554,149.92045170349726,151.4693603515625,115366700
2022-05-11,150.4792663261752,152.3908891933398,142.94059580220576,143.6170196533203,142689800
2022-05-12,139.96037524904284,143.32286770290355,136.0685012982066,139.75450134277344,182602000
2022-05-13,141.74458368466105,145.18551933414366,140.29371306035543,144.21499633789062,113990900
2022-05-16,142.68568558350242,144.61691862288893,141.34263600841436,142.67587280273438,86643800
2022-05-17,145.93054340694096,146.82263885480765,143.79343645262884,146.30307006835938,78336300
2022-05-18,143.9601314929513,144.46008977155722,137.14688920750964,138.04879760742188,109742900
2022-05-19,137.12733672841802,138.87230729936778,133.911884330813,134.64712524414062,136095600
2022-05-20,136.3528361484188,137.93115346240322,130.00036063657,134.88235473632812,137426100
2022-05-23,135.0784317492794,140.4407891232643,134.9411873997547,140.2937469482422,117726300
2022-05-24,138.03901137531423,139.176187438702,134.6274981436638,137.59786987304688,104132700
2022-05-25,135.7058176181396,138.99969650386015,135.61759232548434,137.75469970703125,92482700
2022-05-26,134.68632509732035,141.49955424467313,134.44124480454857,140.95057678222656,90601500
2022-05-27,142.5288422380691,146.73441193920726,142.4013957458045,146.69520568847656,90978500
2022-05-31,146.1364648342796,147.69517170019813,143.95033814163904,145.91098022460938,103718400
2022-06-01,146.95010821381516,148.75391017683245,144.773794451972,145.78353881835938,74286600
2022-06-02,144.92086964479174,148.29317661370146,143.9699569834941,148.23435974121094,72348100
2022-06-03,144.0091506541789,145.05810131692076,141.61717995046743,142.51907348632812,88570300
2022-06-06,144.13656879270374,145.6462712304333,142.0484806619193,143.2640838623047,71598400
2022-06-07,141.50933876771822,146.06782531945106,141.26425852389363,145.78353881835938,67808200
2022-06-08,145.65610359122917,146.92071116560922,144.5581488005419,145.04830932617188,53950200
2022-06-09,144.18557316361037,145.03844740252498,139.72511089989996,139.83294677734375,69473000
2022-06-10,137.51946346720038,137.99001347783712,134.36282785208675,134.43145751953125,91437900
2022-06-13,130.2552525242583,132.53940235521404,128.85340060932865,129.2847442626953,122207100
2022-06-14,130.51011351307002,131.25515193955982,128.8925752102517,130.1473846435547,84784300
2022-06-15,131.64726649009233,134.63724775917188,129.5591934714462,132.76483154296875,91533000
2022-06-16,129.48081745861586,129.78471461746233,126.50063282793158,127.50056457519531,108123900
2022-06-17,127.51038506940986,130.46114648258305,127.2554919851494,128.97105407714844,134520300
2022-06-21,130.79441426737327,134.36278178825876,130.69639115129178,133.19619750976562,81000500
2022-06-22,132.1374700396713,135.04902480535304,131.27479767249656,132.68646240234375,73409200
2022-06-23,134.12748814246305,135.86264504741038,132.9609040918498,135.5489501953125,72433800
2022-06-24,137.1468791706762,139.117333627322,137.01944763359853,138.87225341796875,89116800
2022-06-27,139.89178050713437,140.66624234545563,138.19582964679236,138.87225341796875,70207900
2022-06-28,139.33299738336785,140.59760460905184,134.61765682035212,134.73529052734375,67083400
2022-06-29,134.75490940956817,137.90173093297278,133.98044756827542,136.4900665283203,66242400
2022-06-30,134.5490488814723,135.64700354645933,131.13753620204082,134.02947998046875,98964500
2022-07-01,133.36285690870372,136.3038197907336,132.9903451154339,136.19598388671875,71051600
2022-07-05,135.05883599741875,138.82326526029516,134.23535494237336,138.7742462158203,73353800
2022-07-06,138.56834136394644,141.28381901974345,138.30365057809186,140.10743713378906,74064300
2022-07-07,140.4701612232241,143.66601661315485,140.46036340026106,143.46995544433594,66253700
2022-07-08,142.40140757015126,144.64635079248632,142.1465295229667,144.14637756347656,64547800
2022-07-11,142.80331779694055,143.75423009408246,140.95051223046443,142.01905822753906,63141600
2022-07-12,142.89157069008422,145.52863633565593,142.19555121961218,142.98960876464844,77588800
2022-07-13,140.17610485424197,143.56800712971256,139.3232154144063,142.6269073486328,71185600
2022-07-14,141.24465485515523,146.01881345268225,140.43098661066193,145.5482635498047,78140700
2022-07-15,146.83244295612025,147.89119117713278,145.28353435270415,147.2147674560547,76259900
2022-07-18,147.77360356027648,148.58727184385728,143.813098058474,144.1758270263672,81420900
2022-07-19,145.0090973341563,148.25395782693252,144.0189783944477,148.0284881591797,82982400
2022-07-20,148.14609070693865,150.6949310490213,147.41085002655058,150.02830505371094,64823400
2022-07-21,151.45956799212024,152.50851845862235,148.94994906470606,152.2928466796875,65086600
2022-07-22,152.33208328648058,153.2045683993023,150.39105184778396,151.0576629638672,66675400
2022-07-25,150.97921649648936,151.9889458272938,149.28326552705713,149.94007873535156,53623900
2022-07-26,149.2636538636445,150.07732200029463,147.83239373585778,148.6166534423828,55138700
2022-07-27,149.57735592146827,154.23387992265205,149.16562296270044,153.70449829101562,78620700
2022-07-28,153.89078059336344,154.53779601902812,151.37136349671525,154.25350952148438,81378700
2022-07-29,158.0669235799792,160.40988958103017,156.36116008489938,159.31192016601562,101786900
2022-08-01,157.84147403635484,160.37070393464464,157.72384030664722,158.33163452148438,67829400
2022-08-02,156.94940053816907,159.21393969022574,156.48864846428177,156.8611602783203,59907000
2022-08-03,157.67478223031586,163.31162641377182,157.5865569548774,162.86068725585938,82507500
2022-08-04,162.7430429706028,163.8998292386339,161.19413438441296,162.54698181152344,55474100
2022-08-05,160.22042780912037,162.81206933981917,160.01426786699392,162.32122802734375,56697000
2022-08-08,163.32249921406247,164.73612429374802,161.19225016288922,161.8499755859375,60276900
2022-08-09,161.0156004495246,162.78263230320212,160.25970057725633,161.89910888671875,63135500
2022-08-10,164.60854654925055,166.23814341245296,163.8428352480907,166.13998413085938,70170500
2022-08-11,166.94495103045548,167.85792369494868,165.10920924668594,165.40371704101562,57149200
2022-08-12,166.70933581222894,169.01628078921996,166.29701596444957,168.94757080078125,68039400
2022-08-15,168.37818541775778,170.21392688656005,168.21130119143814,170.01759338378906,54091700
2022-08-16,169.61515973457077,170.52813256412875,168.51567974819596,169.86058044433594,56377100
2022-08-17,169.6052979143018,172.92337473871223,169.40896440067246,171.35269165039062,79542000
2022-08-18,170.56737014082248,171.69629926083016,169.9489052427666,170.9600372314453,62290100
2022-08-19,169.8605088981945,170.55751001123525,168.1720139278697,168.378173828125,70346300
2022-08-22,166.58172694573366,166.74861119438174,164.07843325743647,164.5005645751953,69026800
2022-08-23,164.01951691966545,165.61966421752064,163.59738564765863,164.16676330566406,54147100
2022-08-24,164.25514348994625,165.03066617037743,163.2047358944321,164.46128845214844,53841500
2022-08-25,165.68840868200775,167.0234977835924,165.26629230145085,166.91551208496094,51218200
2022-08-26,167.44563181749547,167.91683533755338,160.5640262370915,160.6229248046875,78961000
2022-08-29,158.19813716461735,159.91608162954805,156.89251255304256,158.42393493652344,73314000
2022-08-30,159.1602105704912,159.58232691391927,154.83098655063566,155.9991912841797,77906200
2022-08-31,157.37354474862363,157.6386032608909,154.2616125155062,154.34014892578125,87991100
2022-09-01,153.77074600824523,155.51813965771387,151.83683028732437,155.0665740966797,74229900
2022-09-02,156.82381061062185,157.4226376540656,152.13136852434044,152.9559783935547,76957800
2022-09-06,153.60386838160778,154.21250676362826,150.8747921160952,151.69940185546875,73714800
2022-09-07,151.9841232844313,153.80022729759784,150.79628062278962,153.10324096679688,87449600
2022-09-08,151.80738719524012,153.49588236025656,149.88328282837716,151.6306915283203,84923800
2022-09-09,152.62219009337275,154.92915012061422,151.91537744584716,154.4873809814453,68028800
2022-09-12,156.6667134786447,161.2511691580026,156.38203213199495,160.43637084960938,104956000
2022-09-13,156.97102730327344,157.5993035102858,150.5606417135221,151.02203369140625,122656600
2022-09-14,151.95465448242936,154.22235404144755,150.79627611743592,152.4651336669922,87965400
2022-09-15,151.81719923234522,152.39640331677907,148.6071081028978,149.57896423339844,90481100
2022-09-16,148.44021232229758,148.5776472684102,145.65222273370736,147.93954467773438,162278800
2022-09-19,146.57504690151106,151.7288812650201,146.368901915373,151.6503448486328,81474200
2022-09-20,150.59011171978128,155.18439428665013,150.27598106267698,154.0260009765625,107689800
2022-09-21,154.4579373320565,155.83230196535132,150.78645397951445,150.9042510986328,101696800
2022-09-22,149.58879338602387,151.6405063427645,148.14571882351763,149.94219970703125,86652500
2022-09-23,148.4206031759059,148.69547312127722,145.83877299693037,147.6745147705078,96029900
2022-09-26,146.91861726875362,150.95333323742267,146.8989794231201,148.00828552246094,93339400
2022-09-27,149.9422080635759,151.88593544780034,147.20330517830297,148.9801483154297,84442700
2022-09-28,144.93560783080054,147.8806554147203,142.18689375661808,147.09530639648438,146691400
2022-09-29,143.4238179924611,144.03245634378814,138.103085707034,139.8701171875,128138200
2022-09-30,138.69211755301987,140.4787870882612,135.47219979960417,135.6685333251953,124925300
2022-10-03,135.67837316238783,140.44935170481597,135.16789396191245,139.8406982421875,114311700
2022-10-04,142.37343574191996,143.5416405102459,141.61753589548164,143.42384338378906,87830100
2022-10-05,141.43100052371705,144.6803670999918,140.39040452379436,143.7183074951172,79471000
2022-10-06,143.13911161877988,144.83741801539523,142.55992258457076,142.7660675048828,68402200
2022-10-07,139.9290298735793,140.47878470691822,136.8956342636469,137.52391052246094,85925600
2022-10-10,137.84788513183594,139.29095992216133,136.03178109548642,137.84788513183594,74899000
2022-10-11,137.33739611427865,138.76084793369003,135.68817645989057,136.4342498779297,77033700
2022-10-12,136.58149154588781,137.78895683135124,135.6292583188671,135.8059539794922,70433700
2022-10-13,132.51732843397534,140.95978909716513,131.90867508719168,140.37078857421875,113224000
2022-10-14,141.66660017858484,141.87276009592642,135.65870802953629,135.84523010253906,88598000
2022-10-17,138.48598615048115,140.282452315822,137.7006369919499,139.8014373779297,85250900
2022-10-18,142.82500010106065,144.0128276023933,138.03438444661543,141.1168670654297,99136600
2022-10-19,139.09460416043055,142.2948839097448,138.9080820775627,141.224853515625,61758300
2022-10-20,140.4002861652171,143.21771116667537,140.03705332282223,140.7635040283203,64522000
2022-10-21,140.2530200648689,145.14181130627574,140.0370486455638,144.5724334716797,86548600
2022-10-24,144.4938810962025,147.47818995640918,143.32567626964715,146.7124786376953,75981900
2022-10-25,147.34075911907576,149.6968066869272,146.62413491177585,149.54954528808594,74732300
2022-10-26,148.19481318791426,149.20594507644813,145.32828678897533,146.6143035888672,88194300
2022-10-27,145.35776595535313,146.3198108162611,141.48993368404496,142.1476593017578,109180200
2022-10-28,145.4853576495381,154.61500878306214,145.11232844918345,152.8872528076172,164762400
2022-10-31,150.35449330723716,151.4147121907347,149.1372016307876,150.53118896484375,97943200
2022-11-01,152.2393339638939,152.60255171953904,146.3983256985316,147.89047241210938,80379300
2022-11-02,146.2215910525945,149.38260959122607,142.34394855337672,142.37339782714844,93604600
2022-11-03,139.45781809061094,140.18426855678922,136.20845130657773,136.33607482910156,97918500
2022-11-04,139.71866273149064,140.28898493787645,132.1373429796548,136.07058715820312,140814800
2022-11-07,134.82178704829124,136.8277351131925,133.40581664759068,136.60157775878906,83374600
2022-11-08,138.06670690734794,139.06967336647747,135.19544046730184,137.17189025878906,89908500
2022-11-09,136.18857977969958,136.23774833279379,132.3438299914245,132.61915588378906,74917800
2022-11-10,138.88288280173376,144.41891479492188,137.17191586897493,144.41891479492188,118854000
2022-11-11,143.38642351170455,147.50648417895965,141.96061049585242,147.20166015625,93979700
2022-11-14,146.48384590068005,147.77198095425382,144.96953850636208,145.80535888671875,73374100
2022-11-15,149.67962155098414,151.02675299903876,146.0806992107757,147.53599548339844,89868300
2022-11-16,146.64119143040293,147.36883205309908,144.83188757505272,146.30685424804688,64218300
2022-11-17,143.98623783804743,148.95196191687904,143.71091192910288,148.20465087890625,80389400
2022-11-18,149.7681336507777,150.1516244369956,147.46718893347042,148.76515197753906,74829600
2022-11-21,147.65398361312236,147.86047052115927,145.25470236836378,145.53985595703125,58724100
2022-11-22,145.65785433713793,147.90962978782017,144.47786920588229,147.6736297607422,51804100
2022-11-23,146.95583870512687,149.29612388958984,146.84767388557262,148.54881286621094,58301400
2022-11-25,145.8348580598712,146.3953525551104,144.66471552066162,145.63819885253906,35195900
2022-11-28,142.71777000634125,144.19273663104678,140.98714790150922,141.81312561035156,69246000
2022-11-29,141.88196729880755,142.393293327039,138.00773375100172,138.8140411376953,83763800
2022-11-30,139.04016787618127,146.23801151936658,138.20436253781247,145.5595245361328,111380900
2022-12-01,145.73651677852905,146.6411610165093,144.16321331865586,145.8348388671875,71250400
2022-12-02,143.52408428382984,145.53003217962117,143.21924526160134,145.34320068359375,65447400
2022-12-05,145.30391187981684,148.40133640660238,143.33728932207632,144.1829376220703,68826400
2022-12-06,144.61557170242608,144.8417290558683,139.55151049910586,140.52499389648438,64727200
2022-12-07,139.8170142991394,140.97731424983792,137.66356048798676,138.58787536621094,69721100
2022-12-08,139.9841640195035,141.12480845757423,138.7451974772698,140.26931762695312,62128300
2022-12-09,139.96449489513216,143.14060047218985,138.54852454565471,139.78750610351562,76097000
2022-12-12,140.31849324023466,142.08845624970894,138.70586361029962,142.07862854003906,70462700
2022-12-13,147.00502505789572,147.46718252429508,141.8328135242381,143.0422821044922,93886200
2022-12-14,142.9242617747897,144.21239680146076,138.80418622868987,140.81997680664062,82291200
2022-12-15,138.75501875197617,139.43350575702271,133.7597969655739,134.22195434570312,98931900
2022-12-16,134.4088086870883,135.35277902524194,131.4982009688156,132.2651824951172,160156900
2022-12-19,132.8551509782634,132.94364536804903,129.12840885731634,130.16087341308594,79592600
2022-12-20,129.19722445474264,131.02618341248566,127.72225803734129,130.092041015625,77432800
2022-12-21,130.76070405901197,134.52678732015247,130.5345467103143,133.18948364257812,85928000
2022-12-22,132.10786913644063,132.31435609146064,128.12545567267372,130.0232391357422,77852100
2022-12-23,128.73506338957282,130.21002976434445,127.47642661676507,129.6593780517578,63814900
2022-12-27,129.18740012847,129.21689825725943,126.57178934548489,127.85992431640625,69007800
2022-12-28,127.50595548300566,128.8432592520272,123.76937760067855,123.93653869628906,85438400
2022-12-29,125.8539710621533,128.30241331797103,125.59831560715067,127.44693756103516,75703700
2022-12-30,126.26698977683235,127.78128236285382,125.30334153820444,127.76161193847656,77034200
2023-01-03,128.10576142344397,128.71540946850325,122.09773035328112,122.98271179199219,112117500
2023-01-04,124.77234386397704,126.51280869797894,122.99255318811515,124.25119018554688,89113600
2023-01-05,125.0083194371755,125.63763785036865,122.67787726715527,122.93353271484375,80962700
2023-01-06,123.90701107409377,128.11557310740474,122.80570014344461,127.45675659179688,87754700
2023-01-09,128.2925949020793,131.18353181246084,127.72227268810083,127.9779281616211,70790800
2023-01-10,128.0860756971166,129.06938662217883,125.9817909176488,128.54823303222656,63896200
2023-01-11,129.05959971999454,131.2818777117784,128.2827904454057,131.26222229003906,69458900
2023-01-12,131.64567480294028,132.0193227611732,129.24639368399414,131.1835174560547,71379600
2023-01-13,129.82659632055703,132.66836552146214,129.46277592243695,132.5110321044922,57809700
2023-01-17,132.5798193932039,134.99875596810472,131.8915047175872,133.67129516601562,63646600
2023-01-18,134.53662257229425,136.29674271738915,132.7764874230637,132.9534912109375,69672800
2023-01-19,131.8423392118264,133.97612225756075,131.53751520588366,133.01248168945312,58280400
2023-01-20,133.02233471040634,135.71661273457056,131.98002726434026,135.56910705566406,80223600
2023-01-23,135.81489982286553,140.92812862349226,135.5985702195713,138.7550048828125,81760300
2023-01-24,137.96838472187488,140.77082749424633,137.95855701188813,140.15133666992188,66435100
2023-01-25,138.5386646946517,140.05295679787986,136.49337633149537,139.4924774169922,65799300
2023-01-26,140.78064047196506,141.8426182007582,139.53183124401355,141.55746459960938,54105100
2023-01-27,140.7708371263728,144.77290596887224,140.69217042868402,143.49459838867188,70555800
2023-01-30,142.54079133466578,143.12094131391822,140.46600420175812,140.61349487304688,64015300
2023-01-31,140.31849689379183,141.93112656571586,139.90550801485074,141.8819580078125,65874500
2023-02-01,141.56728874190614,144.16322923439725,138.96152054070433,143.00291442871094,77663600
2023-02-02,146.4149779827907,148.65692549625814,145.69716527119672,148.30294799804688,118339000
2023-02-03,145.55954560277002,154.75351068440185,145.36288637728777,151.92156982421875,154357300
2023-02-06,150.02374643909673,150.5448999991755,148.2636115818144,149.19775390625,69858300
2023-02-07,148.12600388600742,152.63939885505883,148.12600388600742,152.06907653808594,83322600
2023-02-08,151.3119247541495,152.00023955919008,148.64714493246836,149.38462829589844,64120100
2023-02-09,151.213581264491,151.75440537570756,147.9096553354024,148.35214233398438,56007100
2023-02-10,147.19007494553122,149.04151212756338,146.95371454850684,148.71652221679688,57450700
2023-02-13,148.65743217523777,151.91715888947925,148.62788900472555,151.51339721679688,62199000
2023-02-14,149.8096612758476,151.43461079325414,148.56880303013764,150.87326049804688,61707600
2023-02-15,150.78463194852628,153.13833305811258,150.5581292969133,152.97091674804688,65573800
2023-02-16,151.17854429955682,153.95572244720177,151.02098573800205,151.37551879882812,68167900
2023-02-17,150.03619479649413,150.6763169294936,148.55897600306773,150.233154296875,59144100
2023-02-21,147.91882364629484,149.00212332766463,146.15601601247863,146.22494506835938,58867200
2023-02-22,146.60902132895072,147.67262055430007,144.9250004924314,146.64842224121094,51011300
2023-02-23,147.8105044744373,148.05670759936388,145.00379786650186,147.1309814453125,48394200
2023-02-24,144.87574571223192,144.95453250364176,143.50685714395402,144.48182678222656,55469600
2023-02-27,145.46665970602933,146.90447752822308,145.21059884097443,145.6734619140625,44998500
2023-02-28,144.81668575965537,146.81585399639758,144.60002580056587,145.1712188720703,50547000
2023-03-01,144.600022862706,144.99394185647634,142.80765687884437,143.1031036376953,55479000
2023-03-02,142.1872231725768,144.481837933212,141.71450238763347,143.69398498535156,52238100
2023-03-03,145.79162671403117,148.81500811176437,145.09241829817535,148.73622131347656,70732300
2023-03-06,151.4543124625378,153.926201531547,151.1293375512549,151.49371337890625,87558000
2023-03-07,151.3656586110283,151.69064849711955,148.83469862838186,149.2975616455078,56182000
2023-03-08,150.48919246419973,151.13917230662574,149.52408044265695,150.54827880859375,47204800
2023-03-09,151.2277963802791,152.1929083670859,147.9483691410299,148.3029022216797,53833600
2023-03-10,147.92866457828165,148.64757336129242,145.3681465462101,146.24462890625,68572400
2023-03-13,145.56511831219402,150.81417020284252,145.4567883472071,148.18472290039062,84457100
2023-03-14,148.98245037600438,151.07024829967136,147.8203787096759,150.27255249023438,73695900
2023-03-15,148.89377768233683,150.92248866561948,147.64306182318006,150.66644287109375,77167900
2023-03-16,149.84904194741503,154.08373780814682,149.33693534803646,153.48300170898438,76161100
2023-03-17,153.70954970993674,154.35952962100535,151.9368840556802,152.6459503173828,98944600
2023-03-20,152.71486085947325,155.4230948668754,151.80882025865256,155.00946044921875,73641400
2023-03-21,154.93070734117964,156.9791040860205,154.16253977805687,156.86093139648438,73938300
2023-03-22,156.8805976022137,159.67746084227036,155.41322191031108,155.43292236328125,75701800
2023-03-23,156.41776312286146,159.0964541870748,155.28521978995877,156.5162353515625,67622100
2023-03-24,156.44731907052963,157.9048374069247,155.4526638252611,157.8162078857422,59196500
2023-03-27,157.5108907515981,158.3282868109909,155.4723219600322,155.8760986328125,52390300
2023-03-28,155.57082346557496,156.0829301456233,153.6110412861723,155.25567626953125,45992200
2023-03-29,156.94954647836764,158.60403911493316,156.92986104995282,158.3282928466797,51305700
2023-03-30,159.07675364456477,160.00247975071784,158.82070781762587,159.89414978027344,49501700
2023-03-31,159.97293860815142,162.49405610459849,159.45098920585787,162.39556884765625,68749800
2023-04-03,161.775178500926,163.76448923786776,161.72593486293172,163.6463165283203,56976200
2023-04-04,164.06975594835677,164.30610131295074,162.60238002597387,163.11448669433594,46278300
2023-04-05,162.2379998945446,162.54328933366952,159.34264903941414,161.2728729248047,51511700
2023-04-06,159.963052724609,162.4546416380935,159.5395906537556,162.15919494628906,45390100
2023-04-10,158.96841666370352,159.56915283203125,157.64877164706385,159.56915283203125,47716900
2023-04-11,159.88431146406083,159.89415417908276,158.07224508795338,158.35784912109375,47644200
2023-04-12,158.77145737665472,159.59869619161648,157.35332510698044,157.66847229003906,50133100
2023-04-13,159.17522685740187,163.28189260314673,158.96840964951016,163.0455322265625,68445600
2023-04-14,162.09028798128088,163.79402444901268,161.3319931654023,162.7008819580078,49386500
2023-04-17,162.58266215472722,162.8781088558677,161.53876350080176,162.7205352783203,41516200
2023-04-18,163.5773508935462,164.8674527745674,163.13417327770642,163.9417266845703,49923000
2023-04-19,163.28189796071484,165.60605581206516,163.0258371209191,165.0841064453125,47720200
2023-04-20,163.56751067945328,165.3204757933169,163.04556123695718,164.11900329589844,52456400
2023-04-21,162.5432913390932,163.9220227028112,161.991798793606,162.5137481689453,58337300
2023-04-24,162.49405610505224,163.0849495926161,161.40091367199096,162.8190460205078,41949600
2023-04-25,162.68119268208375,163.78417796430023,161.2433597017252,161.2827606201172,48714100
2023-04-26,160.58350725145092,162.76979197769046,160.32746143764658,161.2728729248047,45498800
2023-04-27,162.6811671878293,165.9999802574992,162.6811671878293,165.85226440429688,64902300
2023-04-28,165.93105213681218,167.27039764589344,165.33031595199535,167.10296630859375,55275900
2023-05-01,166.70905380019818,167.86128258741087,166.07877442017465,167.01434326171875,52472900
2023-05-02,167.50671716698386,167.76277797719564,164.99544284655173,165.98025512695312,48425700
2023-05-03,166.925713661642,168.32414556576836,164.6212560883793,164.90684509277344,65136000
2023-05-04,162.38570858289833,164.50304913491388,161.8145156138655,163.27203369140625,81235400
2023-05-05,168.38320830672657,171.65279246173276,168.16654839153733,170.9338836669922,113453200
2023-05-08,169.86041647416434,171.2096195052504,169.49604074216262,170.86492919921875,55962800
2023-05-09,170.42178299192224,170.90433143409618,168.99380806621033,169.16122436523438,45326900
2023-05-10,170.39224965147537,171.38690478906514,169.28924951921832,170.92404174804688,53724500
2023-05-11,171.20964753246403,171.93839911576495,169.5551548305296,171.1111602783203,49514700
2023-05-12,171.21962961924467,171.653548851867,168.6358569767775,170.1841583251953,45533100
2023-05-15,170.76604332494452,170.8153550777874,169.09940539456204,169.6911163330078,37266700
2023-05-16,169.6122205380261,170.74631561424053,169.4248449059238,169.6911163330078,42110300
2023-05-17,169.3360433616003,170.53916250241704,168.06386972955488,170.302490234375,57951600
2023-05-18,170.60822168470452,172.8172584115987,170.1940301198803,172.6298828125,65496700
2023-05-19,173.95134816577144,173.95134816577144,172.5213979143073,172.7383575439453,55809500
2023-05-22,171.5746815829952,172.2945999966471,171.05201016081833,171.79164123535156,43570900
2023-05-23,170.7364116817252,170.9829553293692,168.9119826700276,169.1881103515625,50747300
2023-05-24,168.7246024757336,170.03621645106807,168.16249079935005,169.4642333984375,45143500
2023-05-25,170.02639025907388,171.49578098867764,169.3163432435991,170.59837341308594,56058300
2023-05-26,170.92377905521317,173.3399036765556,170.7166757800904,173.0045928955078,54835000
2023-05-30,174.51347436884586,176.51540772383512,174.1288668535482,174.84877014160156,55964400
2023-05-31,174.87834951174753,176.87042648421155,174.3162227478627,174.79945373535156,99625300
2023-06-01,175.24320228346932,177.62974272201325,174.4838437196236,177.60015869140625,68901800
2023-06-02,178.52718373632618,179.2668146743205,176.78165050926717,178.4482879638672,61996900
2023-06-05,180.1050954524954,182.39301299737724,175.57854201305094,177.09725952148438,121946500
2023-06-06,177.4818328127375,177.62975297431,174.97694105936182,176.7323455810547,64848400
2023-06-07,175.97298038220674,178.7046879636189,174.86846975629078,175.36155700683594,61944600
2023-06-08,175.44046308150416,178.33981894141047,175.0065588784877,178.0735626220703,50214900
2023-06-09,178.9907186665087,179.71062202681557,178.1327514419261,178.45819091796875,48900000
2023-06-12,178.76388932505995,181.34766218390052,178.468033910057,181.24903869628906,54274900
2023-06-13,180.272706433175,181.60403301510047,179.91768300176238,180.77565002441406,54929100
2023-06-14,180.83483150172444,181.84073380664427,179.50350482104812,181.4068145751953,57462900
2023-06-15,181.41667817053525,183.94128262941163,181.23915892536104,183.43832397460938,65433200
2023-06-16,184.14840773628853,184.40482280312972,181.72242626645283,182.36343383789062,101256200
2023-06-20,181.8604527350327,183.52709013546678,181.8604527350327,182.4521484375,49799100
2023-06-21,182.34366316376426,182.8466218007744,180.06560242478363,181.4166717529297,49515700
2023-06-22,181.1997036995518,184.46393880857786,181.13066426325057,184.4146270751953,51245300
2023-06-23,182.9847233686237,184.96692915011988,182.45218058994394,184.09909057617188,53117000
2023-06-26,184.2470177435845,185.45015206010262,182.66913223239737,182.70858764648438,48088700
2023-06-27,183.3199642296852,185.78540030520836,183.10300465121298,185.4599609375,50730800
2023-06-28,185.33177206150037,187.27453708797546,185.0063477089331,186.63352966308594,51216800
2023-06-29,186.4658979165552,187.4422162021352,186.32783407243755,186.96884155273438,46347300
2023-06-30,188.9806695476879,191.7912585176698,188.6157746627016,191.28831481933594,85213200
2023-07-03,191.10093714903454,191.19956064074086,189.10885998965753,189.7991943359375,31458200
2023-07-05,188.92148652956726,190.31198136153697,187.98460856583768,188.68479919433594,46920300
2023-07-06,187.21536187872596,189.36523009534062,186.5842108059987,189.1581268310547,45094300
2023-07-07,188.7636804868427,190.0062550438309,187.60985803081866,188.04376220703125,46815000
2023-07-10,186.6434031135775,187.36332142042107,184.4540942539423,186.0023956298828,59922200
2023-07-11,186.5447914459214,186.68285528837708,184.02018687082855,185.47972106933594,46638100
2023-07-12,187.0575799007695,189.04965668897157,185.864317131752,187.14634704589844,60750200
2023-07-13,187.8662603208446,188.54672319895087,187.15621340871894,187.90570068359375,41342300
2023-07-14,187.60003337784804,188.53689645518494,187.00833750955647,188.05368041992188,41616200
2023-07-17,189.24688249449068,191.63343805134278,189.15813040004866,191.30799865722656,50520200
2023-07-18,190.67688432979497,191.6433313227349,189.75973403360663,191.05162048339844,48288200
2023-07-19,190.4303150490968,195.48938034906212,189.9865244553515,192.4026641845703,80507300
2023-07-20,192.39274739571397,193.75367279326204,189.8385594796479,190.45985412597656,59581200
2023-07-21,191.4164870851642,192.2744541324422,188.58615588066942,189.28634643554688,71951700
2023-07-24,190.73602285584008,192.21528467718613,189.59205676918674,190.08514404296875,45377800
2023-07-25,190.65713123041024,191.75178560391285,190.2527960456413,190.943115234375,37283200
2023-07-26,190.99241694846552,192.93518195125802,190.64726489612826,191.81094360351562,47471900
2023-07-27,193.3099522093675,194.47363103189025,189.8879250921341,190.5486602783203,47460200
2023-07-28,191.9785925358936,193.91150122150714,191.45592124266818,193.12255859375,48291400
2023-07-31,193.3493708168966,193.7734336784224,192.560428204252,193.73397827148438,38824100
2023-08-01,193.52691923606866,194.01013518521242,192.5801849485631,192.90562438964844,35175100
2023-08-02,192.34347668203839,192.48154051645844,189.19759252290805,189.91749572753906,50389300
2023-08-03,188.92148694956984,189.71041463976601,188.0536484329567,188.52700805664062,61235200
2023-08-04,182.95510234495143,184.78938756590674,179.4048680308995,179.47390747070312,115956800
2023-08-07,179.6119861039443,180.59816071157974,174.89807268327345,176.37733459472656,97576100
2023-08-08,177.205713919119,177.77769698523286,175.12488493894773,177.31419372558594,67823000
2023-08-09,178.36941190145535,178.42857997538025,174.5627769846933,175.72647094726562,60378500
2023-08-10,176.99860916334498,178.25105509162734,175.14461118800062,175.50949096679688,54686900
2023-08-11,175.10464195853916,176.38838822312198,174.34425781198718,175.56875610351562,52036700
2023-08-14,175.74650562753334,177.44501774834183,175.09474782272636,177.2178955078125,43675600
2023-08-15,176.6451590301692,177.23765386072782,174.8380204140677,175.23301696777344,43622600
2023-08-16,174.9169842350172,176.30935657463468,174.29485048513217,174.36398315429688,46964900
2023-08-17,174.92688028330798,175.29225282363015,171.31260330101006,171.82611083984375,66062900
2023-08-18,170.14735612669347,172.9123770667114,169.8116075662743,172.30999755859375,61172200
2023-08-21,172.88274314562352,173.92949746098708,171.56935789788312,173.6431121826172,46311900
2023-08-22,174.8478727981476,175.46012191641384,174.04799506153495,175.0157470703125,42038900
2023-08-23,176.28962468028294,179.28176749229362,176.1019960768648,178.8571319580078,52722800
2023-08-24,178.41275636104422,178.83739189345877,173.81097351698816,174.17636108398438,54945800
2023-08-25,175.1638506244018,176.91172570988553,173.62334339807447,176.37847900390625,51449600
2023-08-28,177.83999456976295,178.33374768816518,176.31924159506977,177.93875122070312,43820700
2023-08-29,177.4548654120463,182.58989476243158,177.25736718090633,181.81964111328125,53003900
2023-08-30,182.62942352828824,185.50307057198083,182.43192527543482,185.30555725097656,60813900
2023-08-31,185.49317264844964,186.75717945843076,185.1376697913831,185.52279663085938,60794500
2023-09-01,187.1225652663115,187.54718572230075,185.92767607044595,187.0929412841797,45766500
2023-09-05,185.92768366781115,187.6064413525269,185.26605625958229,187.32994079589844,45280000
2023-09-06,186.04618648324464,186.4905763861184,179.20277485131902,180.62478637695312,81755800
2023-09-07,172.9913289322691,175.98348658181322,171.37181936653653,175.3415985107422,112488800
2023-09-08,176.121746745329,177.9881329660241,175.56873058484743,175.953857421875,65551300
2023-09-11,177.82027676778657,178.0473990105972,175.12437356668377,177.119140625,58953100
2023-09-12,177.2475294233725,177.8795329175836,172.63587633671216,174.09738159179688,90370200
2023-09-13,174.30473020059844,175.08486860955094,171.8063404869434,172.03347778320312,84267900
2023-09-14,171.82610607332606,173.89987544974738,171.41135521167203,173.54437255859375,60895800
2023-09-15,174.27510652680778,174.29486087176767,171.6483512368518,172.82347106933594,109259500
2023-09-18,174.2751007250675,177.13887792290447,173.9689761950564,175.74649047851562,67257600
2023-09-19,175.3021409914078,177.38578010579235,174.91701409671836,176.83277893066406,51826900
2023-09-20,177.0203888259045,177.45489404541186,173.20861358406935,173.29750061035156,58436200
2023-09-21,172.36925276684747,174.0973890433764,171.68787090976878,171.75698852539062,63149100
2023-09-22,172.48772049861157,174.86761425499944,171.87547142547365,172.60621643066406,56725400
2023-09-25,172.02361011818323,174.7590070374673,171.97423178505466,173.880126953125,46172700
2023-09-26,172.63586851438868,173.01111068359924,169.51534481079926,169.8115997314453,64588900
2023-09-27,170.46331542744704,170.87806622328196,166.93792612877573,168.30067443847656,66921800
2023-09-28,167.22430983558627,169.88070413963854,165.52579782856736,168.5574493408203,56294400
2023-09-29,169.870831028669,170.90771561508154,168.21181267677895,169.07095336914062,51861100
2023-10-02,169.0808338409062,172.12235512412923,168.79444856905252,171.5792236328125,52164500
2023-10-03,170.1078129668395,171.46070671019788,168.68581669291316,170.24606323242188,49594600
2023-10-04,168.9524578917983,172.03348795172127,168.8339619515459,171.4903564453125,53020300
2023-10-05,171.6187292983148,173.25799352598938,170.52259660006877,172.72474670410156,48527900
2023-10-06,171.6286058875163,175.76625988669193,171.0163417068709,175.2725067138672,57266700
2023-10-09,174.6009972191987,176.81301689163445,173.60362121945622,176.75376892089844,42390800
2023-10-10,175.87485420705488,177.47460937430563,175.7267192412531,176.16122436523438,43698000
2023-10-11,175.9736336691769,177.60302823490863,175.38113888285298,177.55364990234375,47551100
2023-10-12,177.82025187235598,180.06188013769966,176.80310660532254,178.45225524902344,56743100
2023-10-13,179.15340788479125,179.65703072033497,175.91438812346496,176.6155242919922,51427100
2023-10-16,174.54176320804768,176.8426550206093,174.3047562379969,176.48715209960938,52517000
2023-10-17,174.4430143362244,176.19090503163542,172.61613638208402,174.936767578125,57549400
2023-10-18,173.3863659573123,175.36137864838344,172.9222367694585,173.6431121826172,54764400
2023-10-19,173.84059314667203,175.61810740546204,173.00122187734726,173.26785278320312,59302900
2023-10-20,173.11974130623128,173.2283676109075,170.48310107616433,170.72010803222656,64244000
2023-10-23,168.77470794688867,171.8359684831129,167.80694090892598,170.83859252929688,55980100
2023-10-24,170.8879597127696,171.50020876645127,169.3079436842464,171.27308654785156,43816600
2023-10-25,169.7325797223047,170.8978298690587,168.51793618108192,168.9623260498047,57157000
2023-10-26,168.24143389027685,169.23882483986895,163.60015755926395,164.80491638183594,70625300
2023-10-27,164.82467062426355,166.8490614359056,164.745668316651,166.11830139160156,58499100
2023-10-30,166.90830774256386,169.0314401165317,166.7601727667049,168.1624298095703,51131000
2023-10-31,167.23418704526227,168.764809656098,165.8022909489589,168.63644409179688,44846000
2023-11-01,168.86358325166134,172.05322449399938,167.99457285522465,171.79647827148438,56934900
2023-11-02,173.32712561259646,175.55888462715336,173.26787764016203,175.3515167236328,77334800
2023-11-03,172.06312932936157,174.61089777938133,171.1842491912974,174.44300842285156,79829200
2023-11-06,174.1763842242903,177.1882666996337,174.0085099439187,176.9907684326172,63841300
2023-11-07,176.94138484513783,180.1606652677133,176.7340169447808,179.5484161376953,70530000
2023-11-08,180.07177947416378,181.15802736111343,179.32126504404005,180.6050262451172,49340300
2023-11-09,180.67414339377055,181.81963914926845,179.5385022077218,180.13101196289062,53763500
2023-11-10,181.9108804268445,184.48178544542026,181.475802800193,184.3136749267578,66133400
2023-11-13,183.74018560328048,183.94782669363863,182.1482051958573,182.73159790039062,43627500
2023-11-14,185.5991101996175,186.0045247766197,184.214786141562,185.34202575683594,60108400
2023-11-15,185.7474572062222,187.3789832148446,185.67823345303117,185.90565490722656,53790500
2023-11-16,187.4482222334322,188.82266388785246,186.5385061665612,187.58665466308594,54412900
2023-11-17,188.12059370194675,188.24914348244,186.4594046371221,187.56686401367188,50922700
2023-11-20,187.76460727588125,189.76200213676566,187.75472463510502,189.30714416503906,46505100
2023-11-21,189.26762676216626,189.37639617894334,187.61632022600733,188.50624084472656,38134500
2023-11-22,189.34672485819107,190.77059476808083,188.69410838615653,189.16873168945312,39617700
2023-11-24,188.73363999587542,188.76330300712377,187.13177703645835,187.84371948242188,24048300
2023-11-27,187.79430602014355,188.53591159550703,186.78571821300812,187.66575622558594,40552600
2023-11-28,187.65581951789036,188.9412718291061,187.28006797313506,188.2688751220703,38415400
2023-11-29,188.76331653900834,189.93999969621768,186.85492560121705,187.2504425048828,43014200
2023-11-30,187.71517468500207,188.18981305356235,186.08364867108205,187.82394409179688,48794400
2023-12-01,188.19969953750024,189.4159283197641,187.11200544734405,189.09951782226562,45704800
2023-12-04,187.85358512953687,187.92280887485518,185.35190415389414,187.3097381591797,43389500
2023-12-05,188.08104861869373,192.22413865175915,188.05137051787239,191.25511169433594,66628400
2023-12-06,192.27358406476233,192.58011192579394,189.95977851245675,190.1674346923828,41089700
2023-12-07,191.4627450433353,192.81740609388598,191.42318430562543,192.0955810546875,47477700
2023-12-08,192.0263616366492,193.79633503305183,191.50229501018384,193.51947021484375,53406400
2023-12-11,190.9485830810774,191.3243346926335,189.27749628821252,191.01779174804688,60943700
2023-12-12,190.9189094878757,192.54055280703432,189.57413099725628,192.53067016601562,52696900
2023-12-13,192.90642113434447,195.78385412672148,192.66911702808835,195.7443084716797,70404200
2023-12-14,195.80361960949875,197.38570218691584,193.96443748585023,195.89260864257812,66831600
2023-12-15,195.3191123528845,196.1793699091571,194.79504567055722,195.35867309570312,128538400
2023-12-18,193.89520715993984,194.42917151631295,192.214237877434,193.69744873046875,55751900
2023-12-19,193.96444926391277,194.7456004150459,193.69746706046115,194.7357177734375,40714100
2023-12-20,194.69614571593394,195.46741418063525,192.64932250976562,192.64932250976562,52242800
2023-12-21,193.9050960501454,194.8741228719849,191.33419132020353,192.5009765625,46482500
2023-12-22,192.9954077755279,193.2228443252002,190.81015202156473,191.43310546875,37149600
2023-12-26,191.4429660781885,191.71983089218512,190.67169765519787,190.8892364501953,28919300
2023-12-27,190.33552729492325,191.33421726083122,188.95118798803827,190.98812866210938,48087700
2023-12-28,191.96705978425237,192.4812438348005,191.00791544042355,191.413330078125,34049900
2023-12-29,191.72973752393827,192.2241411947973,189.5840274029703,190.3750762939453,42672100
2024-01-02,185.05530386559408,186.3308738952772,181.83179708633995,183.5622100830078,82488700
2024-01-03,182.15809638511382,183.79952025374087,181.37693010719954,182.18775939941406,58414500
2024-01-04,180.1112512492328,181.04073256447913,178.85547678867908,179.8739471435547,71983600
2024-01-05,179.95304619735901,180.7144169560074,178.15340966673114,179.152099609375,62379700
2024-01-08,180.0519155054874,183.52263874374273,179.46852282651062,183.4830780029297,59144500
2024-01-09,181.8614486084712,183.07767744176536,180.68476543102267,183.0677947998047,42841800
2024-01-10,182.28664662503843,184.31368968460146,181.86145160567418,184.10604858398438,46792900
2024-01-11,184.4521049955326,184.9564063690912,181.5647895230864,183.5127410888672,49128400
2024-01-12,183.97748271061099,184.64987951630312,183.11722519297732,183.83905029296875,40477800
2024-01-16,180.12114381484557,182.1976301200088,178.90489995610474,181.57469177246094,65603000
2024-01-17,179.24113836166444,180.88254733207015,178.2819938870513,180.63534545898438,47317400
2024-01-18,184.00715864056133,187.0230241166397,183.7500741577492,186.51873779296875,78005800
2024-01-19,187.21087293560348,189.80154302609114,186.7065866846462,189.41590881347656,68903000
2024-01-22,190.14764863184953,193.14373357255337,190.10808789018887,191.7198486328125,60133900
2024-01-23,192.83720939883855,193.55903452389106,191.66052626402544,192.9954071044922,42355600
2024-01-24,193.23271418014866,194.18197579456825,192.16480052192722,192.32301330566406,53631300
2024-01-25,193.03498542605584,194.07323623297103,190.94860116972282,191.99673461914062,54822100
2024-01-26,192.09559590318426,192.58010181757646,189.7916731135176,190.26629638671875,44594000
2024-01-29,189.86086444187634,190.04874022336423,187.45807019569023,189.58399963378906,47145600
2024-01-30,188.80288370915284,189.65325866018404,185.37172089064353,185.93533325195312,55859400
2024-01-31,184.9464792769375,185.00582037875986,182.28660076654825,182.33602905273438,55467800
2024-02-01,181.93068222666935,184.85754373397813,181.7625867762094,184.7685546875,64885400
2024-02-02,177.84687547061628,185.2332669548565,177.24370243482153,183.76983642578125,102551700
2024-02-05,186.0440863383638,187.1317803970082,183.75994390321247,185.579345703125,69668800
2024-02-06,184.7685664877541,187.19114179840088,184.67957743559268,187.18125915527344,43490800
2024-02-07,188.50623739169367,188.91165203661865,186.49895962721544,187.29000854492188,53439000
2024-02-08,187.27021997882892,187.418535043408,185.2530596605407,186.2122039794922,40962000
2024-02-09,186.77650719907678,188.10321111496148,186.13296840440984,186.9745330810547,45155200
2024-02-12,186.5487888854563,186.79630612181433,184.93497167008087,185.29139709472656,41781900
2024-02-13,183.92512331150874,184.360756090923,181.68755769129083,183.20236206054688,56529500
2024-02-14,183.4796068721132,183.6875129162611,180.62820312290157,182.3212127685547,54630500
2024-02-15,181.72716915991907,182.65783644316613,179.5490203671251,182.03408813476562,65434500
2024-02-16,181.5984737728991,183.0142804515248,179.86585283584154,180.49949645996094,49752500
2024-02-20,179.984623854957,180.61826736487214,178.21240712023044,179.7569122314453,53665600
2024-02-21,180.13316833455778,181.0737309260645,178.86588113831095,180.5093994140625,41371400
2024-02-22,181.65784073265692,183.12315360761588,180.64798131414128,182.53900146484375,52292200
2024-02-23,183.17267506039363,183.20237592421455,180.42028422645075,180.70741271972656,45119700
2024-02-26,180.43022324442992,180.9450483706012,178.8560016756048,179.36094665527344,40867400
2024-02-27,179.30152539649055,182.09351248592515,177.77681047698752,180.8163299560547,54318900
2024-02-28,180.69750358801915,181.30144633523983,178.34114943443706,179.6183319091797,48953900
2024-02-29,179.46984202762675,180.75693496542868,177.74711623943745,178.9550018310547,136682600
2024-03-01,177.76690051629518,178.73716395290236,175.61845249589473,177.8758087158203,73563100
2024-03-04,174.40064432483445,175.14319605787904,172.06408093389737,173.361083984375,81510100
2024-03-05,169.0641855800497,170.33147275577412,167.93550746706842,168.4305419921875,95132400
2024-03-06,169.3612273012443,169.53944760498507,167.00485787713032,167.44049072265625,68587700
2024-03-07,167.47019012011697,169.03450118476172,166.81675596481475,167.32168579101562,71765100
2024-03-08,167.32166963491963,171.9749911536114,167.26226790901475,169.03448486328125,76267000
2024-03-11,171.22253935977105,172.64824117092596,170.34137853305091,171.034423828125,60139500
2024-03-12,171.43046672764987,172.30173241116674,169.31171935776177,171.50967407226562,59825400
2024-03-13,171.05422401757613,171.4700511814422,169.0641756745517,169.43051147460938,52488700
2024-03-14,171.1928340614332,172.57892461566286,170.34137411890524,171.2819366455078,72913500
2024-03-15,169.47011882986195,170.9057159423828,168.59885322457814,170.9057159423828,121752700
2024-03-18,173.82644596151624,175.94519331439105,171.79680120539754,171.99481201171875,75604200
2024-03-19,172.6086191723699,174.85607994565953,171.31163124958826,174.3313446044922,55215200
2024-03-20,173.97492929704185,176.8956298828125,173.3511809805003,176.8956298828125,53423100
2024-03-21,175.2917526971676,175.72738555690037,169.14341639458797,169.66815185546875,106181300
2024-03-22,170.05426688241553,171.33146450930536,168.37115239719608,170.56910705566406,71160100
2024-03-25,168.87608692531137,170.2324767040703,167.76719930445816,169.15330505371094,54288300
2024-03-26,168.3117257823714,169.71762191427138,167.89589862566189,168.0246124267578,57388400
2024-03-27,168.7176879462108,171.87601096065072,168.42066417893392,171.58888244628906,60273300
2024-03-28,170.04437673388762,170.51960569647457,168.81668554767697,169.7770538330078,65672700
2024-04-01,169.48991432845702,169.54931605122675,167.79688969325008,168.3414306640625,46240500
2024-04-02,167.40087579338118,167.65828830624176,166.55931106297376,167.1632537841797,49329500
2024-04-03,167.11373478373662,168.98496453257434,166.90582876011774,167.96519470214844,47691700
2024-04-04,168.59888151299202,170.2126991824844,167.14349365234375,167.14349365234375,53704400
2024-04-05,167.90579979250484,168.69785802201392,167.27215623034843,167.89590454101562,42104800
2024-04-08,167.35135668326646,167.51966659518817,166.5692088446593,166.77711486816406,37425500
2024-04-09,167.02466284236104,168.3909631058002,166.6781477036779,167.9850311279297,42373800
2024-04-10,167.12365945587084,167.4107728345435,165.45044033625643,166.11378479003906,49709300
2024-04-11,166.66822184170525,173.7175238179071,166.49001666248702,173.3016815185547,91070300
2024-04-12,172.52944039553972,176.58872985356905,172.47994902506244,174.7967071533203,101670900
2024-04-15,173.6185038309996,174.8758957155582,170.78690583147454,170.9750213623047,73531800
2024-04-16,170.04433444727835,172.03436750787574,166.59889888763496,167.6978759765625,73711200
2024-04-17,167.9256004082147,168.9552655008738,166.3315887451172,166.3315887451172,50901200
2024-04-18,166.36130787024413,166.96525061902096,164.89600984807865,165.38113403320312,43122900
2024-04-19,164.55936395716853,164.74746436429578,162.45051229612085,163.3613739013672,68149400
2024-04-22,163.8762094876148,165.59891971474525,163.1336578084027,164.19302368164062,48116400
2024-04-23,163.70792820716713,165.39104261951863,163.28219064755024,165.24252319335938,49537800
2024-04-24,164.8860792640679,167.61867928406764,164.55936979904956,167.34146118164062,48251800
2024-04-25,167.84642483703811,168.91570135131437,166.48012455092012,168.20285034179688,50558300
2024-04-26,168.19290937676217,169.63840150907166,167.49984906174126,167.61866760253906,44838400
2024-04-29,171.64827897757164,174.28186646983917,171.38097119165224,171.77699279785156,68169400
2024-04-30,171.6086653165762,173.25218351807536,168.31173366197407,168.63845825195312,65934800
2024-05-01,167.89588568564642,170.99480617347464,167.43055209459067,167.61866760253906,50383100
2024-05-02,170.79680537480178,171.69777183075684,169.19289835753364,171.3116455078125,94214900
2024-05-03,184.7963833456082,185.14291355827163,180.84601747897057,181.55886840820312,163224100
2024-05-06,180.5390848280799,182.37070337959045,178.62824383792136,179.9054412841797,78569700
2024-05-07,181.6281680754234,183.06376520709566,179.51933122687228,180.58859252929688,77305800
2024-05-08,181.0341248704048,181.25194126160505,179.64801918938014,180.9252166748047,45057100
2024-05-09,180.74702708520252,182.8261784061232,180.30149897565002,182.73707580566406,48983000
2024-05-10,183.3120539854214,183.50042466657956,180.56585391849484,181.4779510498047,50759500
2024-05-13,183.84742393900163,185.4931713127623,183.03445892506747,184.68020629882812,72044800
2024-05-14,185.89964252722956,186.68286641073877,184.69011878206607,185.82032775878906,52393600
2024-05-15,186.2962297111884,189.01268886802714,185.76085876781028,188.09068298339844,70400000
2024-05-16,188.83423487080034,189.458829238671,188.03119361367854,188.2096405029297,52845200
2024-05-17,187.88245575005936,189.17129419091543,187.55528802161362,188.23936462402344,41282900
2024-05-20,187.70400151197455,190.27175449259957,187.38674246856843,189.39930725097656,44361300
2024-05-21,189.44890089382775,191.07481584379752,189.28036268210627,190.69808959960938,42309400
2024-05-22,190.61877317517173,191.16405275409193,188.63594934473116,189.26052856445312,34648500
2024-05-23,189.33983451815809,189.35966699130785,185.0272019643745,185.27505493164062,51005900
2024-05-24,187.1984232707908,188.94330296502375,186.4251079843019,188.34844970703125,36327000
2024-05-28,189.86530324069457,191.3425125399711,187.4760118609873,188.35836791992188,52280100
2024-05-29,187.98160889548626,190.5989356775744,187.88246165547932,188.65576171875,53068000
2024-05-30,189.12173915319045,190.52954231443272,188.99286588586446,189.64718627929688,49889100
2024-05-31,189.79589676882185,190.9161970579539,188.2790377703441,190.59893798828125,75158300
2024-06-03,191.24336235629542,193.31542486412093,190.86663609575578,192.36366271972656,50080500
2024-06-04,192.96842627855952,193.64259428823095,191.3722523931234,192.68092346191406,47471400
2024-06-05,193.7219165766253,195.20903471348092,193.1964693784895,194.18788146972656,54156800
2024-06-06,194.0093990023229,194.81244022862765,192.50244866402238,192.80978393554688,41181800
2024-06-07,192.9783133981505,195.2486550396786,192.4726987931798,195.19908142089844,53103900
2024-06-10,195.20900753042525,195.60558138834554,190.49980075281104,191.4614715576172,97010200
2024-06-11,191.98692512163242,205.38091074009856,191.96710777388114,205.37098693847656,172373300
2024-06-12,205.58909768640683,218.3089152196564,205.1231328450552,211.2401580810547,198134300
2024-06-13,212.8957913864929,214.88852380834695,209.782758705521,212.40008544921875,97862700
2024-06-14,212.01343611534222,213.32209192759066,209.48533280144244,210.6651153564453,70122700
2024-06-17,211.53757201804441,217.06965275202606,210.89316027395952,214.80923461914062,93728300
2024-06-18,215.72132373307375,216.75240063817128,211.1707464886947,212.4496612548828,79943300
2024-06-20,212.0927425591543,212.4000929584359,207.05638337080816,207.87924194335938,86172500
2024-06-21,208.58315742215362,210.07027533194446,205.33132746963062,205.70806884765625,241805100
2024-06-24,205.93607160503834,210.87329840415435,204.81577136869439,206.3524627685547,80727000
2024-06-25,207.35380525957078,209.5646648210329,206.81844945769743,207.27450561523438,55549700
2024-06-26,209.68360834691896,213.01475280094434,208.83099354238436,211.4185791015625,66213200
2024-06-27,212.84622088780682,213.88720639689362,210.52632069800987,212.26129150390625,49772700
2024-06-28,213.91695291908772,214.21437951883613,208.4939285392998,208.81117248535156,82542700
2024-07-01,210.26856627972688,215.64201747450758,210.10002805599396,214.8885498046875,60402900
2024-07-02,214.2936836981781,218.4873670751859,213.25271326862932,218.37831115722656,58046200
2024-07-03,218.11063203893852,219.64732360839844,217.1489612238199,219.64732360839844,37369800
2024-07-05,219.7464397478406,224.5052198536283,219.7464397478406,224.3961639404297,60412400
2024-07-08,225.1397532025748,225.89323602358715,221.33273465594922,225.86349487304688,59085900
2024-07-09,225.9725055332989,227.42988222637766,224.4259054004998,226.716064453125,48076100
2024-07-10,227.3307677065015,231.0783037422216,227.28119408246098,230.97915649414062,62627700
2024-07-11,229.40283250811748,230.39424455320685,223.83110165559438,225.6156463623047,64710600
2024-07-12,226.9540066999144,230.64206011910093,226.71606240173486,228.56008911132812,53046500
2024-07-15,234.44908623752588,235.1926451763578,231.08820043911544,232.38694763183594,62631300
2024-07-16,232.98180687397965,234.24090427881208,230.33473879844306,232.80335998535156,43234300
2024-07-17,227.4794799069808,229.47222770464353,224.6936146131452,226.9143829345703,57345900
2024-07-18,228.3023336745397,228.46096321097224,220.36112971273346,222.2547149658203,66034600
2024-07-19,222.88925101284036,224.85224251867803,221.36246807560826,222.3836212158203,49151500
2024-07-22,225.06041535891617,225.82380677595344,221.174082433242,222.03662109375,48201800
2024-07-23,222.4431183487035,224.99105459605977,220.7676295522315,223.07762145996094,39960300
2024-07-24,222.07629380801336,222.86942645430565,215.2652980307627,216.66317749023438,61777600
2024-07-25,217.04981289629316,218.95333716975932,212.77682977395946,215.6221923828125,51391200
2024-07-26,216.8217851678197,217.6050090608147,214.15488466672127,216.08815002441406,41601300
2024-07-29,215.0967318967012,217.41663210574902,213.89711684474761,216.36573791503906,36311800
2024-07-30,217.3075789949067,218.43778796730905,214.2639371695869,216.92092895507812,41643800
2024-07-31,219.53825698895486,221.89782218872546,218.7352157578384,220.17276000976562,50036300
2024-08-01,222.44310665442717,222.55216258005441,215.15623749650504,216.48472595214844,62501000
2024-08-02,217.2679231335739,223.66254232334134,215.84030263063204,217.97183227539062,105568600
2024-08-05,197.3802115476467,211.6664621054212,194.3167520967801,207.47279357910156,119548600
2024-08-06,203.53686913101606,208.18659343179937,199.34320096724198,205.45028686523438,69660500
2024-08-07,205.12313014700663,211.80525225793107,204.61751548926864,208.01806640625,63516400
2024-08-08,211.27980900719393,212.36044444161047,207.0365669160157,211.47808837890625,47161100
2024-08-09,210.2784745623819,214.91827509282652,210.1495861717322,214.38291931152344,42201600
2024-08-12,214.46230979315655,217.8767012951475,213.99580567883797,215.91143798828125,38028100
2024-08-13,217.380462936734,220.2390393048837,217.380462936734,219.6236572265625,44155300
2024-08-14,218.92885985517657,221.37054778476931,218.06532277692483,220.07029724121094,41960600
2024-08-15,222.9288713384501,223.67329096872731,221.10255033510867,223.0479736328125,46414000
2024-08-16,222.25391598005478,225.14226768918678,221.98592068094572,224.36807250976562,44340200
2024-08-19,224.04054098731652,224.30853630427512,221.38047353975193,224.2092742919922,40687800
2024-08-20,224.09017687092657,225.4797542015927,223.7725505409132,224.8246612548828,30299000
2024-08-21,224.8345868015738,226.28371522001356,223.37552309496598,224.71546936035156,34765500
2024-08-22,226.09511339685906,226.64102413052154,222.2340576918725,222.859375,43695300
2024-08-23,223.98097823318813,226.52192810531062,222.66087229355688,225.15219116210938,38677300
2024-08-26,225.07279660900764,225.58893181224732,222.22415556593285,225.4896697998047,30602200
2024-08-27,224.31844891527626,227.14724957253156,223.21670725505913,226.33334350585938,35934600
2024-08-28,226.22416240429726,228.149730282918,224.00082364270057,224.8048095703125,38052200
2024-08-29,228.3879521456165,231.18696212304621,227.1770283167567,228.0802459716797,51906300
2024-08-30,228.4772755570311,228.68570457235603,225.78743262658827,227.29612731933594,52990800
2024-09-03,226.84946493362216,227.29611365629745,219.52437135882835,221.1124725341797,50190600
2024-09-04,220.01075793789536,220.12986023982222,215.86185105944423,219.206787109375,43840200
2024-09-05,219.98098315180297,223.80232842315377,219.87180099289256,220.72540283203125,36615400
2024-09-06,222.28368749781316,223.56409767944487,218.13479623481732,219.17698669433594,48423000
2024-09-09,219.17700018247805,219.6236489368284,215.09757995493325,219.26632690429688,67180000
2024-09-10,217.29111136152258,219.83206111139577,215.1174037589381,218.47225952148438,51591000
2024-09-11,219.81222755985956,221.43008920211523,216.26878297144034,221.0032958984375,44587100
2024-09-12,220.8444772424724,221.88666769221828,218.18442519080247,221.1124725341797,37455600
2024-09-13,221.91644846858938,222.37301734416337,220.25887596851652,220.844482421875,36766600
2024-09-16,214.92882889414335,215.60377723416104,212.32832783334672,214.71047973632812,59357400
2024-09-17,214.14470101422842,215.2861383219032,212.90400170360138,215.1769561767578,45519300
2024-09-18,215.93133719300198,221.05294820219595,215.92140190435074,219.0479736328125,59894900
2024-09-19,223.31597824995185,228.11004268622213,222.95865620671253,227.16709899902344,66781300
2024-09-20,228.2589097535001,231.3556905514529,225.92638886705737,226.5020751953125,318679900
2024-09-23,225.64846451262724,227.742765583781,224.12984974700805,224.78494262695312,54146000
2024-09-24,226.94871280288095,227.64351653597865,224.05044101841318,225.67823791503906,43556100
2024-09-25,223.2563961324406,225.59883710649478,222.35317851779175,224.68568420410156,42308700
2024-09-26,225.60876888531146,226.7998372114188,223.73283210674714,225.82713317871094,36636700
2024-09-27,226.7601514881057,227.81226214161182,225.6087788258606,226.09512329101562,34026000
2024-09-30,228.3283747151782,231.266357421875,227.9412771261621,231.266357421875,54541900
2024-10-01,227.81227091446172,227.94129335648356,222.0752779583648,224.5269012451172,63285000
2024-10-02,224.20925878310885,225.67824256269316,221.360617941662,225.09263610839844,32880600
2024-10-03,223.46483520314058,225.12240767637772,221.65838486968212,223.9908905029297,34044200
2024-10-04,226.20429410810965,226.3035561118749,222.46235586119454,225.11248779296875,37245100
2024-10-07,222.8296017820206,224.01074997862722,219.68319006872073,220.04051208496094,39505400
2024-10-08,222.63108533790577,224.29857792676054,221.58889489724396,224.09014892578125,31855700
2024-10-09,223.554178398676,228.04055170887608,223.1571606453159,227.8321075439453,33591100
2024-10-10,226.0851807689644,227.7923841625437,225.47971892420364,227.33580017089844,28183500
2024-10-11,227.59388209213523,227.7030642360917,225.64845893034402,225.85690307617188,31759200
2024-10-14,226.99836439928595,230.00581860221664,226.89911753216435,229.5790252685547,39882100
2024-10-15,231.87181141001133,235.72294688412148,230.64103225198252,232.1100311279297,64751400
2024-10-16,229.87678174389526,230.3929017691756,228.12986736523644,230.05543518066406,34082200
2024-10-17,231.69314333147315,232.1100316250369,228.80480686495974,230.42266845703125,32993800
2024-10-18,234.42266235996354,234.42266235996354,232.26881036633287,233.25144958496094,46431500
2024-10-21,232.7055644739604,235.08771628667242,232.7055644739604,234.720458984375,36254500
2024-10-22,232.14974382855843,234.4624093106695,230.86934872103873,234.10508728027344,38846600
2024-10-23,232.33831918874512,233.3904297884605,226.06533615950997,229.0430145263672,52287000
2024-10-24,228.26882480795348,229.10258628095696,226.71051430099084,228.8544464111328,31109500
2024-10-25,228.03062932515897,231.484732210271,227.86189602437614,229.68820190429688,38802300
2024-10-28,231.58396917060392,232.983466430484,230.8196941830456,231.66336059570312,36087100
2024-10-29,231.36563017470797,232.5864741436605,230.59143496071306,231.93138122558594,35417200
2024-10-30,230.87925826342104,231.7328600109945,227.8420287171323,228.387939453125,47070900
2024-10-31,227.63359787833264,228.11995749798112,223.69313535160188,224.2291259765625,64370100
2024-11-01,219.32586653780092,223.67328184782377,218.6310779402587,221.25143432617188,65276700
2024-11-04,219.34570882983752,221.13230364643434,218.07523400035532,220.3581085205078,44944500
2024-11-05,220.14971259990074,222.28370958768312,219.49461965793014,221.7874298095703,28111300
2024-11-06,220.95365355112233,224.38791581537038,219.54422098922427,221.06283569335938,54561100
2024-11-07,222.95865940199351,226.18447798056903,222.89910825147632,225.78744506835938,42137700
2024-11-08,225.72779283046052,227.2083389148385,224.9726232043034,225.51913452148438,38328800
2024-11-11,223.57158868270503,224.26714170400084,220.0938084143074,222.8064727783203,42005600
2024-11-12,223.12444853772337,224.15783943194586,221.9420008205612,222.8064727783203,40398300
2024-11-13,222.5878574334345,225.21109667354565,221.3457931121334,223.69081115722656,48566200
2024-11-14,223.5914518391994,227.41700079571672,223.5715745650122,226.77113342285156,44923900
2024-11-15,224.96268496170848,225.4793879673537,222.84621765747355,223.5715789794922,47923700
2024-11-18,223.8199993254601,228.28149999782985,223.74050538640262,226.57241821289062,44633700
2024-11-19,225.53901477922054,228.6988344551977,225.22105418122663,226.8307647705078,36211800
2024-11-20,226.61216873586113,228.4702922716314,224.45594670445817,227.54620361328125,35169600
2024-11-21,227.42697481306035,228.6988476019872,224.27710117470866,227.0692596435547,42108300
2024-11-22,226.61216818417898,229.25528492407807,226.61216818417898,228.41067504882812,38168300
2024-11-25,229.99057974831032,231.7692092379923,228.28149797848934,231.39161682128906,90152800
2024-11-26,231.8487208075284,234.07450576495518,231.8487208075284,233.56773376464844,45986200
2024-11-27,232.98145117337265,234.19370712659864,232.32563759305353,233.4385223388672,33498400
2024-11-29,233.3192972938568,236.3002516789311,232.48463370489634,235.82330322265625,28481400
2024-12-02,235.76369091824088,239.26133321145704,235.654388648958,238.06895446777344,48137100
2024-12-03,238.28756099978403,241.21882985808793,237.3833345065081,241.10952758789062,38861000
2024-12-04,241.32812877991805,242.5602620666903,239.71841824290905,241.4672393798828,44383900
2024-12-05,242.4410361127995,242.98753231090083,240.59284370740727,241.49705505371094,40033900
2024-12-06,241.36788746709487,243.0769692456264,240.5431549096241,241.29832458496094,36870600
2024-12-09,240.29476865400252,245.67042745795882,240.21527470643758,245.18353271484375,44649200
2024-12-10,245.32260336553807,246.63423054379348,243.78244060146582,246.197021484375,36914800
2024-12-11,246.3858091597837,249.2077755123232,244.69658964103184,244.92514038085938,45205800
2024-12-12,245.32260415969785,247.1608653940442,244.1202792424049,246.3858184814453,32777500
2024-12-13,246.24673423955153,247.7073880681415,244.676762972136,246.5547637939453,33155300
2024-12-16,246.4156638354876,249.78414212694497,246.07781077104264,249.4462890625,51694800
2024-12-17,248.49236434269267,252.21855739876366,248.19426586582333,251.8707733154297,51356400
2024-12-18,250.55917390522964,252.6657103008961,246.1672359539693,246.4752655029297,56774100
2024-12-19,245.92875304737495,250.4001849209636,245.52135228225407,248.20420837402344,60882300
2024-12-20,246.4653249902114,253.3811464831127,244.13025293349912,252.8743896484375,147495300
2024-12-23,253.15258832932108,254.02699130961165,251.84096111600803,253.6494140625,40858800
2024-12-24,253.86804957710976,256.5707679464462,253.6693071300515,256.56085205078125,23234700
2024-12-26,256.55086249805703,258.44874034869076,255.99442012888886,257.3755798339844,27237100
2024-12-27,256.19316170058187,257.05766400729357,251.45345479939442,253.96739196777344,42355300
2024-12-30,250.6287005424076,251.8906421270002,249.15810064436016,250.59889221191406,35557500
2024-12-31,250.83739579916153,251.6720594492945,247.84649497663966,248.83021545410156,39480700
